  0
SECTION
  2
HEADER
  9
$ACADVER
  1
AC1032
  9
$ACADMAINTVER
 90
4
  9
$DWGCODEPAGE
  3
ANSI_1252
  9
$LASTSAVEDBY
  1
ezdxf
  9
$REQUIREDVERSIONS
160
0
  9
$INSBASE
 10
0.0
 20
0.0
 30
0.0
  9
$EXTMIN
 10
1e+20
 20
1e+20
 30
1e+20
  9
$EXTMAX
 10
-1e+20
 20
-1e+20
 30
-1e+20
  9
$LIMMIN
 10
0.0
 20
0.0
  9
$LIMMAX
 10
420.0
 20
297.0
  9
$ORTHOMODE
 70
0
  9
$REGENMODE
 70
1
  9
$FILLMODE
 70
1
  9
$QTEXTMODE
 70
0
  9
$MIRRTEXT
 70
1
  9
$LTSCALE
 40
1.0
  9
$ATTMODE
 70
1
  9
$TEXTSIZE
 40
2.5
  9
$TRACEWID
 40
1.0
  9
$TEXTSTYLE
  7
Standard
  9
$CLAYER
  8
0
  9
$CELTYPE
  6
ByLayer
  9
$CECOLOR
 62
256
  9
$CELTSCALE
 40
1.0
  9
$DISPSILH
 70
0
  9
$DIMSCALE
 40
1.0
  9
$DIMASZ
 40
2.5
  9
$DIMEXO
 40
0.625
  9
$DIMDLI
 40
3.75
  9
$DIMRND
 40
0.0
  9
$DIMDLE
 40
0.0
  9
$DIMEXE
 40
1.25
  9
$DIMTP
 40
0.0
  9
$DIMTM
 40
0.0
  9
$DIMTXT
 40
2.5
  9
$DIMCEN
 40
2.5
  9
$DIMTSZ
 40
0.0
  9
$DIMTOL
 70
0
  9
$DIMLIM
 70
0
  9
$DIMTIH
 70
0
  9
$DIMTOH
 70
0
  9
$DIMSE1
 70
0
  9
$DIMSE2
 70
0
  9
$DIMTAD
 70
1
  9
$DIMZIN
 70
8
  9
$DIMBLK
  1

  9
$DIMASO
 70
1
  9
$DIMSHO
 70
1
  9
$DIMPOST
  1

  9
$DIMAPOST
  1

  9
$DIMALT
 70
0
  9
$DIMALTD
 70
3
  9
$DIMALTF
 40
0.03937007874
  9
$DIMLFAC
 40
1.0
  9
$DIMTOFL
 70
1
  9
$DIMTVP
 40
0.0
  9
$DIMTIX
 70
0
  9
$DIMSOXD
 70
0
  9
$DIMSAH
 70
0
  9
$DIMBLK1
  1

  9
$DIMBLK2
  1

  9
$DIMSTYLE
  2
ISO-25
  9
$DIMCLRD
 70
0
  9
$DIMCLRE
 70
0
  9
$DIMCLRT
 70
0
  9
$DIMTFAC
 40
1.0
  9
$DIMGAP
 40
0.625
  9
$DIMJUST
 70
0
  9
$DIMSD1
 70
0
  9
$DIMSD2
 70
0
  9
$DIMTOLJ
 70
0
  9
$DIMTZIN
 70
8
  9
$DIMALTZ
 70
0
  9
$DIMALTTZ
 70
0
  9
$DIMUPT
 70
0
  9
$DIMDEC
 70
2
  9
$DIMTDEC
 70
2
  9
$DIMALTU
 70
2
  9
$DIMALTTD
 70
3
  9
$DIMTXSTY
  7
Standard
  9
$DIMAUNIT
 70
0
  9
$DIMADEC
 70
0
  9
$DIMALTRND
 40
0.0
  9
$DIMAZIN
 70
0
  9
$DIMDSEP
 70
44
  9
$DIMATFIT
 70
3
  9
$DIMFRAC
 70
0
  9
$DIMLDRBLK
  1

  9
$DIMLUNIT
 70
2
  9
$DIMLWD
 70
-2
  9
$DIMLWE
 70
-2
  9
$DIMTMOVE
 70
0
  9
$DIMFXL
 40
1.0
  9
$DIMFXLON
 70
0
  9
$DIMJOGANG
 40
0.785398163397
  9
$DIMTFILL
 70
0
  9
$DIMTFILLCLR
 70
0
  9
$DIMARCSYM
 70
0
  9
$DIMLTYPE
  6

  9
$DIMLTEX1
  6

  9
$DIMLTEX2
  6

  9
$DIMTXTDIRECTION
 70
0
  9
$LUNITS
 70
2
  9
$LUPREC
 70
4
  9
$SKETCHINC
 40
1.0
  9
$FILLETRAD
 40
10.0
  9
$AUNITS
 70
0
  9
$AUPREC
 70
2
  9
$MENU
  1
.
  9
$ELEVATION
 40
0.0
  9
$PELEVATION
 40
0.0
  9
$THICKNESS
 40
0.0
  9
$LIMCHECK
 70
0
  9
$CHAMFERA
 40
0.0
  9
$CHAMFERB
 40
0.0
  9
$CHAMFERC
 40
0.0
  9
$CHAMFERD
 40
0.0
  9
$SKPOLY
 70
0
  9
$TDCREATE
 40
2461292.367800926
  9
$TDUCREATE
 40
2458532.153996898
  9
$TDUPDATE
 40
2461292.367800926
  9
$TDUUPDATE
 40
2458532.1544311
  9
$TDINDWG
 40
0.0
  9
$TDUSRTIMER
 40
0.0
  9
$USRTIMER
 70
1
  9
$ANGBASE
 50
0.0
  9
$ANGDIR
 70
0
  9
$PDMODE
 70
0
  9
$PDSIZE
 40
0.0
  9
$PLINEWID
 40
0.0
  9
$SPLFRAME
 70
0
  9
$SPLINETYPE
 70
6
  9
$SPLINESEGS
 70
8
  9
$HANDSEED
  5
113
  9
$SURFTAB1
 70
6
  9
$SURFTAB2
 70
6
  9
$SURFTYPE
 70
6
  9
$SURFU
 70
6
  9
$SURFV
 70
6
  9
$UCSBASE
  2

  9
$UCSNAME
  2

  9
$UCSORG
 10
0.0
 20
0.0
 30
0.0
  9
$UCSXDIR
 10
1.0
 20
0.0
 30
0.0
  9
$UCSYDIR
 10
0.0
 20
1.0
 30
0.0
  9
$UCSORTHOREF
  2

  9
$UCSORTHOVIEW
 70
0
  9
$UCSORGTOP
 10
0.0
 20
0.0
 30
0.0
  9
$UCSORGBOTTOM
 10
0.0
 20
0.0
 30
0.0
  9
$UCSORGLEFT
 10
0.0
 20
0.0
 30
0.0
  9
$UCSORGRIGHT
 10
0.0
 20
0.0
 30
0.0
  9
$UCSORGFRONT
 10
0.0
 20
0.0
 30
0.0
  9
$UCSORGBACK
 10
0.0
 20
0.0
 30
0.0
  9
$PUCSBASE
  2

  9
$PUCSNAME
  2

  9
$PUCSORG
 10
0.0
 20
0.0
 30
0.0
  9
$PUCSXDIR
 10
1.0
 20
0.0
 30
0.0
  9
$PUCSYDIR
 10
0.0
 20
1.0
 30
0.0
  9
$PUCSORTHOREF
  2

  9
$PUCSORTHOVIEW
 70
0
  9
$PUCSORGTOP
 10
0.0
 20
0.0
 30
0.0
  9
$PUCSORGBOTTOM
 10
0.0
 20
0.0
 30
0.0
  9
$PUCSORGLEFT
 10
0.0
 20
0.0
 30
0.0
  9
$PUCSORGRIGHT
 10
0.0
 20
0.0
 30
0.0
  9
$PUCSORGFRONT
 10
0.0
 20
0.0
 30
0.0
  9
$PUCSORGBACK
 10
0.0
 20
0.0
 30
0.0
  9
$USERI1
 70
0
  9
$USERI2
 70
0
  9
$USERI3
 70
0
  9
$USERI4
 70
0
  9
$USERI5
 70
0
  9
$USERR1
 40
0.0
  9
$USERR2
 40
0.0
  9
$USERR3
 40
0.0
  9
$USERR4
 40
0.0
  9
$USERR5
 40
0.0
  9
$WORLDVIEW
 70
1
  9
$SHADEDGE
 70
3
  9
$SHADEDIF
 70
70
  9
$TILEMODE
 70
1
  9
$MAXACTVP
 70
64
  9
$PINSBASE
 10
0.0
 20
0.0
 30
0.0
  9
$PLIMCHECK
 70
0
  9
$PEXTMIN
 10
1e+20
 20
1e+20
 30
1e+20
  9
$PEXTMAX
 10
-1e+20
 20
-1e+20
 30
-1e+20
  9
$PLIMMIN
 10
0.0
 20
0.0
  9
$PLIMMAX
 10
420.0
 20
297.0
  9
$UNITMODE
 70
0
  9
$VISRETAIN
 70
1
  9
$PLINEGEN
 70
0
  9
$PSLTSCALE
 70
1
  9
$TREEDEPTH
 70
3020
  9
$CMLSTYLE
  2
Standard
  9
$CMLJUST
 70
0
  9
$CMLSCALE
 40
20.0
  9
$PROXYGRAPHICS
 70
1
  9
$MEASUREMENT
 70
1
  9
$CELWEIGHT
370
-1
  9
$ENDCAPS
280
0
  9
$JOINSTYLE
280
0
  9
$LWDISPLAY
290
0
  9
$INSUNITS
 70
6
  9
$HYPERLINKBASE
  1

  9
$STYLESHEET
  1

  9
$XEDIT
290
1
  9
$CEPSNTYPE
380
0
  9
$PSTYLEMODE
290
1
  9
$FINGERPRINTGUID
  2
{71E2B465-CEA0-407C-ACE1-792D4B13B1FB}
  9
$VERSIONGUID
  2
{C6C426CC-2205-436E-B608-39A03374C283}
  9
$EXTNAMES
290
1
  9
$PSVPSCALE
 40
0.0
  9
$OLESTARTUP
290
0
  9
$SORTENTS
280
127
  9
$INDEXCTL
280
0
  9
$HIDETEXT
280
1
  9
$XCLIPFRAME
280
1
  9
$HALOGAP
280
0
  9
$OBSCOLOR
 70
257
  9
$OBSLTYPE
280
0
  9
$INTERSECTIONDISPLAY
280
0
  9
$INTERSECTIONCOLOR
 70
257
  9
$DIMASSOC
280
2
  9
$PROJECTNAME
  1

  9
$CAMERADISPLAY
290
0
  9
$LENSLENGTH
 40
50.0
  9
$CAMERAHEIGHT
 40
0.0
  9
$STEPSPERSEC
 40
24.0
  9
$STEPSIZE
 40
100.0
  9
$3DDWFPREC
 40
2.0
  9
$PSOLWIDTH
 40
0.005
  9
$PSOLHEIGHT
 40
0.08
  9
$LOFTANG1
 40
1.570796326795
  9
$LOFTANG2
 40
1.570796326795
  9
$LOFTMAG1
 40
0.0
  9
$LOFTMAG2
 40
0.0
  9
$LOFTPARAM
 70
7
  9
$LOFTNORMALS
280
1
  9
$LATITUDE
 40
37.795
  9
$LONGITUDE
 40
-122.394
  9
$NORTHDIRECTION
 40
0.0
  9
$TIMEZONE
 70
-8000
  9
$LIGHTGLYPHDISPLAY
280
1
  9
$TILEMODELIGHTSYNCH
280
1
  9
$CMATERIAL
347
20
  9
$SOLIDHIST
280
0
  9
$SHOWHIST
280
1
  9
$DWFFRAME
280
2
  9
$DGNFRAME
280
2
  9
$REALWORLDSCALE
290
1
  9
$INTERFERECOLOR
 62
256
  9
$CSHADOW
280
0
  9
$SHADOWPLANELOCATION
 40
0.0
  0
ENDSEC
  0
SECTION
  2
CLASSES
  0
CLASS
  1
ACDBDICTIONARYWDFLT
  2
AcDbDictionaryWithDefault
  3
ObjectDBX Classes
 90
0
 91
0
280
0
281
0
  0
CLASS
  1
SUN
  2
AcDbSun
  3
SCENEOE
 90
1153
 91
0
280
0
281
0
  0
CLASS
  1
VISUALSTYLE
  2
AcDbVisualStyle
  3
ObjectDBX Classes
 90
4095
 91
0
280
0
281
0
  0
CLASS
  1
MATERIAL
  2
AcDbMaterial
  3
ObjectDBX Classes
 90
1153
 91
0
280
0
281
0
  0
CLASS
  1
SCALE
  2
AcDbScale
  3
ObjectDBX Classes
 90
1153
 91
0
280
0
281
0
  0
CLASS
  1
TABLESTYLE
  2
AcDbTableStyle
  3
ObjectDBX Classes
 90
4095
 91
0
280
0
281
0
  0
CLASS
  1
MLEADERSTYLE
  2
AcDbMLeaderStyle
  3
ACDB_MLEADERSTYLE_CLASS
 90
4095
 91
0
280
0
281
0
  0
CLASS
  1
DICTIONARYVAR
  2
AcDbDictionaryVar
  3
ObjectDBX Classes
 90
0
 91
0
280
0
281
0
  0
CLASS
  1
CELLSTYLEMAP
  2
AcDbCellStyleMap
  3
ObjectDBX Classes
 90
1152
 91
0
280
0
281
0
  0
CLASS
  1
MENTALRAYRENDERSETTINGS
  2
AcDbMentalRayRenderSettings
  3
SCENEOE
 90
1024
 91
0
280
0
281
0
  0
CLASS
  1
ACDBDETAILVIEWSTYLE
  2
AcDbDetailViewStyle
  3
ObjectDBX Classes
 90
1025
 91
0
280
0
281
0
  0
CLASS
  1
ACDBSECTIONVIEWSTYLE
  2
AcDbSectionViewStyle
  3
ObjectDBX Classes
 90
1025
 91
0
280
0
281
0
  0
CLASS
  1
RASTERVARIABLES
  2
AcDbRasterVariables
  3
ISM
 90
0
 91
0
280
0
281
0
  0
CLASS
  1
ACDBPLACEHOLDER
  2
AcDbPlaceHolder
  3
ObjectDBX Classes
 90
0
 91
0
280
0
281
0
  0
CLASS
  1
LAYOUT
  2
AcDbLayout
  3
ObjectDBX Classes
 90
0
 91
0
280
0
281
0
  0
ENDSEC
  0
SECTION
  2
TABLES
  0
TABLE
  2
VPORT
  5
8
330
0
100
AcDbSymbolTable
 70
1
  0
VPORT
  5
23
330
8
100
AcDbSymbolTableRecord
100
AcDbViewportTableRecord
  2
*Active
 70
0
 10
0.0
 20
0.0
 11
1.0
 21
1.0
 12
0.0
 22
0.0
 13
0.0
 23
0.0
 14
0.5
 24
0.5
 15
0.5
 25
0.5
 16
0.0
 26
0.0
 36
1.0
 17
0.0
 27
0.0
 37
0.0
 40
1000.0
 41
1.34
 42
50.0
 43
0.0
 44
0.0
 50
0.0
 51
0.0
 71
0
 72
1000
 73
1
 74
3
 75
0
 76
0
 77
0
 78
0
281
0
 65
0
146
0.0
  0
ENDTAB
  0
TABLE
  2
LTYPE
  5
2
330
0
100
AcDbSymbolTable
 70
3
  0
LTYPE
  5
24
330
2
100
AcDbSymbolTableRecord
100
AcDbLinetypeTableRecord
  2
ByBlock
 70
0
  3

 72
65
 73
0
 40
0.0
  0
LTYPE
  5
25
330
2
100
AcDbSymbolTableRecord
100
AcDbLinetypeTableRecord
  2
ByLayer
 70
0
  3

 72
65
 73
0
 40
0.0
  0
LTYPE
  5
26
330
2
100
AcDbSymbolTableRecord
100
AcDbLinetypeTableRecord
  2
Continuous
 70
0
  3

 72
65
 73
0
 40
0.0
  0
ENDTAB
  0
TABLE
  2
LAYER
  5
1
330
0
100
AcDbSymbolTable
 70
4
  0
LAYER
  5
27
330
1
100
AcDbSymbolTableRecord
100
AcDbLayerTableRecord
  2
0
 70
0
 62
7
  6
Continuous
370
-3
390
13
347
21
  0
LAYER
  5
28
330
1
100
AcDbSymbolTableRecord
100
AcDbLayerTableRecord
  2
Defpoints
 70
0
 62
7
  6
Continuous
290
0
370
-3
390
13
347
21
  0
LAYER
  5
2F
330
1
100
AcDbSymbolTableRecord
100
AcDbLayerTableRecord
  2
CONDUCTIVE_METASURFACE
 70
0
 62
1
  6
Continuous
370
-3
390
13
347
21
  0
LAYER
  5
30
330
1
100
AcDbSymbolTableRecord
100
AcDbLayerTableRecord
  2
APERTURE_BOUNDING_BOX
 70
0
 62
7
  6
Continuous
370
-3
390
13
347
21
  0
ENDTAB
  0
TABLE
  2
STYLE
  5
5
330
0
100
AcDbSymbolTable
 70
1
  0
STYLE
  5
29
330
5
100
AcDbSymbolTableRecord
100
AcDbTextStyleTableRecord
  2
Standard
 70
0
 40
0.0
 41
1.0
 50
0.0
 71
0
 42
2.5
  3
txt
  4

  0
ENDTAB
  0
TABLE
  2
VIEW
  5
7
330
0
100
AcDbSymbolTable
 70
0
  0
ENDTAB
  0
TABLE
  2
UCS
  5
6
330
0
100
AcDbSymbolTable
 70
0
  0
ENDTAB
  0
TABLE
  2
APPID
  5
3
330
0
100
AcDbSymbolTable
 70
3
  0
APPID
  5
2A
330
3
100
AcDbSymbolTableRecord
100
AcDbRegAppTableRecord
  2
ACAD
 70
0
  0
APPID
  5
110
330
3
100
AcDbSymbolTableRecord
100
AcDbRegAppTableRecord
  2
HATCHBACKGROUNDCOLOR
 70
0
  0
APPID
  5
111
330
3
100
AcDbSymbolTableRecord
100
AcDbRegAppTableRecord
  2
EZDXF
 70
0
  0
ENDTAB
  0
TABLE
  2
DIMSTYLE
  5
4
330
0
100
AcDbSymbolTable
 70
1
100
AcDbDimStyleTable
  0
DIMSTYLE
105
2B
330
4
100
AcDbSymbolTableRecord
100
AcDbDimStyleTableRecord
  2
Standard
 70
0
 40
1.0
 41
2.5
 42
0.625
 43
3.75
 44
1.25
 45
0.0
 46
0.0
 47
0.0
 48
0.0
 49
2.5
140
2.5
141
2.5
142
0.0
143
0.03937007874
144
1.0
145
0.0
146
1.0
147
0.625
148
0.0
 69
0
 70
0
 71
0
 72
0
 73
0
 74
0
 75
0
 76
0
 77
1
 78
8
 79
3
170
0
171
3
172
1
173
0
174
0
175
0
176
0
177
0
178
0
179
2
271
2
272
2
273
2
274
3
275
0
276
0
277
2
278
44
279
0
280
0
281
0
282
0
283
0
284
8
285
0
286
0
288
0
289
3
290
0
371
-2
372
-2
  0
ENDTAB
  0
TABLE
  2
BLOCK_RECORD
  5
9
330
0
100
AcDbSymbolTable
 70
2
  0
BLOCK_RECORD
  5
17
330
9
100
AcDbSymbolTableRecord
100
AcDbBlockTableRecord
  2
*Model_Space
340
1A
 70
0
280
1
281
0
  0
BLOCK_RECORD
  5
1B
330
9
100
AcDbSymbolTableRecord
100
AcDbBlockTableRecord
  2
*Paper_Space
340
1E
 70
0
280
1
281
0
  0
ENDTAB
  0
ENDSEC
  0
SECTION
  2
BLOCKS
  0
BLOCK
  5
18
330
17
100
AcDbEntity
  8
0
100
AcDbBlockBegin
  2
*Model_Space
 70
0
 10
0.0
 20
0.0
 30
0.0
  3
*Model_Space
  1

  0
ENDBLK
  5
19
330
17
100
AcDbEntity
  8
0
100
AcDbBlockEnd
  0
BLOCK
  5
1C
330
1B
100
AcDbEntity
  8
0
100
AcDbBlockBegin
  2
*Paper_Space
 70
0
 10
0.0
 20
0.0
 30
0.0
  3
*Paper_Space
  1

  0
ENDBLK
  5
1D
330
1B
100
AcDbEntity
  8
0
100
AcDbBlockEnd
  0
ENDSEC
  0
SECTION
  2
ENTITIES
  0
LWPOLYLINE
  5
31
330
17
100
AcDbEntity
  8
APERTURE_BOUNDING_BOX
100
AcDbPolyline
 90
5
 70
0
 10
0.0
 20
0.0
 10
15.8
 20
0.0
 10
15.8
 20
7.9
 10
0.0
 20
7.9
 10
0.0
 20
0.0
  0
LWPOLYLINE
  5
32
330
17
100
AcDbEntity
  8
CONDUCTIVE_METASURFACE
100
AcDbPolyline
 90
5
 70
1
 10
1.1606283112821494
 20
7.869019607843137
 10
1.1550913838120105
 20
7.876762347555069
 10
1.123980364538906
 20
7.869019607843137
 10
1.1550913838120105
 20
7.86313201368525
 10
1.1606283112821494
 20
7.869019607843137
  0
LWPOLYLINE
  5
33
330
17
100
AcDbEntity
  8
CONDUCTIVE_METASURFACE
100
AcDbPolyline
 90
5
 70
1
 10
4.114789156312303
 20
7.869019607843137
 10
4.084073107049608
 20
7.876600159603279
 10
4.078663923412209
 20
7.869019607843137
 10
4.084073107049608
 20
7.863287073323446
 10
4.114789156312303
 20
7.869019607843137
  0
LWPOLYLINE
  5
34
330
17
100
AcDbEntity
  8
CONDUCTIVE_METASURFACE
100
AcDbPolyline
 90
5
 70
1
 10
6.44104606585134
 20
7.869019607843137
 10
6.435509138381201
 20
7.876762347555069
 10
6.404398119108097
 20
7.869019607843137
 10
6.435509138381201
 20
7.86313201368525
 10
6.44104606585134
 20
7.869019607843137
  0
LWPOLYLINE
  5
35
330
17
100
AcDbEntity
  8
CONDUCTIVE_METASURFACE
100
AcDbPolyline
 90
5
 70
1
 10
9.395206910881495
 20
7.869019607843137
 10
9.3644908616188
 20
7.876600159603279
 10
9.3590816779814
 20
7.869019607843137
 10
9.3644908616188
 20
7.863287073323446
 10
9.395206910881495
 20
7.869019607843137
  0
LWPOLYLINE
  5
36
330
17
100
AcDbEntity
  8
CONDUCTIVE_METASURFACE
100
AcDbPolyline
 90
5
 70
1
 10
11.72146382042053
 20
7.869019607843137
 10
11.715926892950392
 20
7.876762347555069
 10
11.68481587367729
 20
7.869019607843137
 10
11.715926892950392
 20
7.86313201368525
 10
11.72146382042053
 20
7.869019607843137
  0
LWPOLYLINE
  5
37
330
17
100
AcDbEntity
  8
CONDUCTIVE_METASURFACE
100
AcDbPolyline
 90
5
 70
1
 10
14.675624665450684
 20
7.869019607843137
 10
14.64490861618799
 20
7.876600159603279
 10
14.639499432550592
 20
7.869019607843137
 10
14.64490861618799
 20
7.863287073323446
 10
14.675624665450684
 20
7.869019607843137
  0
LWPOLYLINE
  5
38
330
17
100
AcDbEntity
  8
CONDUCTIVE_METASURFACE
100
AcDbPolyline
 90
13
 70
1
 10
0.556206352987157
 20
7.466274509803922
 10
0.5775456919060052
 20
7.482272632084468
 10
0.5847733823543408
 20
7.497254901960784
 10
0.5775456919060052
 20
7.514221121120929
 10
0.5439169642749383
 20
7.528235294117647
 10
0.5362924281984335
 20
7.529619346373865
 10
0.5250015108381634
 20
7.528235294117647
 10
0.4950391644908616
 20
7.505666286825774
 10
0.49321735305292097
 20
7.497254901960784
 10
0.4950391644908616
 20
7.491681284386162
 10
0.5139606541177006
 20
7.466274509803922
 10
0.5362924281984335
 20
7.460882417593848
 10
0.556206352987157
 20
7.466274509803922
  0
LWPOLYLINE
  5
39
330
17
100
AcDbEntity
  8
CONDUCTIVE_METASURFACE
100
AcDbPolyline
 90
217
 70
1
 10
0.572557016411006
 20
6.289019607843138
 10
0.5775456919060052
 20
6.294493121830301
 10
0.606989552421743
 20
6.32
 10
0.6012050190351897
 20
6.350980392156863
 10
0.6092710571831993
 20
6.381960784313726
 10
0.6187989556135771
 20
6.396393191591007
 10
0.6600522193211489
 20
6.407756902281751
 10
0.6795101660265641
 20
6.412941176470588
 10
0.7013054830287206
 20
6.421039263119922
 10
0.7425587467362924
 20
6.425718626279393
 10
0.7838120104438643
 20
6.4252196595455775
 10
0.8233419049066955
 20
6.412941176470588
 10
0.825065274151436
 20
6.412519656776929
 10
0.8663185378590079
 20
6.406606680256327
 10
0.8891828854704835
 20
6.412941176470588
 10
0.9075718015665797
 20
6.42937601217815
 10
0.9196790262180572
 20
6.443921568627451
 10
0.9318361195945829
 20
6.4749019607843135
 10
0.9488250652741516
 20
6.48751210093164
 10
0.9798698801681183
 20
6.4749019607843135
 10
0.9900783289817232
 20
6.470194295435398
 10
0.9984939514148468
 20
6.4749019607843135
 10
1.0313315926892952
 20
6.496221181446192
 10
1.0427164856721847
 20
6.5058823529411764
 10
1.0313315926892952
 20
6.527748047645721
 10
1.027292007250469
 20
6.536862745098039
 10
1.0221156532687194
 20
6.5678431372549015
 10
1.0014413287090835
 20
6.598823529411765
 10
0.9900783289817232
 20
6.622785021867271
 10
0.9875754396229619
 20
6.6298039215686275
 10
0.9805538949612956
 20
6.6607843137254905
 10
0.9900783289817232
 20
6.673503904816905
 10
1.0313315926892952
 20
6.683120293878293
 10
1.072584856396867
 20
6.669324550501666
 10
1.0758626901013395
 20
6.6607843137254905
 10
1.0897297394380334
 20
6.6298039215686275
 10
1.1138381201044387
 20
6.610991308391085
 10
1.1550913838120105
 20
6.616305309671803
 10
1.1963446475195822
 20
6.617462197691156
 10
1.2375979112271542
 20
6.61839918106298
 10
1.2561136492894336
 20
6.6298039215686275
 10
1.272355063705672
 20
6.6607843137254905
 10
1.278851174934726
 20
6.671381280981054
 10
1.3098810451076945
 20
6.6917647058823535
 10
1.3201044386422978
 20
6.721611088177373
 10
1.3204090108045987
 20
6.722745098039216
 10
1.3324782061328309
 20
6.753725490196079
 10
1.3613577023498695
 20
6.783673770454316
 10
1.3665731264730225
 20
6.784705882352942
 10
1.4026109660574413
 20
6.794878406761257
 10
1.4168027070326887
 20
6.815686274509805
 10
1.443864229765013
 20
6.836136213869021
 10
1.4710712786770535
 20
6.846666666666668
 10
1.4851174934725848
 20
6.876269496795389
 10
1.4855727960926468
 20
6.87764705882353
 10
1.5263707571801566
 20
6.8996889733973354
 10
1.567324427322574
 20
6.908627450980393
 10
1.5676240208877286
 20
6.9088772573762
 10
1.6088772845953003
 20
6.916632793729097
 10
1.6358081126193988
 20
6.939607843137255
 10
1.650130548302872
 20
6.944543231550355
 10
1.6913838120104439
 20
6.956636485301936
 10
1.706613563224235
 20
6.970588235294118
 10
1.7078205925454306
 20
7.001568627450981
 10
1.7096237648362222
 20
7.032549019607843
 10
1.716967772080423
 20
7.063529411764707
 10
1.6913838120104439
 20
7.081832882013383
 10
1.650130548302872
 20
7.092375747271064
 10
1.6403372477390517
 20
7.094509803921569
 10
1.6206828069064867
 20
7.125490196078432
 10
1.6333560295965444
 20
7.156470588235295
 10
1.650130548302872
 20
7.163583612844191
 10
1.6913838120104439
 20
7.158276081935027
 10
1.7003780612434574
 20
7.156470588235295
 10
1.7326370757180158
 20
7.1478611717095575
 10
1.7738903394255876
 20
7.132330793906532
 10
1.8151436031331594
 20
7.128516313902222
 10
1.8272450871224624
 20
7.125490196078432
 10
1.8563968668407311
 20
7.116923147403005
 10
1.8692762923062909
 20
7.125490196078432
 10
1.8976501305483031
 20
7.150060834231013
 10
1.9040519300964167
 20
7.156470588235295
 10
1.8976501305483031
 20
7.164312273295447
 10
1.881037634314322
 20
7.187450980392157
 10
1.8976501305483031
 20
7.200066853390968
 10
1.9389033942558749
 20
7.209213259779174
 10
1.958598217249838
 20
7.21843137254902
 10
1.9801566579634464
 20
7.231923428643928
 10
1.9887924849998877
 20
7.249411764705882
 10
1.9811668658117627
 20
7.280392156862746
 10
1.9801566579634464
 20
7.2827320303671765
 10
1.9643231662761498
 20
7.311372549019609
 10
1.9636514358849806
 20
7.342352941176471
 10
1.9700849088328511
 20
7.373333333333334
 10
1.9801566579634464
 20
7.38871382024641
 10
1.9874531933802881
 20
7.404313725490196
 10
2.002951338395015
 20
7.435294117647059
 10
2.0214099216710184
 20
7.442128535116451
 10
2.0626631853785904
 20
7.448076123935293
 10
2.103916449086162
 20
7.443394948942301
 10
2.13856065524513
 20
7.466274509803922
 10
2.145169712793734
 20
7.4697133026909555
 10
2.1642860684340506
 20
7.497254901960784
 10
2.158533690662349
 20
7.528235294117647
 10
2.145169712793734
 20
7.540949699808227
 10
2.103916449086162
 20
7.545481294719228
 10
2.0626631853785904
 20
7.541685651971356
 10
2.0214099216710184
 20
7.532761020265152
 10
2.017038062792423
 20
7.528235294117647
 10
1.9801566579634464
 20
7.500944139478547
 10
1.9389033942558749
 20
7.499901428802749
 10
1.9345678466040148
 20
7.497254901960784
 10
1.9389033942558749
 20
7.480389081383994
 10
1.9435909787731938
 20
7.466274509803922
 10
1.9389033942558749
 20
7.460983235438873
 10
1.8976501305483031
 20
7.448310987217292
 10
1.8563968668407311
 20
7.453062027101791
 10
1.8168092556934823
 20
7.466274509803922
 10
1.8151436031331594
 20
7.4677716694844
 10
1.7738903394255876
 20
7.476055958062044
 10
1.7439457994318779
 20
7.466274509803922
 10
1.7326370757180158
 20
7.460974457311514
 10
1.6913838120104439
 20
7.440717540956957
 10
1.6827166682598027
 20
7.435294117647059
 10
1.6715985731034415
 20
7.404313725490196
 10
1.650130548302872
 20
7.374695119668868
 10
1.6495142680030666
 20
7.373333333333334
 10
1.6460975583787867
 20
7.342352941176471
 10
1.650130548302872
 20
7.328145919067652
 10
1.6537563258251027
 20
7.311372549019609
 10
1.650130548302872
 20
7.306182747660111
 10
1.630028283798187
 20
7.280392156862746
 10
1.6088772845953003
 20
7.264061325927018
 10
1.5676240208877286
 20
7.261830050186321
 10
1.5263707571801566
 20
7.275534187183979
 10
1.4851174934725848
 20
7.27742978096544
 10
1.443864229765013
 20
7.2698931662325785
 10
1.4026109660574413
 20
7.255782947055698
 10
1.3968142640708452
 20
7.249411764705882
 10
1.3757464731457938
 20
7.21843137254902
 10
1.4026109660574413
 20
7.187616056892088
 10
1.402781101110412
 20
7.187450980392157
 10
1.443864229765013
 20
7.1645279771585235
 10
1.4851174934725848
 20
7.172642812986003
 10
1.5263707571801566
 20
7.1793427414304505
 10
1.5467589488931137
 20
7.156470588235295
 10
1.5263707571801566
 20
7.128832380738922
 10
1.4851174934725848
 20
7.1293865766633155
 10
1.4811535987486595
 20
7.125490196078432
 10
1.459669423786207
 20
7.094509803921569
 10
1.452930890393446
 20
7.063529411764707
 10
1.443864229765013
 20
7.055133776968423
 10
1.4026109660574413
 20
7.035116256964881
 10
1.4002561620598546
 20
7.032549019607843
 10
1.3613577023498695
 20
7.016064511719969
 10
1.3201044386422978
 20
7.010102479780231
 10
1.278851174934726
 20
7.00690501029069
 10
1.2375979112271542
 20
7.002861667093574
 10
1.2280069533649653
 20
7.001568627450981
 10
1.1963446475195822
 20
6.976758393914306
 10
1.1949251848688058
 20
6.970588235294118
 10
1.1897350144077579
 20
6.939607843137255
 10
1.1852094577681784
 20
6.908627450980393
 10
1.1770911596375428
 20
6.87764705882353
 10
1.1550913838120105
 20
6.848587773960331
 10
1.151342248766623
 20
6.846666666666668
 10
1.1248171233288187
 20
6.815686274509805
 10
1.1138381201044387
 20
6.80889941217243
 10
1.072584856396867
 20
6.803694978897218
 10
1.0313315926892952
 20
6.787524344221039
 10
1.026339057066873
 20
6.784705882352942
 10
1.027086445104513
 20
6.753725490196079
 10
0.9900783289817232
 20
6.738502837993754
 10
0.9603511935161094
 20
6.753725490196079
 10
0.9689080594619314
 20
6.784705882352942
 10
0.9794754251804135
 20
6.815686274509805
 10
0.9489650448335728
 20
6.846666666666668
 10
0.9488250652741516
 20
6.846776883917961
 10
0.9075718015665797
 20
6.867124145967953
 10
0.8663185378590079
 20
6.85116948043251
 10
0.8575779437583416
 20
6.846666666666668
 10
0.8389041668750898
 20
6.815686274509805
 10
0.82849187995022
 20
6.784705882352942
 10
0.830192232988014
 20
6.753725490196079
 10
0.8491111428415397
 20
6.722745098039216
 10
0.8463642947312687
 20
6.6917647058823535
 10
0.825065274151436
 20
6.676115792223905
 10
0.7905874986311788
 20
6.6607843137254905
 10
0.7838120104438643
 20
6.658108400691556
 10
0.7622648199126201
 20
6.6607843137254905
 10
0.7425587467362924
 20
6.664011137478853
 10
0.7013054830287206
 20
6.661514274392379
 10
0.6984293204461933
 20
6.6607843137254905
 10
0.6600522193211489
 20
6.6451526264811305
 10
0.6187989556135771
 20
6.636743597260152
 10
0.6111199753125176
 20
6.6298039215686275
 10
0.5843499192567749
 20
6.598823529411765
 10
0.5775456919060052
 20
6.590608553565056
 10
0.5642562162687353
 20
6.5678431372549015
 10
0.5752879380144954
 20
6.536862745098039
 10
0.5775456919060052
 20
6.535456613390024
 10
0.595085444840739
 20
6.5058823529411764
 10
0.6014598510605781
 20
6.4749019607843135
 10
0.5847165634223654
 20
6.443921568627451
 10
0.5775456919060052
 20
6.4403406099471345
 10
0.5587990400661873
 20
6.443921568627451
 10
0.5362924281984335
 20
6.447247546292752
 10
0.5327099361198983
 20
6.443921568627451
 10
0.5314577828464659
 20
6.412941176470588
 10
0.4950391644908616
 20
6.385113298044556
 10
0.48929338269653927
 20
6.381960784313726
 10
0.47752054155216056
 20
6.350980392156863
 10
0.4726199022765717
 20
6.32
 10
0.4783112445866335
 20
6.289019607843138
 10
0.4950391644908616
 20
6.278999185392104
 10
0.5362924281984335
 20
6.274644547559216
 10
0.572557016411006
 20
6.289019607843138
  0
LWPOLYLINE
  5
3A
330
17
100
AcDbEntity
  8
CONDUCTIVE_METASURFACE
100
AcDbPolyline
 90
217
 70
1
 10
4.761055672138298
 20
6.289019607843138
 10
4.767089900401585
 20
6.32
 10
4.762035661241146
 20
6.350980392156863
 10
4.750151675780682
 20
6.381960784313726
 10
4.7441253263707575
 20
6.385243926658259
 10
4.707784629233507
 20
6.412941176470588
 10
4.706396195772603
 20
6.443921568627451
 10
4.702872062663185
 20
6.447177519645936
 10
4.680413233194677
 20
6.443921568627451
 10
4.6616187989556135
 20
6.440401379142706
 10
4.654573173057287
 20
6.443921568627451
 10
4.637698762479928
 20
6.4749019607843135
 10
4.64402521464037
 20
6.5058823529411764
 10
4.6616187989556135
 20
6.535611753564141
 10
4.663612594542817
 20
6.536862745098039
 10
4.674643803012486
 20
6.5678431372549015
 10
4.6616187989556135
 20
6.590331073590267
 10
4.654561415959542
 20
6.598823529411765
 10
4.627587408076239
 20
6.6298039215686275
 10
4.620365535248042
 20
6.6363128383648275
 10
4.57911227154047
 20
6.644662304344103
 10
4.539672485349723
 20
6.6607843137254905
 10
4.537859007832898
 20
6.6612471616498725
 10
4.496605744125326
 20
6.663813077012587
 10
4.477687419209975
 20
6.6607843137254905
 10
4.455352480417755
 20
6.658061462323437
 10
4.44844186371163
 20
6.6607843137254905
 10
4.414099216710183
 20
6.675880745336176
 10
4.392353221145545
 20
6.6917647058823535
 10
4.389382080776422
 20
6.722745098039216
 10
4.40763048226389
 20
6.753725490196079
 10
4.410154529970853
 20
6.784705882352942
 10
4.40011880742583
 20
6.815686274509805
 10
4.38132970212524
 20
6.846666666666668
 10
4.372845953002611
 20
6.8510198314147965
 10
4.331592689295039
 20
6.866841334146554
 10
4.290559360942519
 20
6.846666666666668
 10
4.290339425587468
 20
6.846538828469545
 10
4.259815337991891
 20
6.815686274509805
 10
4.270620985377828
 20
6.784705882352942
 10
4.279542537382454
 20
6.753725490196079
 10
4.249086161879896
 20
6.738414370087955
 10
4.21228330958533
 20
6.753725490196079
 10
4.2130212394013435
 20
6.784705882352942
 10
4.207832898172324
 20
6.787682656317768
 10
4.166579634464752
 20
6.803816895184556
 10
4.125326370757181
 20
6.80887737676625
 10
4.114146754983797
 20
6.815686274509805
 10
4.087491578803199
 20
6.846666666666668
 10
4.084073107049608
 20
6.848435060996576
 10
4.062122466436913
 20
6.87764705882353
 10
4.05418352441345
 20
6.908627450980393
 10
4.049925763139359
 20
6.939607843137255
 10
4.044541673464563
 20
6.970588235294118
 10
4.042819843342037
 20
6.977791009505663
 10
4.009782834974447
 20
7.001568627450981
 10
4.001566579634464
 20
7.002634624639211
 10
3.960313315926893
 20
7.006532365910024
 10
3.9190600522193213
 20
7.009930981394087
 10
3.8778067885117498
 20
7.016027676762771
 10
3.8391118064558376
 20
7.032549019607843
 10
3.8365535248041778
 20
7.035364708934683
 10
3.7953002610966062
 20
7.055284491573352
 10
3.786263019058785
 20
7.063529411764707
 10
3.7793327823028138
 20
7.094509803921569
 10
3.7578001169068878
 20
7.125490196078432
 10
3.754046997389034
 20
7.129239559265086
 10
3.7127937336814623
 20
7.12867832314579
 10
3.6925234049615536
 20
7.156470588235295
 10
3.7127937336814623
 20
7.1787950728428935
 10
3.754046997389034
 20
7.172369022907097
 10
3.7953002610966062
 20
7.1644331317857315
 10
3.8365535248041778
 20
7.187345813282454
 10
3.8367003521545087
 20
7.187450980392157
 10
3.863794599505603
 20
7.21843137254902
 10
3.8425494746905695
 20
7.249411764705882
 10
3.8365535248041778
 20
7.255975822866283
 10
3.7953002610966062
 20
7.269999424966174
 10
3.754046997389034
 20
7.277818843096207
 10
3.7127937336814623
 20
7.276541937780113
 10
3.6715404699738903
 20
7.262334182507374
 10
3.6302872062663187
 20
7.264397028734823
 10
3.609449266512061
 20
7.280392156862746
 10
3.5890339425587467
 20
7.306284306584506
 10
3.5854707207708882
 20
7.311372549019609
 10
3.5890339425587467
 20
7.327554059447633
 10
3.5933307583858376
 20
7.342352941176471
 10
3.5900059850392427
 20
7.373333333333334
 10
3.5890339425587467
 20
7.375493345412696
 10
3.568218961081349
 20
7.404313725490196
 10
3.557021560527479
 20
7.435294117647059
 10
3.547780678851175
 20
7.441060913200468
 10
3.506527415143603
 20
7.461164675316009
 10
3.4955884368916283
 20
7.466274509803922
 10
3.4652741514360317
 20
7.4762546934624705
 10
3.4240208877284597
 20
7.467970077271832
 10
3.4221484519478085
 20
7.466274509803922
 10
3.3827676240208877
 20
7.4531025245057405
 10
3.341514360313316
 20
7.448315505011941
 10
3.300261096605744
 20
7.460889413512372
 10
3.2954927772033495
 20
7.466274509803922
 10
3.300261096605744
 20
7.480352557115713
 10
3.3046900672367094
 20
7.497254901960784
 10
3.300261096605744
 20
7.499945357637416
 10
3.2590078328981726
 20
7.500885668128118
 10
3.221952530770336
 20
7.528235294117647
 10
3.2177545691906007
 20
7.532550361987441
 10
3.176501305483029
 20
7.5413914836593365
 10
3.135248041775457
 20
7.545071785984651
 10
3.0939947780678856
 20
7.540797671177216
 10
3.0806516182552777
 20
7.528235294117647
 10
3.0748530388026256
 20
7.497254901960784
 10
3.0939947780678856
 20
7.470020907416382
 10
3.1012832744096346
 20
7.466274509803922
 10
3.135248041775457
 20
7.44416272474453
 10
3.176501305483029
 20
7.448506844127822
 10
3.2177545691906007
 20
7.4424493870910435
 10
3.236972667185258
 20
7.435294117647059
 10
3.25210452860122
 20
7.404313725490196
 10
3.2590078328981726
 20
7.389701281719253
 10
3.269791223369961
 20
7.373333333333334
 10
3.2760222345909478
 20
7.342352941176471
 10
3.2753578031726107
 20
7.311372549019609
 10
3.2590078328981726
 20
7.281686278573962
 10
3.2584465806136795
 20
7.280392156862746
 10
3.25057288471021
 20
7.249411764705882
 10
3.2590078328981726
 20
7.232241137844239
 10
3.2808924135362103
 20
7.21843137254902
 10
3.300261096605744
 20
7.209339111964779
 10
3.341514360313316
 20
7.200209360759001
 10
3.3583059550354877
 20
7.187450980392157
 10
3.341514360313316
 20
7.164136876689599
 10
3.3352457248135727
 20
7.156470588235295
 10
3.341514360313316
 20
7.150150676128986
 10
3.369902945512114
 20
7.125490196078432
 10
3.3827676240208877
 20
7.116940412538465
 10
3.4118836905870227
 20
7.125490196078432
 10
3.4240208877284597
 20
7.1285238774273685
 10
3.4652741514360317
 20
7.132411182784957
 10
3.506527415143603
 20
7.14793719267278
 10
3.5384344134588015
 20
7.156470588235295
 10
3.547780678851175
 20
7.158350195503727
 10
3.5890339425587467
 20
7.163623238493159
 10
3.6059712291225865
 20
7.156470588235295
 10
3.6187763218137863
 20
7.125490196078432
 10
3.600405977741092
 20
7.094509803921569
 10
3.5890339425587467
 20
7.0920482312354185
 10
3.547780678851175
 20
7.0816343418582255
 10
3.522729933823906
 20
7.063529411764707
 10
3.529806019455283
 20
7.032549019607843
 10
3.531346523668767
 20
7.001568627450981
 10
3.532594216339761
 20
6.970588235294118
 10
3.547780678851175
 20
6.9566832886774455
 10
3.5890339425587467
 20
6.944486316246506
 10
3.603144830292176
 20
6.939607843137255
 10
3.6302872062663187
 20
6.916304998952267
 10
3.670030472433947
 20
6.908627450980393
 10
3.6715404699738903
 20
6.9083987306482975
 10
3.7127937336814623
 20
6.899334948467058
 10
3.752672645559349
 20
6.87764705882353
 10
3.754046997389034
 20
6.873730394728477
 10
3.767592702922397
 20
6.846666666666668
 10
3.7953002610966062
 20
6.836008959950083
 10
3.822531206394519
 20
6.815686274509805
 10
3.8365535248041778
 20
6.795254167931258
 10
3.875972160442177
 20
6.784705882352942
 10
3.8778067885117498
 20
6.784363910730633
 10
3.9071575852876337
 20
6.753725490196079
 10
3.9190600522193213
 20
6.722969969991515
 10
3.919392523037062
 20
6.722745098039216
 10
3.929719970689463
 20
6.6917647058823535
 10
3.960313315926893
 20
6.671540271561212
 10
3.9668853020999584
 20
6.6607843137254905
 10
3.9829885995338987
 20
6.6298039215686275
 10
4.001566579634464
 20
6.618366722778614
 10
4.042819843342037
 20
6.617460256918542
 10
4.084073107049608
 20
6.6161061239115915
 10
4.125326370757181
 20
6.610590910778165
 10
4.149699153795384
 20
6.6298039215686275
 10
4.163737940858678
 20
6.6607843137254905
 10
4.166579634464752
 20
6.668138859812575
 10
4.207832898172324
 20
6.682898994021989
 10
4.249086161879896
 20
6.6733816226429585
 10
4.258557797309628
 20
6.6607843137254905
 10
4.251490325060272
 20
6.6298039215686275
 10
4.249086161879896
 20
6.623049452624828
 10
4.2376219435230595
 20
6.598823529411765
 10
4.216941803766814
 20
6.5678431372549015
 10
4.211862459065693
 20
6.536862745098039
 10
4.207832898172324
 20
6.527774741043455
 10
4.196425104259976
 20
6.5058823529411764
 10
4.207832898172324
 20
6.4962101910717625
 10
4.240551064956093
 20
6.4749019607843135
 10
4.249086161879896
 20
6.4700943813040155
 10
4.259527997622898
 20
6.4749019607843135
 10
4.290339425587468
 20
6.487377641023507
 10
4.307138672694339
 20
6.4749019607843135
 10
4.319317954355137
 20
6.443921568627451
 10
4.331592689295039
 20
6.429131191023907
 10
4.3495586627940295
 20
6.412941176470588
 10
4.372845953002611
 20
6.406455850499427
 10
4.414099216710183
 20
6.4121825378776744
 10
4.417214947516477
 20
6.412941176470588
 10
4.455352480417755
 20
6.424831818092417
 10
4.496605744125326
 20
6.425336269280022
 10
4.537859007832898
 20
6.420504848612785
 10
4.558339563790664
 20
6.412941176470588
 10
4.57911227154047
 20
6.407461635049945
 10
4.620365535248042
 20
6.395822833839251
 10
4.6294662296091
 20
6.381960784313726
 10
4.637386025942426
 20
6.350980392156863
 10
4.631152616138567
 20
6.32
 10
4.6616187989556135
 20
6.293982922092313
 10
4.666197912170644
 20
6.289019607843138
 10
4.702872062663185
 20
6.274663621453275
 10
4.7441253263707575
 20
6.278983555779321
 10
4.761055672138298
 20
6.289019607843138
  0
LWPOLYLINE
  5
3B
330
17
100
AcDbEntity
  8
CONDUCTIVE_METASURFACE
100
AcDbPolyline
 90
13
 70
1
 10
4.725464027616724
 20
7.466274509803922
 10
4.7441253263707575
 20
7.491529155396861
 10
4.745968281826422
 20
7.497254901960784
 10
4.7441253263707575
 20
7.505734012264953
 10
4.714072575476245
 20
7.528235294117647
 10
4.702872062663185
 20
7.529603437155078
 10
4.695450267154187
 20
7.528235294117647
 10
4.6616187989556135
 20
7.514025641496524
 10
4.654438732639791
 20
7.497254901960784
 10
4.6616187989556135
 20
7.482299970378831
 10
4.682921892192189
 20
7.466274509803922
 10
4.702872062663185
 20
7.460846687770588
 10
4.725464027616724
 20
7.466274509803922
  0
LWPOLYLINE
  5
3C
330
17
100
AcDbEntity
  8
CONDUCTIVE_METASURFACE
100
AcDbPolyline
 90
13
 70
1
 10
5.836624107556347
 20
7.466274509803922
 10
5.857963446475196
 20
7.482272632084468
 10
5.865191136923532
 20
7.497254901960784
 10
5.857963446475196
 20
7.514221121120929
 10
5.824334718844129
 20
7.528235294117647
 10
5.816710182767625
 20
7.529619346373865
 10
5.8054192654073535
 20
7.528235294117647
 10
5.775456919060052
 20
7.505666286825774
 10
5.773635107622112
 20
7.497254901960784
 10
5.775456919060052
 20
7.491681284386162
 10
5.7943784086868915
 20
7.466274509803922
 10
5.816710182767625
 20
7.460882417593848
 10
5.836624107556347
 20
7.466274509803922
  0
LWPOLYLINE
  5
3D
330
17
100
AcDbEntity
  8
CONDUCTIVE_METASURFACE
100
AcDbPolyline
 90
217
 70
1
 10
5.852974770980197
 20
6.289019607843138
 10
5.857963446475196
 20
6.294493121830301
 10
5.887407306990934
 20
6.32
 10
5.881622773604381
 20
6.350980392156863
 10
5.889688811752391
 20
6.381960784313726
 10
5.899216710182768
 20
6.396393191591007
 10
5.940469973890339
 20
6.407756902281751
 10
5.959927920595756
 20
6.412941176470588
 10
5.981723237597912
 20
6.421039263119922
 10
6.022976501305483
 20
6.425718626279393
 10
6.064229765013055
 20
6.4252196595455775
 10
6.1037596594758865
 20
6.412941176470588
 10
6.105483028720626
 20
6.412519656776929
 10
6.146736292428199
 20
6.406606680256327
 10
6.169600640039674
 20
6.412941176470588
 10
6.187989556135771
 20
6.42937601217815
 10
6.2000967807872485
 20
6.443921568627451
 10
6.212253874163774
 20
6.4749019607843135
 10
6.229242819843343
 20
6.48751210093164
 10
6.26028763473731
 20
6.4749019607843135
 10
6.270496083550914
 20
6.470194295435398
 10
6.2789117059840365
 20
6.4749019607843135
 10
6.311749347258486
 20
6.496221181446192
 10
6.323134240241376
 20
6.5058823529411764
 10
6.311749347258486
 20
6.527748047645721
 10
6.30770976181966
 20
6.536862745098039
 10
6.3025334078379105
 20
6.5678431372549015
 10
6.281859083278275
 20
6.598823529411765
 10
6.270496083550914
 20
6.622785021867271
 10
6.267993194192154
 20
6.6298039215686275
 10
6.260971649530487
 20
6.6607843137254905
 10
6.270496083550914
 20
6.673503904816905
 10
6.311749347258486
 20
6.683120293878293
 10
6.353002610966058
 20
6.669324550501666
 10
6.35628044467053
 20
6.6607843137254905
 10
6.370147494007224
 20
6.6298039215686275
 10
6.39425587467363
 20
6.610991308391085
 10
6.435509138381201
 20
6.616305309671803
 10
6.476762402088773
 20
6.617462197691156
 10
6.518015665796345
 20
6.61839918106298
 10
6.536531403858623
 20
6.6298039215686275
 10
6.552772818274863
 20
6.6607843137254905
 10
6.559268929503917
 20
6.671381280981054
 10
6.590298799676885
 20
6.6917647058823535
 10
6.600522193211488
 20
6.721611088177373
 10
6.60082676537379
 20
6.722745098039216
 10
6.612895960702023
 20
6.753725490196079
 10
6.64177545691906
 20
6.783673770454316
 10
6.646990881042213
 20
6.784705882352942
 10
6.683028720626632
 20
6.794878406761257
 10
6.697220461601879
 20
6.815686274509805
 10
6.724281984334204
 20
6.836136213869021
 10
6.751489033246243
 20
6.846666666666668
 10
6.765535248041775
 20
6.876269496795389
 10
6.765990550661837
 20
6.87764705882353
 10
6.806788511749347
 20
6.8996889733973354
 10
6.847742181891765
 20
6.908627450980393
 10
6.848041775456919
 20
6.9088772573762
 10
6.889295039164492
 20
6.916632793729097
 10
6.916225867188589
 20
6.939607843137255
 10
6.930548302872063
 20
6.944543231550355
 10
6.971801566579635
 20
6.956636485301936
 10
6.987031317793426
 20
6.970588235294118
 10
6.988238347114621
 20
7.001568627450981
 10
6.990041519405413
 20
7.032549019607843
 10
6.997385526649615
 20
7.063529411764707
 10
6.971801566579635
 20
7.081832882013383
 10
6.930548302872063
 20
7.092375747271064
 10
6.920755002308242
 20
7.094509803921569
 10
6.901100561475678
 20
7.125490196078432
 10
6.913773784165735
 20
7.156470588235295
 10
6.930548302872063
 20
7.163583612844191
 10
6.971801566579635
 20
7.158276081935027
 10
6.980795815812648
 20
7.156470588235295
 10
7.013054830287206
 20
7.1478611717095575
 10
7.054308093994779
 20
7.132330793906532
 10
7.09556135770235
 20
7.128516313902222
 10
7.107662841691654
 20
7.125490196078432
 10
7.136814621409922
 20
7.116923147403005
 10
7.1496940468754815
 20
7.125490196078432
 10
7.1780678851174935
 20
7.150060834231013
 10
7.184469684665607
 20
7.156470588235295
 10
7.1780678851174935
 20
7.164312273295447
 10
7.161455388883512
 20
7.187450980392157
 10
7.1780678851174935
 20
7.200066853390968
 10
7.219321148825066
 20
7.209213259779174
 10
7.239015971819029
 20
7.21843137254902
 10
7.2605744125326375
 20
7.231923428643928
 10
7.269210239569078
 20
7.249411764705882
 10
7.261584620380954
 20
7.280392156862746
 10
7.2605744125326375
 20
7.2827320303671765
 10
7.24474092084534
 20
7.311372549019609
 10
7.244069190454172
 20
7.342352941176471
 10
7.250502663402042
 20
7.373333333333334
 10
7.2605744125326375
 20
7.38871382024641
 10
7.267870947949479
 20
7.404313725490196
 10
7.283369092964206
 20
7.435294117647059
 10
7.301827676240209
 20
7.442128535116451
 10
7.3430809399477805
 20
7.448076123935293
 10
7.384334203655353
 20
7.443394948942301
 10
7.418978409814321
 20
7.466274509803922
 10
7.4255874673629245
 20
7.4697133026909555
 10
7.444703823003241
 20
7.497254901960784
 10
7.43895144523154
 20
7.528235294117647
 10
7.4255874673629245
 20
7.540949699808227
 10
7.384334203655353
 20
7.545481294719228
 10
7.3430809399477805
 20
7.541685651971356
 10
7.301827676240209
 20
7.532761020265152
 10
7.297455817361613
 20
7.528235294117647
 10
7.2605744125326375
 20
7.500944139478547
 10
7.219321148825066
 20
7.499901428802749
 10
7.214985601173206
 20
7.497254901960784
 10
7.219321148825066
 20
7.480389081383994
 10
7.224008733342385
 20
7.466274509803922
 10
7.219321148825066
 20
7.460983235438873
 10
7.1780678851174935
 20
7.448310987217292
 10
7.136814621409922
 20
7.453062027101791
 10
7.0972270102626736
 20
7.466274509803922
 10
7.09556135770235
 20
7.4677716694844
 10
7.054308093994779
 20
7.476055958062044
 10
7.024363554001069
 20
7.466274509803922
 10
7.013054830287206
 20
7.460974457311514
 10
6.971801566579635
 20
7.440717540956957
 10
6.963134422828993
 20
7.435294117647059
 10
6.952016327672633
 20
7.404313725490196
 10
6.930548302872063
 20
7.374695119668868
 10
6.929932022572257
 20
7.373333333333334
 10
6.926515312947978
 20
7.342352941176471
 10
6.930548302872063
 20
7.328145919067652
 10
6.9341740803942935
 20
7.311372549019609
 10
6.930548302872063
 20
7.306182747660111
 10
6.910446038367378
 20
7.280392156862746
 10
6.889295039164492
 20
7.264061325927018
 10
6.848041775456919
 20
7.261830050186321
 10
6.806788511749347
 20
7.275534187183979
 10
6.765535248041775
 20
7.27742978096544
 10
6.724281984334204
 20
7.2698931662325785
 10
6.683028720626632
 20
7.255782947055698
 10
6.677232018640036
 20
7.249411764705882
 10
6.656164227714985
 20
7.21843137254902
 10
6.683028720626632
 20
7.187616056892088
 10
6.683198855679603
 20
7.187450980392157
 10
6.724281984334204
 20
7.1645279771585235
 10
6.765535248041775
 20
7.172642812986003
 10
6.806788511749347
 20
7.1793427414304505
 10
6.827176703462305
 20
7.156470588235295
 10
6.806788511749347
 20
7.128832380738922
 10
6.765535248041775
 20
7.1293865766633155
 10
6.7615713533178505
 20
7.125490196078432
 10
6.740087178355398
 20
7.094509803921569
 10
6.7333486449626365
 20
7.063529411764707
 10
6.724281984334204
 20
7.055133776968423
 10
6.683028720626632
 20
7.035116256964881
 10
6.680673916629045
 20
7.032549019607843
 10
6.64177545691906
 20
7.016064511719969
 10
6.600522193211488
 20
7.010102479780231
 10
6.559268929503917
 20
7.00690501029069
 10
6.518015665796345
 20
7.002861667093574
 10
6.508424707934156
 20
7.001568627450981
 10
6.476762402088773
 20
6.976758393914306
 10
6.475342939437997
 20
6.970588235294118
 10
6.470152768976949
 20
6.939607843137255
 10
6.4656272123373695
 20
6.908627450980393
 10
6.457508914206733
 20
6.87764705882353
 10
6.435509138381201
 20
6.848587773960331
 10
6.431760003335813
 20
6.846666666666668
 10
6.40523487789801
 20
6.815686274509805
 10
6.39425587467363
 20
6.80889941217243
 10
6.353002610966058
 20
6.803694978897218
 10
6.311749347258486
 20
6.787524344221039
 10
6.306756811636062
 20
6.784705882352942
 10
6.307504199673704
 20
6.753725490196079
 10
6.270496083550914
 20
6.738502837993754
 10
6.2407689480853
 20
6.753725490196079
 10
6.249325814031122
 20
6.784705882352942
 10
6.259893179749604
 20
6.815686274509805
 10
6.229382799402763
 20
6.846666666666668
 10
6.229242819843343
 20
6.846776883917961
 10
6.187989556135771
 20
6.867124145967953
 10
6.146736292428199
 20
6.85116948043251
 10
6.137995698327533
 20
6.846666666666668
 10
6.119321921444281
 20
6.815686274509805
 10
6.108909634519411
 20
6.784705882352942
 10
6.110609987557205
 20
6.753725490196079
 10
6.129528897410731
 20
6.722745098039216
 10
6.126782049300459
 20
6.6917647058823535
 10
6.105483028720626
 20
6.676115792223905
 10
6.071005253200369
 20
6.6607843137254905
 10
6.064229765013055
 20
6.658108400691556
 10
6.042682574481812
 20
6.6607843137254905
 10
6.022976501305483
 20
6.664011137478853
 10
5.981723237597912
 20
6.661514274392379
 10
5.978847075015383
 20
6.6607843137254905
 10
5.940469973890339
 20
6.6451526264811305
 10
5.899216710182768
 20
6.636743597260152
 10
5.8915377298817075
 20
6.6298039215686275
 10
5.864767673825965
 20
6.598823529411765
 10
5.857963446475196
 20
6.590608553565056
 10
5.844673970837926
 20
6.5678431372549015
 10
5.855705692583686
 20
6.536862745098039
 10
5.857963446475196
 20
6.535456613390024
 10
5.87550319940993
 20
6.5058823529411764
 10
5.881877605629768
 20
6.4749019607843135
 10
5.865134317991555
 20
6.443921568627451
 10
5.857963446475196
 20
6.4403406099471345
 10
5.839216794635378
 20
6.443921568627451
 10
5.816710182767625
 20
6.447247546292752
 10
5.81312769068909
 20
6.443921568627451
 10
5.811875537415657
 20
6.412941176470588
 10
5.775456919060052
 20
6.385113298044556
 10
5.76971113726573
 20
6.381960784313726
 10
5.7579382961213526
 20
6.350980392156863
 10
5.753037656845762
 20
6.32
 10
5.758728999155824
 20
6.289019607843138
 10
5.775456919060052
 20
6.278999185392104
 10
5.816710182767625
 20
6.274644547559216
 10
5.852974770980197
 20
6.289019607843138
  0
LWPOLYLINE
  5
3E
330
17
100
AcDbEntity
  8
CONDUCTIVE_METASURFACE
100
AcDbPolyline
 90
217
 70
1
 10
10.041473426707489
 20
6.289019607843138
 10
10.047507654970776
 20
6.32
 10
10.042453415810337
 20
6.350980392156863
 10
10.030569430349875
 20
6.381960784313726
 10
10.024543080939948
 20
6.385243926658259
 10
9.988202383802697
 20
6.412941176470588
 10
9.986813950341794
 20
6.443921568627451
 10
9.983289817232377
 20
6.447177519645936
 10
9.960830987763867
 20
6.443921568627451
 10
9.942036553524805
 20
6.440401379142706
 10
9.934990927626478
 20
6.443921568627451
 10
9.918116517049121
 20
6.4749019607843135
 10
9.924442969209561
 20
6.5058823529411764
 10
9.942036553524805
 20
6.535611753564141
 10
9.944030349112008
 20
6.536862745098039
 10
9.95506155758168
 20
6.5678431372549015
 10
9.942036553524805
 20
6.590331073590267
 10
9.934979170528731
 20
6.598823529411765
 10
9.908005162645429
 20
6.6298039215686275
 10
9.900783289817234
 20
6.6363128383648275
 10
9.859530026109661
 20
6.644662304344103
 10
9.820090239918914
 20
6.6607843137254905
 10
9.818276762402089
 20
6.6612471616498725
 10
9.777023498694517
 20
6.663813077012587
 10
9.758105173779164
 20
6.6607843137254905
 10
9.735770234986946
 20
6.658061462323437
 10
9.72885961828082
 20
6.6607843137254905
 10
9.694516971279374
 20
6.675880745336176
 10
9.672770975714736
 20
6.6917647058823535
 10
9.669799835345612
 20
6.722745098039216
 10
9.68804823683308
 20
6.753725490196079
 10
9.690572284540043
 20
6.784705882352942
 10
9.68053656199502
 20
6.815686274509805
 10
9.66174745669443
 20
6.846666666666668
 10
9.653263707571803
 20
6.8510198314147965
 10
9.61201044386423
 20
6.866841334146554
 10
9.570977115511711
 20
6.846666666666668
 10
9.570757180156658
 20
6.846538828469545
 10
9.540233092561083
 20
6.815686274509805
 10
9.551038739947018
 20
6.784705882352942
 10
9.559960291951647
 20
6.753725490196079
 10
9.529503916449087
 20
6.738414370087955
 10
9.49270106415452
 20
6.753725490196079
 10
9.493438993970534
 20
6.784705882352942
 10
9.488250652741515
 20
6.787682656317768
 10
9.446997389033942
 20
6.803816895184556
 10
9.40574412532637
 20
6.80887737676625
 10
9.394564509552989
 20
6.815686274509805
 10
9.367909333372388
 20
6.846666666666668
 10
9.3644908616188
 20
6.848435060996576
 10
9.342540221006105
 20
6.87764705882353
 10
9.33460127898264
 20
6.908627450980393
 10
9.330343517708549
 20
6.939607843137255
 10
9.324959428033752
 20
6.970588235294118
 10
9.323237597911227
 20
6.977791009505663
 10
9.29020058954364
 20
7.001568627450981
 10
9.281984334203656
 20
7.002634624639211
 10
9.240731070496084
 20
7.006532365910024
 10
9.199477806788513
 20
7.009930981394087
 10
9.15822454308094
 20
7.016027676762771
 10
9.119529561025027
 20
7.032549019607843
 10
9.116971279373368
 20
7.035364708934683
 10
9.075718015665796
 20
7.055284491573352
 10
9.066680773627976
 20
7.063529411764707
 10
9.059750536872004
 20
7.094509803921569
 10
9.038217871476078
 20
7.125490196078432
 10
9.034464751958225
 20
7.129239559265086
 10
8.993211488250653
 20
7.12867832314579
 10
8.972941159530745
 20
7.156470588235295
 10
8.993211488250653
 20
7.1787950728428935
 10
9.034464751958225
 20
7.172369022907097
 10
9.075718015665796
 20
7.1644331317857315
 10
9.116971279373368
 20
7.187345813282454
 10
9.117118106723698
 20
7.187450980392157
 10
9.144212354074792
 20
7.21843137254902
 10
9.12296722925976
 20
7.249411764705882
 10
9.116971279373368
 20
7.255975822866283
 10
9.075718015665796
 20
7.269999424966174
 10
9.034464751958225
 20
7.277818843096207
 10
8.993211488250653
 20
7.276541937780113
 10
8.951958224543082
 20
7.262334182507374
 10
8.91070496083551
 20
7.264397028734823
 10
8.889867021081251
 20
7.280392156862746
 10
8.869451697127937
 20
7.306284306584506
 10
8.86588847534008
 20
7.311372549019609
 10
8.869451697127937
 20
7.327554059447633
 10
8.873748512955029
 20
7.342352941176471
 10
8.870423739608434
 20
7.373333333333334
 10
8.869451697127937
 20
7.375493345412696
 10
8.84863671565054
 20
7.404313725490196
 10
8.83743931509667
 20
7.435294117647059
 10
8.828198433420367
 20
7.441060913200468
 10
8.786945169712794
 20
7.461164675316009
 10
8.77600619146082
 20
7.466274509803922
 10
8.745691906005222
 20
7.4762546934624705
 10
8.70443864229765
 20
7.467970077271832
 10
8.702566206516998
 20
7.466274509803922
 10
8.663185378590079
 20
7.4531025245057405
 10
8.621932114882506
 20
7.448315505011941
 10
8.580678851174936
 20
7.460889413512372
 10
8.57591053177254
 20
7.466274509803922
 10
8.580678851174936
 20
7.480352557115713
 10
8.5851078218059
 20
7.497254901960784
 10
8.580678851174936
 20
7.499945357637416
 10
8.539425587467363
 20
7.500885668128118
 10
8.502370285339527
 20
7.528235294117647
 10
8.498172323759793
 20
7.532550361987441
 10
8.45691906005222
 20
7.5413914836593365
 10
8.415665796344648
 20
7.545071785984651
 10
8.374412532637075
 20
7.540797671177216
 10
8.361069372824469
 20
7.528235294117647
 10
8.355270793371817
 20
7.497254901960784
 10
8.374412532637075
 20
7.470020907416382
 10
8.381701028978824
 20
7.466274509803922
 10
8.415665796344648
 20
7.44416272474453
 10
8.45691906005222
 20
7.448506844127822
 10
8.498172323759793
 20
7.4424493870910435
 10
8.517390421754449
 20
7.435294117647059
 10
8.532522283170412
 20
7.404313725490196
 10
8.539425587467363
 20
7.389701281719253
 10
8.550208977939153
 20
7.373333333333334
 10
8.556439989160138
 20
7.342352941176471
 10
8.5557755577418
 20
7.311372549019609
 10
8.539425587467363
 20
7.281686278573962
 10
8.53886433518287
 20
7.280392156862746
 10
8.530990639279402
 20
7.249411764705882
 10
8.539425587467363
 20
7.232241137844239
 10
8.561310168105402
 20
7.21843137254902
 10
8.580678851174936
 20
7.209339111964779
 10
8.621932114882506
 20
7.200209360759001
 10
8.638723709604678
 20
7.187450980392157
 10
8.621932114882506
 20
7.164136876689599
 10
8.615663479382764
 20
7.156470588235295
 10
8.621932114882506
 20
7.150150676128986
 10
8.650320700081306
 20
7.125490196078432
 10
8.663185378590079
 20
7.116940412538465
 10
8.692301445156215
 20
7.125490196078432
 10
8.70443864229765
 20
7.1285238774273685
 10
8.745691906005222
 20
7.132411182784957
 10
8.786945169712794
 20
7.14793719267278
 10
8.818852168027993
 20
7.156470588235295
 10
8.828198433420367
 20
7.158350195503727
 10
8.869451697127937
 20
7.163623238493159
 10
8.886388983691777
 20
7.156470588235295
 10
8.899194076382978
 20
7.125490196078432
 10
8.880823732310281
 20
7.094509803921569
 10
8.869451697127937
 20
7.0920482312354185
 10
8.828198433420367
 20
7.0816343418582255
 10
8.803147688393098
 20
7.063529411764707
 10
8.810223774024474
 20
7.032549019607843
 10
8.811764278237959
 20
7.001568627450981
 10
8.813011970908951
 20
6.970588235294118
 10
8.828198433420367
 20
6.9566832886774455
 10
8.869451697127937
 20
6.944486316246506
 10
8.883562584861366
 20
6.939607843137255
 10
8.91070496083551
 20
6.916304998952267
 10
8.950448227003138
 20
6.908627450980393
 10
8.951958224543082
 20
6.9083987306482975
 10
8.993211488250653
 20
6.899334948467058
 10
9.03309040012854
 20
6.87764705882353
 10
9.034464751958225
 20
6.873730394728477
 10
9.04801045749159
 20
6.846666666666668
 10
9.075718015665796
 20
6.836008959950083
 10
9.10294896096371
 20
6.815686274509805
 10
9.116971279373368
 20
6.795254167931258
 10
9.156389915011367
 20
6.784705882352942
 10
9.15822454308094
 20
6.784363910730633
 10
9.187575339856826
 20
6.753725490196079
 10
9.199477806788513
 20
6.722969969991515
 10
9.199810277606252
 20
6.722745098039216
 10
9.210137725258653
 20
6.6917647058823535
 10
9.240731070496084
 20
6.671540271561212
 10
9.24730305666915
 20
6.6607843137254905
 10
9.26340635410309
 20
6.6298039215686275
 10
9.281984334203656
 20
6.618366722778614
 10
9.323237597911227
 20
6.617460256918542
 10
9.3644908616188
 20
6.6161061239115915
 10
9.40574412532637
 20
6.610590910778165
 10
9.430116908364575
 20
6.6298039215686275
 10
9.444155695427868
 20
6.6607843137254905
 10
9.446997389033942
 20
6.668138859812575
 10
9.488250652741515
 20
6.682898994021989
 10
9.529503916449087
 20
6.6733816226429585
 10
9.538975551878817
 20
6.6607843137254905
 10
9.531908079629464
 20
6.6298039215686275
 10
9.529503916449087
 20
6.623049452624828
 10
9.518039698092249
 20
6.598823529411765
 10
9.497359558336006
 20
6.5678431372549015
 10
9.492280213634885
 20
6.536862745098039
 10
9.488250652741515
 20
6.527774741043455
 10
9.476842858829166
 20
6.5058823529411764
 10
9.488250652741515
 20
6.4962101910717625
 10
9.520968819525285
 20
6.4749019607843135
 10
9.529503916449087
 20
6.4700943813040155
 10
9.539945752192088
 20
6.4749019607843135
 10
9.570757180156658
 20
6.487377641023507
 10
9.58755642726353
 20
6.4749019607843135
 10
9.599735708924328
 20
6.443921568627451
 10
9.61201044386423
 20
6.429131191023907
 10
9.62997641736322
 20
6.412941176470588
 10
9.653263707571803
 20
6.406455850499427
 10
9.694516971279374
 20
6.4121825378776744
 10
9.697632702085668
 20
6.412941176470588
 10
9.735770234986946
 20
6.424831818092417
 10
9.777023498694517
 20
6.425336269280022
 10
9.818276762402089
 20
6.420504848612785
 10
9.838757318359855
 20
6.412941176470588
 10
9.859530026109661
 20
6.407461635049945
 10
9.900783289817234
 20
6.395822833839251
 10
9.90988398417829
 20
6.381960784313726
 10
9.917803780511617
 20
6.350980392156863
 10
9.911570370707759
 20
6.32
 10
9.942036553524805
 20
6.293982922092313
 10
9.946615666739836
 20
6.289019607843138
 10
9.983289817232377
 20
6.274663621453275
 10
10.024543080939948
 20
6.278983555779321
 10
10.041473426707489
 20
6.289019607843138
  0
LWPOLYLINE
  5
3F
330
17
100
AcDbEntity
  8
CONDUCTIVE_METASURFACE
100
AcDbPolyline
 90
13
 70
1
 10
10.005881782185915
 20
7.466274509803922
 10
10.024543080939948
 20
7.491529155396861
 10
10.026386036395614
 20
7.497254901960784
 10
10.024543080939948
 20
7.505734012264953
 10
9.994490330045435
 20
7.528235294117647
 10
9.983289817232377
 20
7.529603437155078
 10
9.975868021723377
 20
7.528235294117647
 10
9.942036553524805
 20
7.514025641496524
 10
9.934856487208982
 20
7.497254901960784
 10
9.942036553524805
 20
7.482299970378831
 10
9.963339646761382
 20
7.466274509803922
 10
9.983289817232377
 20
7.460846687770588
 10
10.005881782185915
 20
7.466274509803922
  0
LWPOLYLINE
  5
40
330
17
100
AcDbEntity
  8
CONDUCTIVE_METASURFACE
100
AcDbPolyline
 90
13
 70
1
 10
11.117041862125538
 20
7.466274509803922
 10
11.138381201044387
 20
7.482272632084468
 10
11.145608891492722
 20
7.497254901960784
 10
11.138381201044387
 20
7.514221121120929
 10
11.10475247341332
 20
7.528235294117647
 10
11.097127937336815
 20
7.529619346373865
 10
11.085837019976545
 20
7.528235294117647
 10
11.055874673629244
 20
7.505666286825774
 10
11.054052862191302
 20
7.497254901960784
 10
11.055874673629244
 20
7.491681284386162
 10
11.074796163256082
 20
7.466274509803922
 10
11.097127937336815
 20
7.460882417593848
 10
11.117041862125538
 20
7.466274509803922
  0
LWPOLYLINE
  5
41
330
17
100
AcDbEntity
  8
CONDUCTIVE_METASURFACE
100
AcDbPolyline
 90
217
 70
1
 10
11.133392525549388
 20
6.289019607843138
 10
11.138381201044387
 20
6.294493121830301
 10
11.167825061560125
 20
6.32
 10
11.16204052817357
 20
6.350980392156863
 10
11.17010656632158
 20
6.381960784313726
 10
11.179634464751958
 20
6.396393191591007
 10
11.22088772845953
 20
6.407756902281751
 10
11.240345675164944
 20
6.412941176470588
 10
11.262140992167103
 20
6.421039263119922
 10
11.303394255874675
 20
6.425718626279393
 10
11.344647519582246
 20
6.4252196595455775
 10
11.384177414045078
 20
6.412941176470588
 10
11.385900783289818
 20
6.412519656776929
 10
11.427154046997389
 20
6.406606680256327
 10
11.450018394608867
 20
6.412941176470588
 10
11.468407310704961
 20
6.42937601217815
 10
11.480514535356438
 20
6.443921568627451
 10
11.492671628732966
 20
6.4749019607843135
 10
11.509660574412532
 20
6.48751210093164
 10
11.5407053893065
 20
6.4749019607843135
 10
11.550913838120104
 20
6.470194295435398
 10
11.559329460553228
 20
6.4749019607843135
 10
11.592167101827677
 20
6.496221181446192
 10
11.603551994810568
 20
6.5058823529411764
 10
11.592167101827677
 20
6.527748047645721
 10
11.58812751638885
 20
6.536862745098039
 10
11.5829511624071
 20
6.5678431372549015
 10
11.562276837847465
 20
6.598823529411765
 10
11.550913838120104
 20
6.622785021867271
 10
11.548410948761344
 20
6.6298039215686275
 10
11.541389404099675
 20
6.6607843137254905
 10
11.550913838120104
 20
6.673503904816905
 10
11.592167101827677
 20
6.683120293878293
 10
11.63342036553525
 20
6.669324550501666
 10
11.636698199239722
 20
6.6607843137254905
 10
11.650565248576415
 20
6.6298039215686275
 10
11.67467362924282
 20
6.610991308391085
 10
11.715926892950392
 20
6.616305309671803
 10
11.757180156657965
 20
6.617462197691156
 10
11.798433420365535
 20
6.61839918106298
 10
11.816949158427816
 20
6.6298039215686275
 10
11.833190572844055
 20
6.6607843137254905
 10
11.839686684073108
 20
6.671381280981054
 10
11.870716554246075
 20
6.6917647058823535
 10
11.880939947780679
 20
6.721611088177373
 10
11.881244519942982
 20
6.722745098039216
 10
11.893313715271212
 20
6.753725490196079
 10
11.922193211488251
 20
6.783673770454316
 10
11.927408635611407
 20
6.784705882352942
 10
11.963446475195823
 20
6.794878406761257
 10
11.977638216171071
 20
6.815686274509805
 10
12.004699738903396
 20
6.836136213869021
 10
12.031906787815435
 20
6.846666666666668
 10
12.045953002610966
 20
6.876269496795389
 10
12.04640830523103
 20
6.87764705882353
 10
12.087206266318539
 20
6.8996889733973354
 10
12.128159936460955
 20
6.908627450980393
 10
12.12845953002611
 20
6.9088772573762
 10
12.169712793733682
 20
6.916632793729097
 10
12.196643621757781
 20
6.939607843137255
 10
12.210966057441253
 20
6.944543231550355
 10
12.252219321148825
 20
6.956636485301936
 10
12.267449072362616
 20
6.970588235294118
 10
12.268656101683813
 20
7.001568627450981
 10
12.270459273974605
 20
7.032549019607843
 10
12.277803281218805
 20
7.063529411764707
 10
12.252219321148825
 20
7.081832882013383
 10
12.210966057441253
 20
7.092375747271064
 10
12.201172756877435
 20
7.094509803921569
 10
12.181518316044867
 20
7.125490196078432
 10
12.194191538734927
 20
7.156470588235295
 10
12.210966057441253
 20
7.163583612844191
 10
12.252219321148825
 20
7.158276081935027
 10
12.261213570381841
 20
7.156470588235295
 10
12.293472584856397
 20
7.1478611717095575
 10
12.33472584856397
 20
7.132330793906532
 10
12.375979112271542
 20
7.128516313902222
 10
12.388080596260844
 20
7.125490196078432
 10
12.417232375979113
 20
7.116923147403005
 10
12.430111801444673
 20
7.125490196078432
 10
12.458485639686685
 20
7.150060834231013
 10
12.464887439234799
 20
7.156470588235295
 10
12.458485639686685
 20
7.164312273295447
 10
12.441873143452703
 20
7.187450980392157
 10
12.458485639686685
 20
7.200066853390968
 10
12.499738903394256
 20
7.209213259779174
 10
12.519433726388218
 20
7.21843137254902
 10
12.540992167101829
 20
7.231923428643928
 10
12.54962799413827
 20
7.249411764705882
 10
12.542002374950144
 20
7.280392156862746
 10
12.540992167101829
 20
7.2827320303671765
 10
12.52515867541453
 20
7.311372549019609
 10
12.524486945023362
 20
7.342352941176471
 10
12.530920417971233
 20
7.373333333333334
 10
12.540992167101829
 20
7.38871382024641
 10
12.54828870251867
 20
7.404313725490196
 10
12.563786847533395
 20
7.435294117647059
 10
12.5822454308094
 20
7.442128535116451
 10
12.623498694516972
 20
7.448076123935293
 10
12.664751958224544
 20
7.443394948942301
 10
12.699396164383511
 20
7.466274509803922
 10
12.706005221932116
 20
7.4697133026909555
 10
12.725121577572434
 20
7.497254901960784
 10
12.719369199800731
 20
7.528235294117647
 10
12.706005221932116
 20
7.540949699808227
 10
12.664751958224544
 20
7.545481294719228
 10
12.623498694516972
 20
7.541685651971356
 10
12.5822454308094
 20
7.532761020265152
 10
12.577873571930805
 20
7.528235294117647
 10
12.540992167101829
 20
7.500944139478547
 10
12.499738903394256
 20
7.499901428802749
 10
12.495403355742395
 20
7.497254901960784
 10
12.499738903394256
 20
7.480389081383994
 10
12.504426487911575
 20
7.466274509803922
 10
12.499738903394256
 20
7.460983235438873
 10
12.458485639686685
 20
7.448310987217292
 10
12.417232375979113
 20
7.453062027101791
 10
12.377644764831864
 20
7.466274509803922
 10
12.375979112271542
 20
7.4677716694844
 10
12.33472584856397
 20
7.476055958062044
 10
12.30478130857026
 20
7.466274509803922
 10
12.293472584856397
 20
7.460974457311514
 10
12.252219321148825
 20
7.440717540956957
 10
12.243552177398183
 20
7.435294117647059
 10
12.232434082241824
 20
7.404313725490196
 10
12.210966057441253
 20
7.374695119668868
 10
12.210349777141449
 20
7.373333333333334
 10
12.20693306751717
 20
7.342352941176471
 10
12.210966057441253
 20
7.328145919067652
 10
12.214591834963482
 20
7.311372549019609
 10
12.210966057441253
 20
7.306182747660111
 10
12.190863792936568
 20
7.280392156862746
 10
12.169712793733682
 20
7.264061325927018
 10
12.12845953002611
 20
7.261830050186321
 10
12.087206266318539
 20
7.275534187183979
 10
12.045953002610966
 20
7.27742978096544
 10
12.004699738903396
 20
7.2698931662325785
 10
11.963446475195823
 20
7.255782947055698
 10
11.957649773209226
 20
7.249411764705882
 10
11.936581982284174
 20
7.21843137254902
 10
11.963446475195823
 20
7.187616056892088
 10
11.963616610248794
 20
7.187450980392157
 10
12.004699738903396
 20
7.1645279771585235
 10
12.045953002610966
 20
7.172642812986003
 10
12.087206266318539
 20
7.1793427414304505
 10
12.107594458031494
 20
7.156470588235295
 10
12.087206266318539
 20
7.128832380738922
 10
12.045953002610966
 20
7.1293865766633155
 10
12.041989107887039
 20
7.125490196078432
 10
12.02050493292459
 20
7.094509803921569
 10
12.013766399531828
 20
7.063529411764707
 10
12.004699738903396
 20
7.055133776968423
 10
11.963446475195823
 20
7.035116256964881
 10
11.961091671198236
 20
7.032549019607843
 10
11.922193211488251
 20
7.016064511719969
 10
11.880939947780679
 20
7.010102479780231
 10
11.839686684073108
 20
7.00690501029069
 10
11.798433420365535
 20
7.002861667093574
 10
11.788842462503348
 20
7.001568627450981
 10
11.757180156657965
 20
6.976758393914306
 10
11.755760694007186
 20
6.970588235294118
 10
11.75057052354614
 20
6.939607843137255
 10
11.74604496690656
 20
6.908627450980393
 10
11.737926668775925
 20
6.87764705882353
 10
11.715926892950392
 20
6.848587773960331
 10
11.712177757905007
 20
6.846666666666668
 10
11.6856526324672
 20
6.815686274509805
 10
11.67467362924282
 20
6.80889941217243
 10
11.63342036553525
 20
6.803694978897218
 10
11.592167101827677
 20
6.787524344221039
 10
11.587174566205254
 20
6.784705882352942
 10
11.587921954242896
 20
6.753725490196079
 10
11.550913838120104
 20
6.738502837993754
 10
11.521186702654491
 20
6.753725490196079
 10
11.529743568600315
 20
6.784705882352942
 10
11.540310934318796
 20
6.815686274509805
 10
11.509800553971953
 20
6.846666666666668
 10
11.509660574412532
 20
6.846776883917961
 10
11.468407310704961
 20
6.867124145967953
 10
11.427154046997389
 20
6.85116948043251
 10
11.418413452896722
 20
6.846666666666668
 10
11.399739676013471
 20
6.815686274509805
 10
11.389327389088601
 20
6.784705882352942
 10
11.391027742126395
 20
6.753725490196079
 10
11.40994665197992
 20
6.722745098039216
 10
11.40719980386965
 20
6.6917647058823535
 10
11.385900783289818
 20
6.676115792223905
 10
11.351423007769561
 20
6.6607843137254905
 10
11.344647519582246
 20
6.658108400691556
 10
11.323100329051003
 20
6.6607843137254905
 10
11.303394255874675
 20
6.664011137478853
 10
11.262140992167103
 20
6.661514274392379
 10
11.259264829584577
 20
6.6607843137254905
 10
11.22088772845953
 20
6.6451526264811305
 10
11.179634464751958
 20
6.636743597260152
 10
11.1719554844509
 20
6.6298039215686275
 10
11.145185428395157
 20
6.598823529411765
 10
11.138381201044387
 20
6.590608553565056
 10
11.125091725407117
 20
6.5678431372549015
 10
11.136123447152878
 20
6.536862745098039
 10
11.138381201044387
 20
6.535456613390024
 10
11.155920953979122
 20
6.5058823529411764
 10
11.162295360198959
 20
6.4749019607843135
 10
11.145552072560747
 20
6.443921568627451
 10
11.138381201044387
 20
6.4403406099471345
 10
11.11963454920457
 20
6.443921568627451
 10
11.097127937336815
 20
6.447247546292752
 10
11.09354544525828
 20
6.443921568627451
 10
11.092293291984847
 20
6.412941176470588
 10
11.055874673629244
 20
6.385113298044556
 10
11.05012889183492
 20
6.381960784313726
 10
11.038356050690542
 20
6.350980392156863
 10
11.033455411414954
 20
6.32
 10
11.039146753725014
 20
6.289019607843138
 10
11.055874673629244
 20
6.278999185392104
 10
11.097127937336815
 20
6.274644547559216
 10
11.133392525549388
 20
6.289019607843138
  0
LWPOLYLINE
  5
42
330
17
100
AcDbEntity
  8
CONDUCTIVE_METASURFACE
100
AcDbPolyline
 90
217
 70
1
 10
15.32189118127668
 20
6.289019607843138
 10
15.327925409539965
 20
6.32
 10
15.322871170379528
 20
6.350980392156863
 10
15.310987184919064
 20
6.381960784313726
 10
15.304960835509139
 20
6.385243926658259
 10
15.268620138371888
 20
6.412941176470588
 10
15.267231704910984
 20
6.443921568627451
 10
15.263707571801568
 20
6.447177519645936
 10
15.24124874233306
 20
6.443921568627451
 10
15.222454308093996
 20
6.440401379142706
 10
15.215408682195667
 20
6.443921568627451
 10
15.198534271618312
 20
6.4749019607843135
 10
15.204860723778754
 20
6.5058823529411764
 10
15.222454308093996
 20
6.535611753564141
 10
15.224448103681198
 20
6.536862745098039
 10
15.235479312150868
 20
6.5678431372549015
 10
15.222454308093996
 20
6.590331073590267
 10
15.215396925097924
 20
6.598823529411765
 10
15.188422917214618
 20
6.6298039215686275
 10
15.181201044386425
 20
6.6363128383648275
 10
15.139947780678852
 20
6.644662304344103
 10
15.100507994488105
 20
6.6607843137254905
 10
15.09869451697128
 20
6.6612471616498725
 10
15.057441253263708
 20
6.663813077012587
 10
15.038522928348357
 20
6.6607843137254905
 10
15.016187989556135
 20
6.658061462323437
 10
15.009277372850011
 20
6.6607843137254905
 10
14.974934725848565
 20
6.675880745336176
 10
14.953188730283928
 20
6.6917647058823535
 10
14.950217589914805
 20
6.722745098039216
 10
14.96846599140227
 20
6.753725490196079
 10
14.970990039109235
 20
6.784705882352942
 10
14.960954316564212
 20
6.815686274509805
 10
14.942165211263621
 20
6.846666666666668
 10
14.933681462140992
 20
6.8510198314147965
 10
14.892428198433421
 20
6.866841334146554
 10
14.851394870080902
 20
6.846666666666668
 10
14.851174934725849
 20
6.846538828469545
 10
14.820650847130274
 20
6.815686274509805
 10
14.83145649451621
 20
6.784705882352942
 10
14.840378046520836
 20
6.753725490196079
 10
14.809921671018278
 20
6.738414370087955
 10
14.773118818723711
 20
6.753725490196079
 10
14.773856748539725
 20
6.784705882352942
 10
14.768668407310706
 20
6.787682656317768
 10
14.727415143603134
 20
6.803816895184556
 10
14.686161879895561
 20
6.80887737676625
 10
14.674982264122178
 20
6.815686274509805
 10
14.64832708794158
 20
6.846666666666668
 10
14.64490861618799
 20
6.848435060996576
 10
14.622957975575295
 20
6.87764705882353
 10
14.61501903355183
 20
6.908627450980393
 10
14.61076127227774
 20
6.939607843137255
 10
14.605377182602945
 20
6.970588235294118
 10
14.603655352480418
 20
6.977791009505663
 10
14.57061834411283
 20
7.001568627450981
 10
14.562402088772847
 20
7.002634624639211
 10
14.521148825065275
 20
7.006532365910024
 10
14.479895561357704
 20
7.009930981394087
 10
14.438642297650132
 20
7.016027676762771
 10
14.399947315594218
 20
7.032549019607843
 10
14.39738903394256
 20
7.035364708934683
 10
14.356135770234987
 20
7.055284491573352
 10
14.347098528197165
 20
7.063529411764707
 10
14.340168291441195
 20
7.094509803921569
 10
14.318635626045268
 20
7.125490196078432
 10
14.314882506527415
 20
7.129239559265086
 10
14.273629242819844
 20
7.12867832314579
 10
14.253358914099936
 20
7.156470588235295
 10
14.273629242819844
 20
7.1787950728428935
 10
14.314882506527415
 20
7.172369022907097
 10
14.356135770234987
 20
7.1644331317857315
 10
14.39738903394256
 20
7.187345813282454
 10
14.39753586129289
 20
7.187450980392157
 10
14.424630108643983
 20
7.21843137254902
 10
14.403384983828952
 20
7.249411764705882
 10
14.39738903394256
 20
7.255975822866283
 10
14.356135770234987
 20
7.269999424966174
 10
14.314882506527415
 20
7.277818843096207
 10
14.273629242819844
 20
7.276541937780113
 10
14.232375979112271
 20
7.262334182507374
 10
14.1911227154047
 20
7.264397028734823
 10
14.170284775650442
 20
7.280392156862746
 10
14.149869451697128
 20
7.306284306584506
 10
14.14630622990927
 20
7.311372549019609
 10
14.149869451697128
 20
7.327554059447633
 10
14.154166267524218
 20
7.342352941176471
 10
14.150841494177623
 20
7.373333333333334
 10
14.149869451697128
 20
7.375493345412696
 10
14.12905447021973
 20
7.404313725490196
 10
14.11785706966586
 20
7.435294117647059
 10
14.108616187989558
 20
7.441060913200468
 10
14.067362924281985
 20
7.461164675316009
 10
14.05642394603001
 20
7.466274509803922
 10
14.026109660574413
 20
7.4762546934624705
 10
13.98485639686684
 20
7.467970077271832
 10
13.982983961086191
 20
7.466274509803922
 10
13.94360313315927
 20
7.4531025245057405
 10
13.902349869451697
 20
7.448315505011941
 10
13.861096605744127
 20
7.460889413512372
 10
13.85632828634173
 20
7.466274509803922
 10
13.861096605744127
 20
7.480352557115713
 10
13.865525576375092
 20
7.497254901960784
 10
13.861096605744127
 20
7.499945357637416
 10
13.819843342036554
 20
7.500885668128118
 10
13.782788039908718
 20
7.528235294117647
 10
13.778590078328984
 20
7.532550361987441
 10
13.737336814621411
 20
7.5413914836593365
 10
13.696083550913839
 20
7.545071785984651
 10
13.654830287206266
 20
7.540797671177216
 10
13.64148712739366
 20
7.528235294117647
 10
13.635688547941006
 20
7.497254901960784
 10
13.654830287206266
 20
7.470020907416382
 10
13.662118783548017
 20
7.466274509803922
 10
13.696083550913839
 20
7.44416272474453
 10
13.737336814621411
 20
7.448506844127822
 10
13.778590078328984
 20
7.4424493870910435
 10
13.797808176323638
 20
7.435294117647059
 10
13.812940037739603
 20
7.404313725490196
 10
13.819843342036554
 20
7.389701281719253
 10
13.830626732508344
 20
7.373333333333334
 10
13.83685774372933
 20
7.342352941176471
 10
13.836193312310993
 20
7.311372549019609
 10
13.819843342036554
 20
7.281686278573962
 10
13.819282089752061
 20
7.280392156862746
 10
13.811408393848591
 20
7.249411764705882
 10
13.819843342036554
 20
7.232241137844239
 10
13.841727922674592
 20
7.21843137254902
 10
13.861096605744127
 20
7.209339111964779
 10
13.902349869451697
 20
7.200209360759001
 10
13.919141464173869
 20
7.187450980392157
 10
13.902349869451697
 20
7.164136876689599
 10
13.896081233951953
 20
7.156470588235295
 10
13.902349869451697
 20
7.150150676128986
 10
13.930738454650495
 20
7.125490196078432
 10
13.94360313315927
 20
7.116940412538465
 10
13.972719199725404
 20
7.125490196078432
 10
13.98485639686684
 20
7.1285238774273685
 10
14.026109660574413
 20
7.132411182784957
 10
14.067362924281985
 20
7.14793719267278
 10
14.099269922597182
 20
7.156470588235295
 10
14.108616187989558
 20
7.158350195503727
 10
14.149869451697128
 20
7.163623238493159
 10
14.166806738260968
 20
7.156470588235295
 10
14.179611830952167
 20
7.125490196078432
 10
14.161241486879474
 20
7.094509803921569
 10
14.149869451697128
 20
7.0920482312354185
 10
14.108616187989558
 20
7.0816343418582255
 10
14.08356544296229
 20
7.063529411764707
 10
14.090641528593665
 20
7.032549019607843
 10
14.092182032807148
 20
7.001568627450981
 10
14.093429725478144
 20
6.970588235294118
 10
14.108616187989558
 20
6.9566832886774455
 10
14.149869451697128
 20
6.944486316246506
 10
14.163980339430557
 20
6.939607843137255
 10
14.1911227154047
 20
6.916304998952267
 10
14.23086598157233
 20
6.908627450980393
 10
14.232375979112271
 20
6.9083987306482975
 10
14.273629242819844
 20
6.899334948467058
 10
14.31350815469773
 20
6.87764705882353
 10
14.314882506527415
 20
6.873730394728477
 10
14.32842821206078
 20
6.846666666666668
 10
14.356135770234987
 20
6.836008959950083
 10
14.383366715532901
 20
6.815686274509805
 10
14.39738903394256
 20
6.795254167931258
 10
14.436807669580558
 20
6.784705882352942
 10
14.438642297650132
 20
6.784363910730633
 10
14.467993094426015
 20
6.753725490196079
 10
14.479895561357704
 20
6.722969969991515
 10
14.480228032175441
 20
6.722745098039216
 10
14.490555479827844
 20
6.6917647058823535
 10
14.521148825065275
 20
6.671540271561212
 10
14.52772081123834
 20
6.6607843137254905
 10
14.54382410867228
 20
6.6298039215686275
 10
14.562402088772847
 20
6.618366722778614
 10
14.603655352480418
 20
6.617460256918542
 10
14.64490861618799
 20
6.6161061239115915
 10
14.686161879895561
 20
6.610590910778165
 10
14.710534662933766
 20
6.6298039215686275
 10
14.724573449997058
 20
6.6607843137254905
 10
14.727415143603134
 20
6.668138859812575
 10
14.768668407310706
 20
6.682898994021989
 10
14.809921671018278
 20
6.6733816226429585
 10
14.81939330644801
 20
6.6607843137254905
 10
14.812325834198655
 20
6.6298039215686275
 10
14.809921671018278
 20
6.623049452624828
 10
14.79845745266144
 20
6.598823529411765
 10
14.777777312905197
 20
6.5678431372549015
 10
14.772697968204076
 20
6.536862745098039
 10
14.768668407310706
 20
6.527774741043455
 10
14.757260613398357
 20
6.5058823529411764
 10
14.768668407310706
 20
6.4962101910717625
 10
14.801386574094476
 20
6.4749019607843135
 10
14.809921671018278
 20
6.4700943813040155
 10
14.820363506761279
 20
6.4749019607843135
 10
14.851174934725849
 20
6.487377641023507
 10
14.867974181832722
 20
6.4749019607843135
 10
14.880153463493517
 20
6.443921568627451
 10
14.892428198433421
 20
6.429131191023907
 10
14.910394171932413
 20
6.412941176470588
 10
14.933681462140992
 20
6.406455850499427
 10
14.974934725848565
 20
6.4121825378776744
 10
14.97805045665486
 20
6.412941176470588
 10
15.016187989556135
 20
6.424831818092417
 10
15.057441253263708
 20
6.425336269280022
 10
15.09869451697128
 20
6.420504848612785
 10
15.119175072929048
 20
6.412941176470588
 10
15.139947780678852
 20
6.407461635049945
 10
15.181201044386425
 20
6.395822833839251
 10
15.19030173874748
 20
6.381960784313726
 10
15.198221535080808
 20
6.350980392156863
 10
15.19198812527695
 20
6.32
 10
15.222454308093996
 20
6.293982922092313
 10
15.227033421309025
 20
6.289019607843138
 10
15.263707571801568
 20
6.274663621453275
 10
15.304960835509139
 20
6.278983555779321
 10
15.32189118127668
 20
6.289019607843138
  0
LWPOLYLINE
  5
43
330
17
100
AcDbEntity
  8
CONDUCTIVE_METASURFACE
100
AcDbPolyline
 90
13
 70
1
 10
15.286299536755104
 20
7.466274509803922
 10
15.304960835509139
 20
7.491529155396861
 10
15.306803790964807
 20
7.497254901960784
 10
15.304960835509139
 20
7.505734012264953
 10
15.274908084614626
 20
7.528235294117647
 10
15.263707571801568
 20
7.529603437155078
 10
15.256285776292568
 20
7.528235294117647
 10
15.222454308093996
 20
7.514025641496524
 10
15.215274241778173
 20
7.497254901960784
 10
15.222454308093996
 20
7.482299970378831
 10
15.24375740133057
 20
7.466274509803922
 10
15.263707571801568
 20
7.460846687770588
 10
15.286299536755104
 20
7.466274509803922
  0
LWPOLYLINE
  5
44
330
17
100
AcDbEntity
  8
CONDUCTIVE_METASURFACE
100
AcDbPolyline
 90
5
 70
1
 10
0.048886635039995276
 20
7.032549019607843
 10
0.041253263707571805
 20
7.0556160427249495
 10
0.03115910131186005
 20
7.032549019607843
 10
0.041253263707571805
 20
7.028486850346017
 10
0.048886635039995276
 20
7.032549019607843
  0
LWPOLYLINE
  5
45
330
17
100
AcDbEntity
  8
CONDUCTIVE_METASURFACE
100
AcDbPolyline
 90
5
 70
1
 10
5.2082213359340095
 20
7.032549019607843
 10
5.197911227154047
 20
7.0559127383216955
 10
5.190071400622547
 20
7.032549019607843
 10
5.197911227154047
 20
7.028390926811405
 10
5.2082213359340095
 20
7.032549019607843
  0
LWPOLYLINE
  5
46
330
17
100
AcDbEntity
  8
CONDUCTIVE_METASURFACE
100
AcDbPolyline
 90
5
 70
1
 10
5.329304389609186
 20
7.032549019607843
 10
5.321671018276763
 20
7.0556160427249495
 10
5.311576855881051
 20
7.032549019607843
 10
5.321671018276763
 20
7.028486850346017
 10
5.329304389609186
 20
7.032549019607843
  0
LWPOLYLINE
  5
47
330
17
100
AcDbEntity
  8
CONDUCTIVE_METASURFACE
100
AcDbPolyline
 90
5
 70
1
 10
10.4886390905032
 20
7.032549019607843
 10
10.478328981723237
 20
7.0559127383216955
 10
10.47048915519174
 20
7.032549019607843
 10
10.478328981723237
 20
7.028390926811405
 10
10.4886390905032
 20
7.032549019607843
  0
LWPOLYLINE
  5
48
330
17
100
AcDbEntity
  8
CONDUCTIVE_METASURFACE
100
AcDbPolyline
 90
5
 70
1
 10
10.609722144178376
 20
7.032549019607843
 10
10.602088772845955
 20
7.0556160427249495
 10
10.591994610450241
 20
7.032549019607843
 10
10.602088772845955
 20
7.028486850346017
 10
10.609722144178376
 20
7.032549019607843
  0
LWPOLYLINE
  5
49
330
17
100
AcDbEntity
  8
CONDUCTIVE_METASURFACE
100
AcDbPolyline
 90
5
 70
1
 10
15.769056845072392
 20
7.032549019607843
 10
15.758746736292428
 20
7.0559127383216955
 10
15.75090690976093
 20
7.032549019607843
 10
15.758746736292428
 20
7.028390926811405
 10
15.769056845072392
 20
7.032549019607843
  0
LWPOLYLINE
  5
4A
330
17
100
AcDbEntity
  8
CONDUCTIVE_METASURFACE
100
AcDbPolyline
 90
5
 70
1
 10
1.2375979112271542
 20
6.95218378442482
 10
1.198529442792831
 20
6.970588235294118
 10
1.2375979112271542
 20
6.999592988830363
 10
1.2618922285657705
 20
6.970588235294118
 10
1.2375979112271542
 20
6.95218378442482
  0
LWPOLYLINE
  5
4B
330
17
100
AcDbEntity
  8
CONDUCTIVE_METASURFACE
100
AcDbPolyline
 90
5
 70
1
 10
4.001566579634464
 20
6.9523437080386525
 10
3.977059371969643
 20
6.970588235294118
 10
4.001566579634464
 20
6.99992787703653
 10
4.040189054124035
 20
6.970588235294118
 10
4.001566579634464
 20
6.9523437080386525
  0
LWPOLYLINE
  5
4C
330
17
100
AcDbEntity
  8
CONDUCTIVE_METASURFACE
100
AcDbPolyline
 90
5
 70
1
 10
6.518015665796345
 20
6.95218378442482
 10
6.478947197362021
 20
6.970588235294118
 10
6.518015665796345
 20
6.999592988830363
 10
6.542309983134961
 20
6.970588235294118
 10
6.518015665796345
 20
6.95218378442482
  0
LWPOLYLINE
  5
4D
330
17
100
AcDbEntity
  8
CONDUCTIVE_METASURFACE
100
AcDbPolyline
 90
5
 70
1
 10
9.281984334203656
 20
6.9523437080386525
 10
9.257477126538834
 20
6.970588235294118
 10
9.281984334203656
 20
6.99992787703653
 10
9.320606808693226
 20
6.970588235294118
 10
9.281984334203656
 20
6.9523437080386525
  0
LWPOLYLINE
  5
4E
330
17
100
AcDbEntity
  8
CONDUCTIVE_METASURFACE
100
AcDbPolyline
 90
5
 70
1
 10
11.798433420365535
 20
6.95218378442482
 10
11.759364951931214
 20
6.970588235294118
 10
11.798433420365535
 20
6.999592988830363
 10
11.822727737704152
 20
6.970588235294118
 10
11.798433420365535
 20
6.95218378442482
  0
LWPOLYLINE
  5
4F
330
17
100
AcDbEntity
  8
CONDUCTIVE_METASURFACE
100
AcDbPolyline
 90
5
 70
1
 10
14.562402088772847
 20
6.9523437080386525
 10
14.537894881108025
 20
6.970588235294118
 10
14.562402088772847
 20
6.99992787703653
 10
14.601024563262417
 20
6.970588235294118
 10
14.562402088772847
 20
6.9523437080386525
  0
LWPOLYLINE
  5
50
330
17
100
AcDbEntity
  8
CONDUCTIVE_METASURFACE
100
AcDbPolyline
 90
7
 70
1
 10
1.443864229765013
 20
6.92943557019717
 10
1.4026109660574413
 20
6.936422002299409
 10
1.398876992115437
 20
6.939607843137255
 10
1.4026109660574413
 20
6.94354390089298
 10
1.443864229765013
 20
6.960082512865147
 10
1.4799638908863602
 20
6.939607843137255
 10
1.443864229765013
 20
6.92943557019717
  0
LWPOLYLINE
  5
51
330
17
100
AcDbEntity
  8
CONDUCTIVE_METASURFACE
100
AcDbPolyline
 90
7
 70
1
 10
3.8365535248041778
 20
6.9365533502555525
 10
3.7953002610966062
 20
6.929886696656732
 10
3.7605813922514826
 20
6.939607843137255
 10
3.7953002610966062
 20
6.959401948035896
 10
3.8365535248041778
 20
6.9434021107460335
 10
3.8401842671468507
 20
6.939607843137255
 10
3.8365535248041778
 20
6.9365533502555525
  0
LWPOLYLINE
  5
52
330
17
100
AcDbEntity
  8
CONDUCTIVE_METASURFACE
100
AcDbPolyline
 90
7
 70
1
 10
6.724281984334204
 20
6.92943557019717
 10
6.683028720626632
 20
6.936422002299409
 10
6.6792947466846275
 20
6.939607843137255
 10
6.683028720626632
 20
6.94354390089298
 10
6.724281984334204
 20
6.960082512865147
 10
6.760381645455551
 20
6.939607843137255
 10
6.724281984334204
 20
6.92943557019717
  0
LWPOLYLINE
  5
53
330
17
100
AcDbEntity
  8
CONDUCTIVE_METASURFACE
100
AcDbPolyline
 90
7
 70
1
 10
9.116971279373368
 20
6.9365533502555525
 10
9.075718015665796
 20
6.929886696656732
 10
9.040999146820674
 20
6.939607843137255
 10
9.075718015665796
 20
6.959401948035896
 10
9.116971279373368
 20
6.9434021107460335
 10
9.120602021716042
 20
6.939607843137255
 10
9.116971279373368
 20
6.9365533502555525
  0
LWPOLYLINE
  5
54
330
17
100
AcDbEntity
  8
CONDUCTIVE_METASURFACE
100
AcDbPolyline
 90
7
 70
1
 10
12.004699738903396
 20
6.92943557019717
 10
11.963446475195823
 20
6.936422002299409
 10
11.959712501253819
 20
6.939607843137255
 10
11.963446475195823
 20
6.94354390089298
 10
12.004699738903396
 20
6.960082512865147
 10
12.040799400024742
 20
6.939607843137255
 10
12.004699738903396
 20
6.92943557019717
  0
LWPOLYLINE
  5
55
330
17
100
AcDbEntity
  8
CONDUCTIVE_METASURFACE
100
AcDbPolyline
 90
7
 70
1
 10
14.39738903394256
 20
6.9365533502555525
 10
14.356135770234987
 20
6.929886696656732
 10
14.321416901389863
 20
6.939607843137255
 10
14.356135770234987
 20
6.959401948035896
 10
14.39738903394256
 20
6.9434021107460335
 10
14.401019776285231
 20
6.939607843137255
 10
14.39738903394256
 20
6.9365533502555525
  0
LWPOLYLINE
  5
56
330
17
100
AcDbEntity
  8
CONDUCTIVE_METASURFACE
100
AcDbPolyline
 90
7
 70
1
 10
1.278851174934726
 20
6.789612896504629
 10
1.2524933389301156
 20
6.815686274509805
 10
1.273798543895467
 20
6.846666666666668
 10
1.278851174934726
 20
6.849393394153787
 10
1.282918683770233
 20
6.846666666666668
 10
1.2917958736756319
 20
6.815686274509805
 10
1.278851174934726
 20
6.789612896504629
  0
LWPOLYLINE
  5
57
330
17
100
AcDbEntity
  8
CONDUCTIVE_METASURFACE
100
AcDbPolyline
 90
7
 70
1
 10
3.960313315926893
 20
6.788576036070542
 10
3.946767931087364
 20
6.815686274509805
 10
3.9560709972422377
 20
6.846666666666668
 10
3.960313315926893
 20
6.849470859356694
 10
3.9655546634813517
 20
6.846666666666668
 10
3.9875774998770703
 20
6.815686274509805
 10
3.960313315926893
 20
6.788576036070542
  0
LWPOLYLINE
  5
58
330
17
100
AcDbEntity
  8
CONDUCTIVE_METASURFACE
100
AcDbPolyline
 90
7
 70
1
 10
6.559268929503917
 20
6.789612896504629
 10
6.532911093499307
 20
6.815686274509805
 10
6.554216298464658
 20
6.846666666666668
 10
6.559268929503917
 20
6.849393394153787
 10
6.563336438339425
 20
6.846666666666668
 10
6.572213628244823
 20
6.815686274509805
 10
6.559268929503917
 20
6.789612896504629
  0
LWPOLYLINE
  5
59
330
17
100
AcDbEntity
  8
CONDUCTIVE_METASURFACE
100
AcDbPolyline
 90
7
 70
1
 10
9.240731070496084
 20
6.788576036070542
 10
9.227185685656554
 20
6.815686274509805
 10
9.236488751811429
 20
6.846666666666668
 10
9.240731070496084
 20
6.849470859356694
 10
9.245972418050542
 20
6.846666666666668
 10
9.26799525444626
 20
6.815686274509805
 10
9.240731070496084
 20
6.788576036070542
  0
LWPOLYLINE
  5
5A
330
17
100
AcDbEntity
  8
CONDUCTIVE_METASURFACE
100
AcDbPolyline
 90
7
 70
1
 10
11.839686684073108
 20
6.789612896504629
 10
11.813328848068497
 20
6.815686274509805
 10
11.83463405303385
 20
6.846666666666668
 10
11.839686684073108
 20
6.849393394153787
 10
11.843754192908616
 20
6.846666666666668
 10
11.852631382814014
 20
6.815686274509805
 10
11.839686684073108
 20
6.789612896504629
  0
LWPOLYLINE
  5
5B
330
17
100
AcDbEntity
  8
CONDUCTIVE_METASURFACE
100
AcDbPolyline
 90
7
 70
1
 10
14.521148825065275
 20
6.788576036070542
 10
14.507603440225745
 20
6.815686274509805
 10
14.51690650638062
 20
6.846666666666668
 10
14.521148825065275
 20
6.849470859356694
 10
14.526390172619735
 20
6.846666666666668
 10
14.548413009015452
 20
6.815686274509805
 10
14.521148825065275
 20
6.788576036070542
  0
LWPOLYLINE
  5
5C
330
17
100
AcDbEntity
  8
CONDUCTIVE_METASURFACE
100
AcDbPolyline
 90
23
 70
1
 10
2.171350590732369
 20
6.381960784313726
 10
2.1864229765013055
 20
6.391431533022758
 10
2.2157494898860266
 20
6.412941176470588
 10
2.2276762402088774
 20
6.433327124056463
 10
2.231887638245649
 20
6.443921568627451
 10
2.2276762402088774
 20
6.452884384465936
 10
2.1864229765013055
 20
6.45752123888521
 10
2.1634149683052457
 20
6.4749019607843135
 10
2.1801768078186456
 20
6.5058823529411764
 10
2.145169712793734
 20
6.523697208926165
 10
2.103916449086162
 20
6.5129727079914055
 10
2.09796714822152
 20
6.5058823529411764
 10
2.103916449086162
 20
6.494049741962523
 10
2.1257641518228665
 20
6.4749019607843135
 10
2.145169712793734
 20
6.464360169934193
 10
2.1725092380802673
 20
6.443921568627451
 10
2.1494433878342716
 20
6.412941176470588
 10
2.145169712793734
 20
6.408874336076364
 10
2.103916449086162
 20
6.39284065991763
 10
2.0982413547758068
 20
6.381960784313726
 10
2.103916449086162
 20
6.3749724624936235
 10
2.145169712793734
 20
6.367838076246109
 10
2.171350590732369
 20
6.381960784313726
  0
LWPOLYLINE
  5
5D
330
17
100
AcDbEntity
  8
CONDUCTIVE_METASURFACE
100
AcDbPolyline
 90
23
 70
1
 10
3.1406118656776343
 20
6.381960784313726
 10
3.135248041775457
 20
6.392185522770045
 10
3.0939947780678856
 20
6.408460576608635
 10
3.089324089166376
 20
6.412941176470588
 10
3.0663098242732665
 20
6.443921568627451
 10
3.0939947780678856
 20
6.464955967415416
 10
3.1122429841443298
 20
6.4749019607843135
 10
3.135248041775457
 20
6.49502024614023
 10
3.1406968330017797
 20
6.5058823529411764
 10
3.135248041775457
 20
6.512382765938868
 10
3.0939947780678856
 20
6.523287281986798
 10
3.060263022552542
 20
6.5058823529411764
 10
3.0769700282368393
 20
6.4749019607843135
 10
3.052741514360313
 20
6.456976736327229
 10
3.0114882506527416
 20
6.452401833644309
 10
3.0074722667448173
 20
6.443921568627451
 10
3.0114882506527416
 20
6.4337759666700185
 10
3.023656256213558
 20
6.412941176470588
 10
3.052741514360313
 20
6.391527981056237
 10
3.0680767887336526
 20
6.381960784313726
 10
3.0939947780678856
 20
6.368074428630831
 10
3.135248041775457
 20
6.375355238099631
 10
3.1406118656776343
 20
6.381960784313726
  0
LWPOLYLINE
  5
5E
330
17
100
AcDbEntity
  8
CONDUCTIVE_METASURFACE
100
AcDbPolyline
 90
23
 70
1
 10
7.45176834530156
 20
6.381960784313726
 10
7.466840731070496
 20
6.391431533022758
 10
7.496167244455218
 20
6.412941176470588
 10
7.508093994778068
 20
6.433327124056463
 10
7.51230539281484
 20
6.443921568627451
 10
7.508093994778068
 20
6.452884384465936
 10
7.466840731070496
 20
6.45752123888521
 10
7.443832722874437
 20
6.4749019607843135
 10
7.460594562387836
 20
6.5058823529411764
 10
7.4255874673629245
 20
6.523697208926165
 10
7.384334203655353
 20
6.5129727079914055
 10
7.37838490279071
 20
6.5058823529411764
 10
7.384334203655353
 20
6.494049741962523
 10
7.4061819063920575
 20
6.4749019607843135
 10
7.4255874673629245
 20
6.464360169934193
 10
7.4529269926494575
 20
6.443921568627451
 10
7.429861142403462
 20
6.412941176470588
 10
7.4255874673629245
 20
6.408874336076364
 10
7.384334203655353
 20
6.39284065991763
 10
7.378659109344997
 20
6.381960784313726
 10
7.384334203655353
 20
6.3749724624936235
 10
7.4255874673629245
 20
6.367838076246109
 10
7.45176834530156
 20
6.381960784313726
  0
LWPOLYLINE
  5
5F
330
17
100
AcDbEntity
  8
CONDUCTIVE_METASURFACE
100
AcDbPolyline
 90
23
 70
1
 10
8.421029620246825
 20
6.381960784313726
 10
8.415665796344648
 20
6.392185522770045
 10
8.374412532637075
 20
6.408460576608635
 10
8.369741843735566
 20
6.412941176470588
 10
8.346727578842458
 20
6.443921568627451
 10
8.374412532637075
 20
6.464955967415416
 10
8.392660738713522
 20
6.4749019607843135
 10
8.415665796344648
 20
6.49502024614023
 10
8.42111458757097
 20
6.5058823529411764
 10
8.415665796344648
 20
6.512382765938868
 10
8.374412532637075
 20
6.523287281986798
 10
8.340680777121733
 20
6.5058823529411764
 10
8.357387782806029
 20
6.4749019607843135
 10
8.333159268929505
 20
6.456976736327229
 10
8.291906005221932
 20
6.452401833644309
 10
8.287890021314007
 20
6.443921568627451
 10
8.291906005221932
 20
6.4337759666700185
 10
8.304074010782749
 20
6.412941176470588
 10
8.333159268929505
 20
6.391527981056237
 10
8.348494543302843
 20
6.381960784313726
 10
8.374412532637075
 20
6.368074428630831
 10
8.415665796344648
 20
6.375355238099631
 10
8.421029620246825
 20
6.381960784313726
  0
LWPOLYLINE
  5
60
330
17
100
AcDbEntity
  8
CONDUCTIVE_METASURFACE
100
AcDbPolyline
 90
23
 70
1
 10
12.732186099870749
 20
6.381960784313726
 10
12.747258485639687
 20
6.391431533022758
 10
12.776584999024408
 20
6.412941176470588
 10
12.78851174934726
 20
6.433327124056463
 10
12.792723147384033
 20
6.443921568627451
 10
12.78851174934726
 20
6.452884384465936
 10
12.747258485639687
 20
6.45752123888521
 10
12.724250477443626
 20
6.4749019607843135
 10
12.741012316957027
 20
6.5058823529411764
 10
12.706005221932116
 20
6.523697208926165
 10
12.664751958224544
 20
6.5129727079914055
 10
12.658802657359901
 20
6.5058823529411764
 10
12.664751958224544
 20
6.494049741962523
 10
12.686599660961248
 20
6.4749019607843135
 10
12.706005221932116
 20
6.464360169934193
 10
12.73334474721865
 20
6.443921568627451
 10
12.710278896972653
 20
6.412941176470588
 10
12.706005221932116
 20
6.408874336076364
 10
12.664751958224544
 20
6.39284065991763
 10
12.659076863914189
 20
6.381960784313726
 10
12.664751958224544
 20
6.3749724624936235
 10
12.706005221932116
 20
6.367838076246109
 10
12.732186099870749
 20
6.381960784313726
  0
LWPOLYLINE
  5
61
330
17
100
AcDbEntity
  8
CONDUCTIVE_METASURFACE
100
AcDbPolyline
 90
23
 70
1
 10
13.701447374816016
 20
6.381960784313726
 10
13.696083550913839
 20
6.392185522770045
 10
13.654830287206266
 20
6.408460576608635
 10
13.650159598304757
 20
6.412941176470588
 10
13.627145333411649
 20
6.443921568627451
 10
13.654830287206266
 20
6.464955967415416
 10
13.67307849328271
 20
6.4749019607843135
 10
13.696083550913839
 20
6.49502024614023
 10
13.70153234214016
 20
6.5058823529411764
 10
13.696083550913839
 20
6.512382765938868
 10
13.654830287206266
 20
6.523287281986798
 10
13.621098531690924
 20
6.5058823529411764
 10
13.63780553737522
 20
6.4749019607843135
 10
13.613577023498694
 20
6.456976736327229
 10
13.572323759791123
 20
6.452401833644309
 10
13.568307775883198
 20
6.443921568627451
 10
13.572323759791123
 20
6.4337759666700185
 10
13.58449176535194
 20
6.412941176470588
 10
13.613577023498694
 20
6.391527981056237
 10
13.628912297872034
 20
6.381960784313726
 10
13.654830287206266
 20
6.368074428630831
 10
13.696083550913839
 20
6.375355238099631
 10
13.701447374816016
 20
6.381960784313726
  0
LWPOLYLINE
  5
62
330
17
100
AcDbEntity
  8
CONDUCTIVE_METASURFACE
100
AcDbPolyline
 90
23
 70
1
 10
1.952413249095217
 20
6.227058823529412
 10
1.9801566579634464
 20
6.23619676250695
 10
2.008670345149583
 20
6.258039215686274
 10
2.0214099216710184
 20
6.269555669103739
 10
2.0399009074595282
 20
6.289019607843138
 10
2.0302058432933014
 20
6.32
 10
2.0214099216710184
 20
6.324028135101905
 10
2.007794742178056
 20
6.32
 10
1.9861230505422918
 20
6.289019607843138
 10
1.9801566579634464
 20
6.285511972044234
 10
1.9389033942558749
 20
6.268228750419681
 10
1.9108941661789371
 20
6.289019607843138
 10
1.8976501305483031
 20
6.302723679458341
 10
1.8708607045139396
 20
6.32
 10
1.8563968668407311
 20
6.324091905530843
 10
1.8477410405523043
 20
6.32
 10
1.8332206319253956
 20
6.289019607843138
 10
1.8563968668407311
 20
6.263687724575434
 10
1.8976501305483031
 20
6.276234313742475
 10
1.9215192000595698
 20
6.258039215686274
 10
1.927611069702511
 20
6.227058823529412
 10
1.9389033942558749
 20
6.22404288397467
 10
1.952413249095217
 20
6.227058823529412
  0
LWPOLYLINE
  5
63
330
17
100
AcDbEntity
  8
CONDUCTIVE_METASURFACE
100
AcDbPolyline
 90
23
 70
1
 10
3.3121960110478894
 20
6.227058823529412
 10
3.3183704417335145
 20
6.258039215686274
 10
3.341514360313316
 20
6.275317730050003
 10
3.3827676240208877
 20
6.262729985651702
 10
3.406489729557811
 20
6.289019607843138
 10
3.3922090541957193
 20
6.32
 10
3.3827676240208877
 20
6.3244677984046245
 10
3.3670114026826408
 20
6.32
 10
3.341514360313316
 20
6.303592838178121
 10
3.3274769537375555
 20
6.289019607843138
 10
3.300261096605744
 20
6.268488226734754
 10
3.2590078328981726
 20
6.285810157986732
 10
3.253592463169446
 20
6.289019607843138
 10
3.232242142267028
 20
6.32
 10
3.2177545691906007
 20
6.324261891860637
 10
3.2084489580039226
 20
6.32
 10
3.198948850267072
 20
6.289019607843138
 10
3.2177545691906007
 20
6.269358254803898
 10
3.2303657369037726
 20
6.258039215686274
 10
3.2590078328981726
 20
6.23601558729198
 10
3.286153559207588
 20
6.227058823529412
 10
3.300261096605744
 20
6.22389612718053
 10
3.3121960110478894
 20
6.227058823529412
  0
LWPOLYLINE
  5
64
330
17
100
AcDbEntity
  8
CONDUCTIVE_METASURFACE
100
AcDbPolyline
 90
23
 70
1
 10
7.232831003664408
 20
6.227058823529412
 10
7.2605744125326375
 20
6.23619676250695
 10
7.289088099718774
 20
6.258039215686274
 10
7.301827676240209
 20
6.269555669103739
 10
7.320318662028719
 20
6.289019607843138
 10
7.310623597862492
 20
6.32
 10
7.301827676240209
 20
6.324028135101905
 10
7.288212496747247
 20
6.32
 10
7.266540805111482
 20
6.289019607843138
 10
7.2605744125326375
 20
6.285511972044234
 10
7.219321148825066
 20
6.268228750419681
 10
7.191311920748128
 20
6.289019607843138
 10
7.1780678851174935
 20
6.302723679458341
 10
7.15127845908313
 20
6.32
 10
7.136814621409922
 20
6.324091905530843
 10
7.128158795121495
 20
6.32
 10
7.113638386494587
 20
6.289019607843138
 10
7.136814621409922
 20
6.263687724575434
 10
7.1780678851174935
 20
6.276234313742475
 10
7.201936954628761
 20
6.258039215686274
 10
7.208028824271703
 20
6.227058823529412
 10
7.219321148825066
 20
6.22404288397467
 10
7.232831003664408
 20
6.227058823529412
  0
LWPOLYLINE
  5
65
330
17
100
AcDbEntity
  8
CONDUCTIVE_METASURFACE
100
AcDbPolyline
 90
23
 70
1
 10
8.592613765617081
 20
6.227058823529412
 10
8.598788196302706
 20
6.258039215686274
 10
8.621932114882506
 20
6.275317730050003
 10
8.663185378590079
 20
6.262729985651702
 10
8.686907484127001
 20
6.289019607843138
 10
8.672626808764912
 20
6.32
 10
8.663185378590079
 20
6.3244677984046245
 10
8.647429157251832
 20
6.32
 10
8.621932114882506
 20
6.303592838178121
 10
8.607894708306745
 20
6.289019607843138
 10
8.580678851174936
 20
6.268488226734754
 10
8.539425587467363
 20
6.285810157986732
 10
8.534010217738636
 20
6.289019607843138
 10
8.512659896836219
 20
6.32
 10
8.498172323759793
 20
6.324261891860637
 10
8.488866712573113
 20
6.32
 10
8.479366604836262
 20
6.289019607843138
 10
8.498172323759793
 20
6.269358254803898
 10
8.510783491472962
 20
6.258039215686274
 10
8.539425587467363
 20
6.23601558729198
 10
8.566571313776778
 20
6.227058823529412
 10
8.580678851174936
 20
6.22389612718053
 10
8.592613765617081
 20
6.227058823529412
  0
LWPOLYLINE
  5
66
330
17
100
AcDbEntity
  8
CONDUCTIVE_METASURFACE
100
AcDbPolyline
 90
23
 70
1
 10
12.513248758233598
 20
6.227058823529412
 10
12.540992167101829
 20
6.23619676250695
 10
12.569505854287966
 20
6.258039215686274
 10
12.5822454308094
 20
6.269555669103739
 10
12.600736416597911
 20
6.289019607843138
 10
12.591041352431683
 20
6.32
 10
12.5822454308094
 20
6.324028135101905
 10
12.568630251316439
 20
6.32
 10
12.546958559680672
 20
6.289019607843138
 10
12.540992167101829
 20
6.285511972044234
 10
12.499738903394256
 20
6.268228750419681
 10
12.47172967531732
 20
6.289019607843138
 10
12.458485639686685
 20
6.302723679458341
 10
12.431696213652321
 20
6.32
 10
12.417232375979113
 20
6.324091905530843
 10
12.408576549690686
 20
6.32
 10
12.394056141063778
 20
6.289019607843138
 10
12.417232375979113
 20
6.263687724575434
 10
12.458485639686685
 20
6.276234313742475
 10
12.482354709197953
 20
6.258039215686274
 10
12.488446578840893
 20
6.227058823529412
 10
12.499738903394256
 20
6.22404288397467
 10
12.513248758233598
 20
6.227058823529412
  0
LWPOLYLINE
  5
67
330
17
100
AcDbEntity
  8
CONDUCTIVE_METASURFACE
100
AcDbPolyline
 90
23
 70
1
 10
13.873031520186272
 20
6.227058823529412
 10
13.879205950871896
 20
6.258039215686274
 10
13.902349869451697
 20
6.275317730050003
 10
13.94360313315927
 20
6.262729985651702
 10
13.967325238696192
 20
6.289019607843138
 10
13.953044563334101
 20
6.32
 10
13.94360313315927
 20
6.3244677984046245
 10
13.927846911821023
 20
6.32
 10
13.902349869451697
 20
6.303592838178121
 10
13.888312462875936
 20
6.289019607843138
 10
13.861096605744127
 20
6.268488226734754
 10
13.819843342036554
 20
6.285810157986732
 10
13.814427972307826
 20
6.289019607843138
 10
13.79307765140541
 20
6.32
 10
13.778590078328984
 20
6.324261891860637
 10
13.769284467142306
 20
6.32
 10
13.759784359405453
 20
6.289019607843138
 10
13.778590078328984
 20
6.269358254803898
 10
13.791201246042153
 20
6.258039215686274
 10
13.819843342036554
 20
6.23601558729198
 10
13.84698906834597
 20
6.227058823529412
 10
13.861096605744127
 20
6.22389612718053
 10
13.873031520186272
 20
6.227058823529412
  0
LWPOLYLINE
  5
68
330
17
100
AcDbEntity
  8
CONDUCTIVE_METASURFACE
100
AcDbPolyline
 90
17
 70
1
 10
2.716485601445371
 20
5.886274509803922
 10
2.7165054039264773
 20
5.917254901960785
 10
2.716493486794732
 20
5.948235294117647
 10
2.7164270216070947
 20
5.97921568627451
 10
2.681462140992167
 20
6.005517615290719
 10
2.6402088772845955
 20
6.005532484056938
 10
2.5989556135770235
 20
6.005523558140601
 10
2.557702349869452
 20
6.005473638670203
 10
2.5226788583726716
 20
5.97921568627451
 10
2.522659066808828
 20
5.948235294117647
 10
2.5226709851379807
 20
5.917254901960785
 10
2.5227374763987265
 20
5.886274509803922
 10
2.557702349869452
 20
5.85997257383071
 10
2.5989556135770235
 20
5.859957702133977
 10
2.6402088772845955
 20
5.859966658472049
 10
2.681462140992167
 20
5.860016588929103
 10
2.716485601445371
 20
5.886274509803922
  0
LWPOLYLINE
  5
69
330
17
100
AcDbEntity
  8
CONDUCTIVE_METASURFACE
100
AcDbPolyline
 90
17
 70
1
 10
7.9969033560145615
 20
5.886274509803922
 10
7.996923158495669
 20
5.917254901960785
 10
7.996911241363922
 20
5.948235294117647
 10
7.996844776176287
 20
5.97921568627451
 10
7.961879895561357
 20
6.005517615290719
 10
7.920626631853786
 20
6.005532484056938
 10
7.879373368146214
 20
6.005523558140601
 10
7.838120104438643
 20
6.005473638670203
 10
7.803096612941862
 20
5.97921568627451
 10
7.803076821378019
 20
5.948235294117647
 10
7.803088739707171
 20
5.917254901960785
 10
7.803155230967918
 20
5.886274509803922
 10
7.838120104438643
 20
5.85997257383071
 10
7.879373368146214
 20
5.859957702133977
 10
7.920626631853786
 20
5.859966658472049
 10
7.961879895561357
 20
5.860016588929103
 10
7.9969033560145615
 20
5.886274509803922
  0
LWPOLYLINE
  5
6A
330
17
100
AcDbEntity
  8
CONDUCTIVE_METASURFACE
100
AcDbPolyline
 90
17
 70
1
 10
13.277321110583753
 20
5.886274509803922
 10
13.27734091306486
 20
5.917254901960785
 10
13.277328995933113
 20
5.948235294117647
 10
13.277262530745476
 20
5.97921568627451
 10
13.24229765013055
 20
6.005517615290719
 10
13.201044386422977
 20
6.005532484056938
 10
13.159791122715406
 20
6.005523558140601
 10
13.118537859007834
 20
6.005473638670203
 10
13.083514367511054
 20
5.97921568627451
 10
13.08349457594721
 20
5.948235294117647
 10
13.083506494276364
 20
5.917254901960785
 10
13.083572985537108
 20
5.886274509803922
 10
13.118537859007834
 20
5.85997257383071
 10
13.159791122715406
 20
5.859957702133977
 10
13.201044386422977
 20
5.859966658472049
 10
13.24229765013055
 20
5.860016588929103
 10
13.277321110583753
 20
5.886274509803922
  0
LWPOLYLINE
  5
6B
330
17
100
AcDbEntity
  8
CONDUCTIVE_METASURFACE
100
AcDbPolyline
 90
23
 70
1
 10
2.030715565082658
 20
5.545490196078431
 10
2.0402156458169087
 20
5.576470588235294
 10
2.0214099216710184
 20
5.596131910513133
 10
2.008798725410215
 20
5.607450980392157
 10
1.9801566579634464
 20
5.629474633654976
 10
1.9530109710168182
 20
5.63843137254902
 10
1.9389033942558749
 20
5.641594074446143
 10
1.9269684752157397
 20
5.63843137254902
 10
1.9207941332537417
 20
5.607450980392157
 10
1.8976501305483031
 20
5.5901724477331545
 10
1.8563968668407311
 20
5.602760210943618
 10
1.8326747493666609
 20
5.576470588235294
 10
1.8469553890270907
 20
5.545490196078431
 10
1.8563968668407311
 20
5.5410223794421345
 10
1.8721531588626872
 20
5.545490196078431
 10
1.8976501305483031
 20
5.561897328346749
 10
1.911687549455907
 20
5.576470588235294
 10
1.9389033942558749
 20
5.597002000883482
 10
1.9801566579634464
 20
5.5796800177837556
 10
1.9855719992913279
 20
5.576470588235294
 10
2.00692229292785
 20
5.545490196078431
 10
2.0214099216710184
 20
5.541228295521377
 10
2.030715565082658
 20
5.545490196078431
  0
LWPOLYLINE
  5
6C
330
17
100
AcDbEntity
  8
CONDUCTIVE_METASURFACE
100
AcDbPolyline
 90
23
 70
1
 10
3.391423674552228
 20
5.545490196078431
 10
3.405944045646909
 20
5.576470588235294
 10
3.3827676240208877
 20
5.601802611162802
 10
3.341514360313316
 20
5.5892559852001735
 10
3.317645394352006
 20
5.607450980392157
 10
3.3115536092748523
 20
5.63843137254902
 10
3.300261096605744
 20
5.641447355257783
 10
3.2867510885525912
 20
5.63843137254902
 10
3.2590078328981726
 20
5.629293448779253
 10
3.2304941704029186
 20
5.607450980392157
 10
3.2177545691906007
 20
5.5959345253163635
 10
3.199263562313694
 20
5.576470588235294
 10
3.208958579327301
 20
5.545490196078431
 10
3.2177545691906007
 20
5.541462028220562
 10
3.231369878820042
 20
5.545490196078431
 10
3.2530415728697912
 20
5.576470588235294
 10
3.2590078328981726
 20
5.579978151255653
 10
3.300261096605744
 20
5.597261349371459
 10
3.3282701674552744
 20
5.576470588235294
 10
3.341514360313316
 20
5.562766339680072
 10
3.368303430667891
 20
5.545490196078431
 10
3.3827676240208877
 20
5.541398187804392
 10
3.391423674552228
 20
5.545490196078431
  0
LWPOLYLINE
  5
6D
330
17
100
AcDbEntity
  8
CONDUCTIVE_METASURFACE
100
AcDbPolyline
 90
23
 70
1
 10
7.311133319651849
 20
5.545490196078431
 10
7.3206334003861
 20
5.576470588235294
 10
7.301827676240209
 20
5.596131910513133
 10
7.289216479979405
 20
5.607450980392157
 10
7.2605744125326375
 20
5.629474633654976
 10
7.23342872558601
 20
5.63843137254902
 10
7.219321148825066
 20
5.641594074446143
 10
7.207386229784931
 20
5.63843137254902
 10
7.201211887822932
 20
5.607450980392157
 10
7.1780678851174935
 20
5.5901724477331545
 10
7.136814621409922
 20
5.602760210943618
 10
7.113092503935851
 20
5.576470588235294
 10
7.127373143596282
 20
5.545490196078431
 10
7.136814621409922
 20
5.5410223794421345
 10
7.1525709134318785
 20
5.545490196078431
 10
7.1780678851174935
 20
5.561897328346749
 10
7.192105304025098
 20
5.576470588235294
 10
7.219321148825066
 20
5.597002000883482
 10
7.2605744125326375
 20
5.5796800177837556
 10
7.265989753860519
 20
5.576470588235294
 10
7.2873400474970405
 20
5.545490196078431
 10
7.301827676240209
 20
5.541228295521377
 10
7.311133319651849
 20
5.545490196078431
  0
LWPOLYLINE
  5
6E
330
17
100
AcDbEntity
  8
CONDUCTIVE_METASURFACE
100
AcDbPolyline
 90
23
 70
1
 10
8.67184142912142
 20
5.545490196078431
 10
8.6863618002161
 20
5.576470588235294
 10
8.663185378590079
 20
5.601802611162802
 10
8.621932114882506
 20
5.5892559852001735
 10
8.598063148921197
 20
5.607450980392157
 10
8.591971363844042
 20
5.63843137254902
 10
8.580678851174936
 20
5.641447355257783
 10
8.567168843121781
 20
5.63843137254902
 10
8.539425587467363
 20
5.629293448779253
 10
8.51091192497211
 20
5.607450980392157
 10
8.498172323759793
 20
5.5959345253163635
 10
8.479681316882886
 20
5.576470588235294
 10
8.489376333896493
 20
5.545490196078431
 10
8.498172323759793
 20
5.541462028220562
 10
8.511787633389233
 20
5.545490196078431
 10
8.533459327438981
 20
5.576470588235294
 10
8.539425587467363
 20
5.579978151255653
 10
8.580678851174936
 20
5.597261349371459
 10
8.608687922024464
 20
5.576470588235294
 10
8.621932114882506
 20
5.562766339680072
 10
8.648721185237083
 20
5.545490196078431
 10
8.663185378590079
 20
5.541398187804392
 10
8.67184142912142
 20
5.545490196078431
  0
LWPOLYLINE
  5
6F
330
17
100
AcDbEntity
  8
CONDUCTIVE_METASURFACE
100
AcDbPolyline
 90
23
 70
1
 10
12.591551074221039
 20
5.545490196078431
 10
12.60105115495529
 20
5.576470588235294
 10
12.5822454308094
 20
5.596131910513133
 10
12.569634234548598
 20
5.607450980392157
 10
12.540992167101829
 20
5.629474633654976
 10
12.5138464801552
 20
5.63843137254902
 10
12.499738903394256
 20
5.641594074446143
 10
12.48780398435412
 20
5.63843137254902
 10
12.481629642392123
 20
5.607450980392157
 10
12.458485639686685
 20
5.5901724477331545
 10
12.417232375979113
 20
5.602760210943618
 10
12.393510258505042
 20
5.576470588235294
 10
12.407790898165471
 20
5.545490196078431
 10
12.417232375979113
 20
5.5410223794421345
 10
12.43298866800107
 20
5.545490196078431
 10
12.458485639686685
 20
5.561897328346749
 10
12.472523058594287
 20
5.576470588235294
 10
12.499738903394256
 20
5.597002000883482
 10
12.540992167101829
 20
5.5796800177837556
 10
12.54640750842971
 20
5.576470588235294
 10
12.56775780206623
 20
5.545490196078431
 10
12.5822454308094
 20
5.541228295521377
 10
12.591551074221039
 20
5.545490196078431
  0
LWPOLYLINE
  5
70
330
17
100
AcDbEntity
  8
CONDUCTIVE_METASURFACE
100
AcDbPolyline
 90
23
 70
1
 10
13.952259183690611
 20
5.545490196078431
 10
13.96677955478529
 20
5.576470588235294
 10
13.94360313315927
 20
5.601802611162802
 10
13.902349869451697
 20
5.5892559852001735
 10
13.878480903490388
 20
5.607450980392157
 10
13.872389118413235
 20
5.63843137254902
 10
13.861096605744127
 20
5.641447355257783
 10
13.847586597690972
 20
5.63843137254902
 10
13.819843342036554
 20
5.629293448779253
 10
13.7913296795413
 20
5.607450980392157
 10
13.778590078328984
 20
5.5959345253163635
 10
13.760099071452075
 20
5.576470588235294
 10
13.769794088465684
 20
5.545490196078431
 10
13.778590078328984
 20
5.541462028220562
 10
13.792205387958425
 20
5.545490196078431
 10
13.813877082008172
 20
5.576470588235294
 10
13.819843342036554
 20
5.579978151255653
 10
13.861096605744127
 20
5.597261349371459
 10
13.889105676593655
 20
5.576470588235294
 10
13.902349869451697
 20
5.562766339680072
 10
13.929138939806272
 20
5.545490196078431
 10
13.94360313315927
 20
5.541398187804392
 10
13.952259183690611
 20
5.545490196078431
  0
LWPOLYLINE
  5
71
330
17
100
AcDbEntity
  8
CONDUCTIVE_METASURFACE
100
AcDbPolyline
 90
217
 70
1
 10
2.158512834544269
 20
4.337254901960785
 10
2.1643114063921747
 20
4.368235294117648
 10
2.145169712793734
 20
4.395469280366323
 10
2.137881219725822
 20
4.39921568627451
 10
2.103916449086162
 20
4.421327489416321
 10
2.0626631853785904
 20
4.416983383619561
 10
2.0214099216710184
 20
4.423040831183743
 10
2.0021918821961204
 20
4.430196078431373
 10
1.9870600340786195
 20
4.461176470588235
 10
1.9801566579634464
 20
4.475789081054955
 10
1.9693733731742515
 20
4.492156862745098
 10
1.9631423459800457
 20
4.523137254901961
 10
1.9638067545307694
 20
4.554117647058823
 10
1.9801566579634464
 20
4.583803821663794
 10
1.9807179508978983
 20
4.585098039215686
 10
1.9885916218392146
 20
4.616078431372548
 10
1.9801566579634464
 20
4.633249095236122
 10
1.958272153807785
 20
4.647058823529412
 10
1.9389033942558749
 20
4.6561511188303415
 10
1.8976501305483031
 20
4.665280854302595
 10
1.8808585535932816
 20
4.678039215686275
 10
1.8976501305483031
 20
4.701353273130902
 10
1.90391881308792
 20
4.709019607843137
 10
1.8976501305483031
 20
4.715339568986527
 10
1.869261593388919
 20
4.74
 10
1.8563968668407311
 20
4.748549809083316
 10
1.8272807584753126
 20
4.74
 10
1.8151436031331594
 20
4.736966323798375
 10
1.7738903394255876
 20
4.733078998881445
 10
1.7326370757180158
 20
4.71755299997122
 10
1.7007301454757713
 20
4.709019607843137
 10
1.6913838120104439
 20
4.7071399816109
 10
1.650130548302872
 20
4.701866925422497
 10
1.6331932330415964
 20
4.709019607843137
 10
1.6203881579113533
 20
4.74
 10
1.6387584462873355
 20
4.770980392156863
 10
1.650130548302872
 20
4.773441985318586
 10
1.6913838120104439
 20
4.783855881797698
 10
1.7164345244773973
 20
4.801960784313726
 10
1.7093584150935517
 20
4.832941176470589
 10
1.7078179300991203
 20
4.863921568627451
 10
1.7065702394860527
 20
4.894901960784314
 10
1.6913838120104439
 20
4.908806874421809
 10
1.650130548302872
 20
4.9210038567139565
 10
1.6360196037255954
 20
4.925882352941176
 10
1.6088772845953003
 20
4.949185193322447
 10
1.5691341418203468
 20
4.956862745098039
 10
1.5676240208877286
 20
4.957091484515706
 10
1.5263707571801566
 20
4.966155230038271
 10
1.4864918491259471
 20
4.987843137254902
 10
1.4851174934725848
 20
4.991759808802717
 10
1.471571788712453
 20
5.0188235294117645
 10
1.443864229765013
 20
5.029481238058161
 10
1.4166332537401438
 20
5.0498039215686275
 10
1.4026109660574413
 20
5.070235932963307
 10
1.363191931261412
 20
5.0807843137254896
 10
1.3613577023498695
 20
5.081126211545242
 10
1.3320068566140366
 20
5.1117647058823525
 10
1.3201044386422978
 20
5.142520203615444
 10
1.3197719387554587
 20
5.142745098039216
 10
1.3094445590155537
 20
5.1737254901960785
 10
1.278851174934726
 20
5.1939500404274686
 10
1.2722792668539096
 20
5.2047058823529415
 10
1.256175967950835
 20
5.235686274509804
 10
1.2375979112271542
 20
5.247123525127429
 10
1.1963446475195822
 20
5.24802998931752
 10
1.1550913838120105
 20
5.249384141561991
 10
1.1138381201044387
 20
5.254899362573875
 10
1.08946528498344
 20
5.235686274509804
 10
1.0754264655899177
 20
5.2047058823529415
 10
1.072584856396867
 20
5.197351477746092
 10
1.0313315926892952
 20
5.182591186157309
 10
0.9900783289817232
 20
5.1921085663987325
 10
0.9806067125131497
 20
5.2047058823529415
 10
0.9876741786402601
 20
5.235686274509804
 10
0.9900783289817232
 20
5.242440682175453
 10
1.0015426215586973
 20
5.2666666666666675
 10
1.022222740644372
 20
5.2976470588235305
 10
1.027302016375068
 20
5.328627450980393
 10
1.0313315926892952
 20
5.337715495121994
 10
1.0427393587660487
 20
5.359607843137256
 10
1.0313315926892952
 20
5.369279988307358
 10
0.9986134155736539
 20
5.390588235294118
 10
0.9900783289817232
 20
5.395395802675541
 10
0.979636495439932
 20
5.390588235294118
 10
0.9488250652741516
 20
5.3781125688168885
 10
0.9320258408947997
 20
5.390588235294118
 10
0.9198465215476057
 20
5.421568627450981
 10
0.9075718015665797
 20
5.4363589936380325
 10
0.8896058095366731
 20
5.452549019607844
 10
0.8663185378590079
 20
5.45903433216086
 10
0.825065274151436
 20
5.453307639567124
 10
0.8219496230077105
 20
5.452549019607844
 10
0.7838120104438643
 20
5.440658342140238
 10
0.7425587467362924
 20
5.440153886221459
 10
0.7013054830287206
 20
5.444985281465212
 10
0.680824779590522
 20
5.452549019607844
 10
0.6600522193211489
 20
5.458028527629538
 10
0.6187989556135771
 20
5.469667296261731
 10
0.6096982343891381
 20
5.483529411764706
 10
0.6017785189495926
 20
5.514509803921569
 10
0.6080119672146315
 20
5.545490196078431
 10
0.5775456919060052
 20
5.571507361150545
 10
0.5729666564027609
 20
5.576470588235294
 10
0.5362924281984335
 20
5.590826586383332
 10
0.4950391644908616
 20
5.586506644566908
 10
0.47810879522295685
 20
5.576470588235294
 10
0.4720745571860936
 20
5.545490196078431
 10
0.4771288252815002
 20
5.514509803921569
 10
0.48901283232407355
 20
5.483529411764706
 10
0.4950391644908616
 20
5.48024628171864
 10
0.5313799021572192
 20
5.452549019607844
 10
0.5327683392553179
 20
5.421568627450981
 10
0.5362924281984335
 20
5.418312718249492
 10
0.558750914403076
 20
5.421568627450981
 10
0.5775456919060052
 20
5.425088882559827
 10
0.584591471516444
 20
5.421568627450981
 10
0.6014657942464937
 20
5.390588235294118
 10
0.5951393567648253
 20
5.359607843137256
 10
0.5775456919060052
 20
5.329878326458504
 10
0.5755520793627243
 20
5.328627450980393
 10
0.5645207606831906
 20
5.2976470588235305
 10
0.5775456919060052
 20
5.275159262214256
 10
0.5846031893570495
 20
5.2666666666666675
 10
0.6115771549595256
 20
5.235686274509804
 10
0.6187989556135771
 20
5.229177415518562
 10
0.6600522193211489
 20
5.220827930457652
 10
0.699492080682728
 20
5.2047058823529415
 10
0.7013054830287206
 20
5.204243053757476
 10
0.7425587467362924
 20
5.201677128811039
 10
0.7614770120169472
 20
5.2047058823529415
 10
0.7838120104438643
 20
5.20742874438073
 10
0.7907226460930478
 20
5.2047058823529415
 10
0.825065274151436
 20
5.189609458730086
 10
0.8468112961552131
 20
5.1737254901960785
 10
0.8497824456433758
 20
5.142745098039216
 10
0.8315341450789338
 20
5.1117647058823525
 10
0.8290099666289659
 20
5.0807843137254896
 10
0.8390456924975274
 20
5.0498039215686275
 10
0.8578346913843907
 20
5.0188235294117645
 10
0.8663185378590079
 20
5.01447030780639
 10
0.9075718015665797
 20
4.998648798244927
 10
0.9486052909023779
 20
5.0188235294117645
 10
0.9488250652741516
 20
5.018951274191126
 10
0.9793491855823421
 20
5.0498039215686275
 10
0.9685435284451244
 20
5.0807843137254896
 10
0.9596219238312822
 20
5.1117647058823525
 10
0.9900783289817232
 20
5.1270758415470095
 10
1.0268811987399036
 20
5.1117647058823525
 10
1.0261432231446859
 20
5.0807843137254896
 10
1.0313315926892952
 20
5.077807524034059
 10
1.072584856396867
 20
5.061673289847232
 10
1.1138381201044387
 20
5.056612774746879
 10
1.1250176462896906
 20
5.0498039215686275
 10
1.1516727989614428
 20
5.0188235294117645
 10
1.1550913838120105
 20
5.017055076967333
 10
1.177041953092943
 20
4.987843137254902
 10
1.184980915700093
 20
4.956862745098039
 10
1.1892386811621827
 20
4.925882352941176
 10
1.194622829184449
 20
4.894901960784314
 10
1.1963446475195822
 20
4.887699244765885
 10
1.2293816949590493
 20
4.863921568627451
 10
1.2375979112271542
 20
4.862855574753662
 10
1.278851174934726
 20
4.858957855023198
 10
1.3201044386422978
 20
4.855559284797356
 10
1.3613577023498695
 20
4.84946257674741
 10
1.40005280964386
 20
4.832941176470589
 10
1.4026109660574413
 20
4.830125617810247
 10
1.443864229765013
 20
4.810205790988527
 10
1.4529015485539358
 20
4.801960784313726
 10
1.4598317244112753
 20
4.770980392156863
 10
1.4813644098891259
 20
4.74
 10
1.4851174934725848
 20
4.736250669588297
 10
1.5263707571801566
 20
4.736811895390602
 10
1.5466411044215915
 20
4.709019607843137
 10
1.5263707571801566
 20
4.686695089506837
 10
1.4851174934725848
 20
4.693121159613353
 10
1.443864229765013
 20
4.701057060657801
 10
1.4026109660574413
 20
4.678144350379248
 10
1.4024641839643734
 20
4.678039215686275
 10
1.3753699488640465
 20
4.647058823529412
 10
1.396615084040283
 20
4.616078431372548
 10
1.4026109660574413
 20
4.6095144434928
 10
1.443864229765013
 20
4.595490799787817
 10
1.4851174934725848
 20
4.5876713978901655
 10
1.5263707571801566
 20
4.58894833763317
 10
1.5676240208877286
 20
4.603156048709874
 10
1.6088772845953003
 20
4.6010931914358215
 10
1.6297152599555522
 20
4.585098039215686
 10
1.650130548302872
 20
4.559205864820656
 10
1.6536937388468698
 20
4.554117647058823
 10
1.650130548302872
 20
4.537936267410379
 10
1.645833696718213
 20
4.523137254901961
 10
1.649158513983347
 20
4.492156862745098
 10
1.650130548302872
 20
4.489996867641901
 10
1.6709455181119697
 20
4.461176470588235
 10
1.682143002407419
 20
4.430196078431373
 10
1.6913838120104439
 20
4.424429317104064
 10
1.7326370757180158
 20
4.4043254947500845
 10
1.743575964567321
 20
4.39921568627451
 10
1.7738903394255876
 20
4.3892354800942
 10
1.8151436031331594
 20
4.397520058270804
 10
1.8170161091900672
 20
4.39921568627451
 10
1.8563968668407311
 20
4.412387661998945
 10
1.8976501305483031
 20
4.417174680692886
 10
1.9389033942558749
 20
4.40460075239957
 10
1.9436716873009692
 20
4.39921568627451
 10
1.9389033942558749
 20
4.385137592596531
 10
1.93447447616827
 20
4.368235294117648
 10
1.9389033942558749
 20
4.36554487010741
 10
1.9801566579634464
 20
4.364604546818203
 10
2.0172120068103605
 20
4.337254901960785
 10
2.0214099216710184
 20
4.332939877525022
 10
2.0626631853785904
 20
4.324098729943649
 10
2.103916449086162
 20
4.320418429148281
 10
2.145169712793734
 20
4.324692535643642
 10
2.158512834544269
 20
4.337254901960785
  0
LWPOLYLINE
  5
72
330
17
100
AcDbEntity
  8
CONDUCTIVE_METASURFACE
100
AcDbPolyline
 90
217
 70
1
 10
3.2221263922096397
 20
4.337254901960785
 10
3.2590078328981726
 20
4.364546056803695
 10
3.300261096605744
 20
4.365588720308331
 10
3.3045967267731937
 20
4.368235294117648
 10
3.300261096605744
 20
4.385101439937855
 10
3.295573616613666
 20
4.39921568627451
 10
3.300261096605744
 20
4.404506853350078
 10
3.341514360313316
 20
4.417179175028766
 10
3.3827676240208877
 20
4.412428141805296
 10
3.422355137984831
 20
4.39921568627451
 10
3.4240208877284597
 20
4.397718440395998
 10
3.4652741514360317
 20
4.389434184274795
 10
3.4952188482390505
 20
4.39921568627451
 10
3.506527415143603
 20
4.404515679910763
 10
3.547780678851175
 20
4.424772592716038
 10
3.55644791658076
 20
4.430196078431373
 10
3.567565940957422
 20
4.461176470588235
 10
3.5890339425587467
 20
4.490795032829979
 10
3.589650241589743
 20
4.492156862745098
 10
3.5930669937570414
 20
4.523137254901961
 10
3.5890339425587467
 20
4.537344503135594
 10
3.5854082153979516
 20
4.554117647058823
 10
3.5890339425587467
 20
4.559307384727065
 10
3.6091362021687248
 20
4.585098039215686
 10
3.6302872062663187
 20
4.6014288952032025
 10
3.6715404699738903
 20
4.603660181483718
 10
3.7127937336814623
 20
4.589956083350541
 10
3.754046997389034
 20
4.588060475461367
 10
3.7953002610966062
 20
4.595597068013292
 10
3.8365535248041778
 20
4.609707276070818
 10
3.842350200844108
 20
4.616078431372548
 10
3.863418032668076
 20
4.647058823529412
 10
3.8365535248041778
 20
4.677874153237119
 10
3.8363834041422877
 20
4.678039215686275
 10
3.7953002610966062
 20
4.700962210762217
 10
3.754046997389034
 20
4.6928473593491455
 10
3.7127937336814623
 20
4.686147421443993
 10
3.692405465656986
 20
4.709019607843137
 10
3.7127937336814623
 20
4.736657831729264
 10
3.754046997389034
 20
4.736103647089247
 10
3.7580108709983655
 20
4.74
 10
3.779495076815116
 20
4.770980392156863
 10
3.7862336481871885
 20
4.801960784313726
 10
3.7953002610966062
 20
4.81035639687623
 10
3.8365535248041778
 20
4.830373876141502
 10
3.8389083869121134
 20
4.832941176470589
 10
3.8778067885117498
 20
4.849425654742238
 10
3.9190600522193213
 20
4.8553876638427464
 10
3.960313315926893
 20
4.858585164832632
 10
4.001566579634464
 20
4.862628515801808
 10
4.011157687479259
 20
4.863921568627451
 10
4.042819843342037
 20
4.888731587862
 10
4.044239353918524
 20
4.894901960784314
 10
4.049429577284295
 20
4.925882352941176
 10
4.053955126939573
 20
4.956862745098039
 10
4.062073403663574
 20
4.987843137254902
 10
4.084073107049608
 20
5.0169023280809615
 10
4.087822424021654
 20
5.0188235294117645
 10
4.114347373606717
 20
5.0498039215686275
 10
4.125326370757181
 20
5.056590794819926
 10
4.166579634464752
 20
5.061795207638829
 10
4.207832898172324
 20
5.077965851023092
 10
4.212825424726046
 20
5.0807843137254896
 10
4.2120781230745035
 20
5.1117647058823525
 10
4.249086161879896
 20
5.1269873629887055
 10
4.278813376527446
 20
5.1117647058823525
 10
4.270256467507127
 20
5.0807843137254896
 10
4.259689061446861
 20
5.0498039215686275
 10
4.290199438676358
 20
5.0188235294117645
 10
4.290339425587468
 20
5.018713306493677
 10
4.331592689295039
 20
4.998366055261063
 10
4.372845953002611
 20
5.014320707018283
 10
4.381586568717567
 20
5.0188235294117645
 10
4.400260309992746
 20
5.0498039215686275
 10
4.41067258718086
 20
5.0807843137254896
 10
4.408972255280009
 20
5.1117647058823525
 10
4.390053320936385
 20
5.142745098039216
 10
4.392800203486907
 20
5.1737254901960785
 10
4.414099216710183
 20
5.189374398324601
 10
4.448576981729504
 20
5.2047058823529415
 10
4.455352480417755
 20
5.207381799277596
 10
4.476899627425195
 20
5.2047058823529415
 10
4.496605744125326
 20
5.201479036926292
 10
4.537859007832898
 20
5.203975897509745
 10
4.540735263468608
 20
5.2047058823529415
 10
4.57911227154047
 20
5.220337536907245
 10
4.620365535248042
 20
5.228746565117455
 10
4.6280445545601125
 20
5.235686274509804
 10
4.654814684263574
 20
5.2666666666666675
 10
4.6616187989556135
 20
5.274881495992517
 10
4.674908392528116
 20
5.2976470588235305
 10
4.6638766838205115
 20
5.328627450980393
 10
4.6616187989556135
 20
5.330033666116564
 10
4.64407911588933
 20
5.359607843137256
 10
4.637704768441426
 20
5.390588235294118
 10
4.65444814200579
 20
5.421568627450981
 10
4.6616187989556135
 20
5.42514949707738
 10
4.680364860504462
 20
5.421568627450981
 10
4.702872062663185
 20
5.418242551644328
 10
4.706454655623597
 20
5.421568627450981
 10
4.707706719770811
 20
5.452549019607844
 10
4.7441253263707575
 20
5.480376891684134
 10
4.749871119035009
 20
5.483529411764706
 10
4.76164392719031
 20
5.514509803921569
 10
4.7665446207685225
 20
5.545490196078431
 10
4.760853243798677
 20
5.576470588235294
 10
4.7441253263707575
 20
5.5864909984147895
 10
4.702872062663185
 20
5.590845625342918
 10
4.66660752515555
 20
5.576470588235294
 10
4.6616187989556135
 20
5.570997023075007
 10
4.632174933172073
 20
5.545490196078431
 10
4.637959502599123
 20
5.514509803921569
 10
4.629893502044416
 20
5.483529411764706
 10
4.620365535248042
 20
5.469096908383592
 10
4.57911227154047
 20
5.457733240072481
 10
4.559654501110186
 20
5.452549019607844
 10
4.537859007832898
 20
5.444450901063843
 10
4.496605744125326
 20
5.439771563299237
 10
4.455352480417755
 20
5.440270527576149
 10
4.415822475078226
 20
5.452549019607844
 10
4.414099216710183
 20
5.452970512380079
 10
4.372845953002611
 20
5.45888349446001
 10
4.349981696990449
 20
5.452549019607844
 10
4.331592689295039
 20
5.436114128829153
 10
4.319485493324614
 20
5.421568627450981
 10
4.307328394075535
 20
5.390588235294118
 10
4.290339425587468
 20
5.377978063366494
 10
4.259294553240814
 20
5.390588235294118
 10
4.249086161879896
 20
5.395295874595839
 10
4.2406705900301445
 20
5.390588235294118
 10
4.207832898172324
 20
5.3692689571750725
 10
4.196448087242389
 20
5.359607843137256
 10
4.207832898172324
 20
5.3377423171829905
 10
4.211872561762353
 20
5.328627450980393
 10
4.217048829314554
 20
5.2976470588235305
 10
4.2377231656084975
 20
5.2666666666666675
 10
4.249086161879896
 20
5.24270517788753
 10
4.251589052116331
 20
5.235686274509804
 10
4.258610614802234
 20
5.2047058823529415
 10
4.249086161879896
 20
5.191986288290111
 10
4.207832898172324
 20
5.1823699279323385
 10
4.166579634464752
 20
5.196165626054012
 10
4.163301789593584
 20
5.2047058823529415
 10
4.14943474651658
 20
5.235686274509804
 10
4.125326370757181
 20
5.254498895644913
 10
4.084073107049608
 20
5.249184873165446
 10
4.042819843342037
 20
5.248027991413448
 10
4.001566579634464
 20
5.247090999953334
 10
3.983050881724339
 20
5.235686274509804
 10
3.96680948697532
 20
5.2047058823529415
 10
3.960313315926893
 20
5.194108817166038
 10
3.9292834535249703
 20
5.1737254901960785
 10
3.9190600522193213
 20
5.143879222177147
 10
3.918755449245532
 20
5.142745098039216
 10
3.9066862210411704
 20
5.1117647058823525
 10
3.8778067885117498
 20
5.081816476401617
 10
3.8725911095434804
 20
5.0807843137254896
 10
3.8365535248041778
 20
5.070611846903686
 10
3.8223617680288755
 20
5.0498039215686275
 10
3.7953002610966062
 20
5.029354056863499
 10
3.7680929574056354
 20
5.0188235294117645
 10
3.754046997389034
 20
4.989220985636519
 10
3.753591603924665
 20
4.987843137254902
 10
3.7127937336814623
 20
4.965801278887987
 10
3.6718400240096822
 20
4.956862745098039
 10
3.6715404699738903
 20
4.956612967792225
 10
3.6302872062663187
 20
4.948857353852218
 10
3.603356434384793
 20
4.925882352941176
 10
3.5890339425587467
 20
4.920946950301686
 10
3.547780678851175
 20
4.908853679651065
 10
3.532550970678317
 20
4.894901960784314
 10
3.5313439477887023
 20
4.863921568627451
 10
3.529540791631624
 20
4.832941176470589
 10
3.5221967561429475
 20
4.801960784313726
 10
3.547780678851175
 20
4.783657310141391
 10
3.5890339425587467
 20
4.773114442025883
 10
3.5988272396490744
 20
4.770980392156863
 10
3.6184817065427746
 20
4.74
 10
3.6058084938111907
 20
4.709019607843137
 10
3.5890339425587467
 20
4.70190658358161
 10
3.547780678851175
 20
4.707214095859411
 10
3.538786324421868
 20
4.709019607843137
 10
3.506527415143603
 20
4.717628997957141
 10
3.4652741514360317
 20
4.733159360415613
 10
3.4240208877284597
 20
4.736973834725244
 10
3.411919193799037
 20
4.74
 10
3.3827676240208877
 20
4.748566974448656
 10
3.3698883220598534
 20
4.74
 10
3.341514360313316
 20
4.715429221913059
 10
3.3351127035846124
 20
4.709019607843137
 10
3.341514360313316
 20
4.701178076413266
 10
3.35812690468214
 20
4.678039215686275
 10
3.341514360313316
 20
4.665423293343008
 10
3.300261096605744
 20
4.656276888361937
 10
3.2805663596690047
 20
4.647058823529412
 10
3.2590078328981726
 20
4.633566710432059
 10
3.2503720450787204
 20
4.616078431372548
 10
3.2579976698217927
 20
4.585098039215686
 10
3.2590078328981726
 20
4.5827582689485
 10
3.274841379192429
 20
4.554117647058823
 10
3.2755131203821963
 20
4.523137254901961
 10
3.269079687253402
 20
4.492156862745098
 10
3.2590078328981726
 20
4.476776219343563
 10
3.2517113690194206
 20
4.461176470588235
 10
3.236213221259809
 20
4.430196078431373
 10
3.2177545691906007
 20
4.4233616326721075
 10
3.176501305483029
 20
4.41741403351249
 10
3.135248041775457
 20
4.4220952032147345
 10
3.1006038698220033
 20
4.39921568627451
 10
3.0939947780678856
 20
4.395776875080738
 10
3.074878445964092
 20
4.368235294117648
 10
3.0806308579192336
 20
4.337254901960785
 10
3.0939947780678856
 20
4.324540536447075
 10
3.135248041775457
 20
4.320008929124655
 10
3.176501305483029
 20
4.32380457936899
 10
3.2177545691906007
 20
4.332729206890453
 10
3.2221263922096397
 20
4.337254901960785
  0
LWPOLYLINE
  5
73
330
17
100
AcDbEntity
  8
CONDUCTIVE_METASURFACE
100
AcDbPolyline
 90
217
 70
1
 10
7.43893058911346
 20
4.337254901960785
 10
7.444729160961366
 20
4.368235294117648
 10
7.4255874673629245
 20
4.395469280366323
 10
7.418298974295012
 20
4.39921568627451
 10
7.384334203655353
 20
4.421327489416321
 10
7.3430809399477805
 20
4.416983383619561
 10
7.301827676240209
 20
4.423040831183743
 10
7.282609636765311
 20
4.430196078431373
 10
7.26747778864781
 20
4.461176470588235
 10
7.2605744125326375
 20
4.475789081054955
 10
7.249791127743443
 20
4.492156862745098
 10
7.243560100549237
 20
4.523137254901961
 10
7.2442245090999595
 20
4.554117647058823
 10
7.2605744125326375
 20
4.583803821663794
 10
7.261135705467089
 20
4.585098039215686
 10
7.269009376408405
 20
4.616078431372548
 10
7.2605744125326375
 20
4.633249095236122
 10
7.238689908376975
 20
4.647058823529412
 10
7.219321148825066
 20
4.6561511188303415
 10
7.1780678851174935
 20
4.665280854302595
 10
7.161276308162473
 20
4.678039215686275
 10
7.1780678851174935
 20
4.701353273130902
 10
7.184336567657112
 20
4.709019607843137
 10
7.1780678851174935
 20
4.715339568986527
 10
7.14967934795811
 20
4.74
 10
7.136814621409922
 20
4.748549809083316
 10
7.107698513044504
 20
4.74
 10
7.09556135770235
 20
4.736966323798375
 10
7.054308093994779
 20
4.733078998881445
 10
7.013054830287206
 20
4.71755299997122
 10
6.981147900044961
 20
4.709019607843137
 10
6.971801566579635
 20
4.7071399816109
 10
6.930548302872063
 20
4.701866925422497
 10
6.913610987610787
 20
4.709019607843137
 10
6.9008059124805445
 20
4.74
 10
6.919176200856527
 20
4.770980392156863
 10
6.930548302872063
 20
4.773441985318586
 10
6.971801566579635
 20
4.783855881797698
 10
6.996852279046589
 20
4.801960784313726
 10
6.9897761696627425
 20
4.832941176470589
 10
6.98823568466831
 20
4.863921568627451
 10
6.986987994055243
 20
4.894901960784314
 10
6.971801566579635
 20
4.908806874421809
 10
6.930548302872063
 20
4.9210038567139565
 10
6.916437358294786
 20
4.925882352941176
 10
6.889295039164492
 20
4.949185193322447
 10
6.849551896389538
 20
4.956862745098039
 10
6.848041775456919
 20
4.957091484515706
 10
6.806788511749347
 20
4.966155230038271
 10
6.7669096036951375
 20
4.987843137254902
 10
6.765535248041775
 20
4.991759808802717
 10
6.751989543281644
 20
5.0188235294117645
 10
6.724281984334204
 20
5.029481238058161
 10
6.697051008309335
 20
5.0498039215686275
 10
6.683028720626632
 20
5.070235932963307
 10
6.643609685830603
 20
5.0807843137254896
 10
6.64177545691906
 20
5.081126211545242
 10
6.612424611183227
 20
5.1117647058823525
 10
6.600522193211488
 20
5.142520203615444
 10
6.6001896933246496
 20
5.142745098039216
 10
6.589862313584744
 20
5.1737254901960785
 10
6.559268929503917
 20
5.1939500404274686
 10
6.5526970214231
 20
5.2047058823529415
 10
6.536593722520025
 20
5.235686274509804
 10
6.518015665796345
 20
5.247123525127429
 10
6.476762402088773
 20
5.24802998931752
 10
6.435509138381201
 20
5.249384141561991
 10
6.39425587467363
 20
5.254899362573875
 10
6.36988303955263
 20
5.235686274509804
 10
6.355844220159108
 20
5.2047058823529415
 10
6.353002610966058
 20
5.197351477746092
 10
6.311749347258486
 20
5.182591186157309
 10
6.270496083550914
 20
5.1921085663987325
 10
6.261024467082341
 20
5.2047058823529415
 10
6.268091933209452
 20
5.235686274509804
 10
6.270496083550914
 20
5.242440682175453
 10
6.281960376127888
 20
5.2666666666666675
 10
6.302640495213564
 20
5.2976470588235305
 10
6.307719770944258
 20
5.328627450980393
 10
6.311749347258486
 20
5.337715495121994
 10
6.32315711333524
 20
5.359607843137256
 10
6.311749347258486
 20
5.369279988307358
 10
6.279031170142845
 20
5.390588235294118
 10
6.270496083550914
 20
5.395395802675541
 10
6.260054250009123
 20
5.390588235294118
 10
6.229242819843343
 20
5.3781125688168885
 10
6.2124435954639905
 20
5.390588235294118
 10
6.200264276116797
 20
5.421568627450981
 10
6.187989556135771
 20
5.4363589936380325
 10
6.170023564105864
 20
5.452549019607844
 10
6.146736292428199
 20
5.45903433216086
 10
6.105483028720626
 20
5.453307639567124
 10
6.102367377576901
 20
5.452549019607844
 10
6.064229765013055
 20
5.440658342140238
 10
6.022976501305483
 20
5.440153886221459
 10
5.981723237597912
 20
5.444985281465212
 10
5.961242534159713
 20
5.452549019607844
 10
5.940469973890339
 20
5.458028527629538
 10
5.899216710182768
 20
5.469667296261731
 10
5.890115988958328
 20
5.483529411764706
 10
5.882196273518784
 20
5.514509803921569
 10
5.888429721783822
 20
5.545490196078431
 10
5.857963446475196
 20
5.571507361150545
 10
5.853384410971952
 20
5.576470588235294
 10
5.816710182767625
 20
5.590826586383332
 10
5.775456919060052
 20
5.586506644566908
 10
5.758526549792148
 20
5.576470588235294
 10
5.752492311755284
 20
5.545490196078431
 10
5.7575465798506915
 20
5.514509803921569
 10
5.769430586893264
 20
5.483529411764706
 10
5.775456919060052
 20
5.48024628171864
 10
5.8117976567264105
 20
5.452549019607844
 10
5.813186093824509
 20
5.421568627450981
 10
5.816710182767625
 20
5.418312718249492
 10
5.839168668972266
 20
5.421568627450981
 10
5.857963446475196
 20
5.425088882559827
 10
5.865009226085634
 20
5.421568627450981
 10
5.881883548815685
 20
5.390588235294118
 10
5.875557111334016
 20
5.359607843137256
 10
5.857963446475196
 20
5.329878326458504
 10
5.855969833931915
 20
5.328627450980393
 10
5.844938515252381
 20
5.2976470588235305
 10
5.857963446475196
 20
5.275159262214256
 10
5.865020943926241
 20
5.2666666666666675
 10
5.891994909528718
 20
5.235686274509804
 10
5.899216710182768
 20
5.229177415518562
 10
5.940469973890339
 20
5.220827930457652
 10
5.979909835251918
 20
5.2047058823529415
 10
5.981723237597912
 20
5.204243053757476
 10
6.022976501305483
 20
5.201677128811039
 10
6.041894766586139
 20
5.2047058823529415
 10
6.064229765013055
 20
5.20742874438073
 10
6.071140400662239
 20
5.2047058823529415
 10
6.105483028720626
 20
5.189609458730086
 10
6.127229050724404
 20
5.1737254901960785
 10
6.130200200212567
 20
5.142745098039216
 10
6.111951899648124
 20
5.1117647058823525
 10
6.109427721198157
 20
5.0807843137254896
 10
6.1194634470667175
 20
5.0498039215686275
 10
6.138252445953581
 20
5.0188235294117645
 10
6.146736292428199
 20
5.01447030780639
 10
6.187989556135771
 20
4.998648798244927
 10
6.229023045471569
 20
5.0188235294117645
 10
6.229242819843343
 20
5.018951274191126
 10
6.259766940151533
 20
5.0498039215686275
 10
6.2489612830143155
 20
5.0807843137254896
 10
6.240039678400473
 20
5.1117647058823525
 10
6.270496083550914
 20
5.1270758415470095
 10
6.307298953309094
 20
5.1117647058823525
 10
6.306560977713876
 20
5.0807843137254896
 10
6.311749347258486
 20
5.077807524034059
 10
6.353002610966058
 20
5.061673289847232
 10
6.39425587467363
 20
5.056612774746879
 10
6.405435400858882
 20
5.0498039215686275
 10
6.432090553530633
 20
5.0188235294117645
 10
6.435509138381201
 20
5.017055076967333
 10
6.457459707662134
 20
4.987843137254902
 10
6.465398670269284
 20
4.956862745098039
 10
6.469656435731373
 20
4.925882352941176
 10
6.475040583753639
 20
4.894901960784314
 10
6.476762402088773
 20
4.887699244765885
 10
6.50979944952824
 20
4.863921568627451
 10
6.518015665796345
 20
4.862855574753662
 10
6.559268929503917
 20
4.858957855023198
 10
6.600522193211488
 20
4.855559284797356
 10
6.64177545691906
 20
4.84946257674741
 10
6.680470564213051
 20
4.832941176470589
 10
6.683028720626632
 20
4.830125617810247
 10
6.724281984334204
 20
4.810205790988527
 10
6.733319303123126
 20
4.801960784313726
 10
6.7402494789804654
 20
4.770980392156863
 10
6.7617821644583165
 20
4.74
 10
6.765535248041775
 20
4.736250669588297
 10
6.806788511749347
 20
4.736811895390602
 10
6.827058858990783
 20
4.709019607843137
 10
6.806788511749347
 20
4.686695089506837
 10
6.765535248041775
 20
4.693121159613353
 10
6.724281984334204
 20
4.701057060657801
 10
6.683028720626632
 20
4.678144350379248
 10
6.682881938533565
 20
4.678039215686275
 10
6.655787703433236
 20
4.647058823529412
 10
6.677032838609474
 20
4.616078431372548
 10
6.683028720626632
 20
4.6095144434928
 10
6.724281984334204
 20
4.595490799787817
 10
6.765535248041775
 20
4.5876713978901655
 10
6.806788511749347
 20
4.58894833763317
 10
6.848041775456919
 20
4.603156048709874
 10
6.889295039164492
 20
4.6010931914358215
 10
6.910133014524743
 20
4.585098039215686
 10
6.930548302872063
 20
4.559205864820656
 10
6.934111493416061
 20
4.554117647058823
 10
6.930548302872063
 20
4.537936267410379
 10
6.926251451287404
 20
4.523137254901961
 10
6.929576268552538
 20
4.492156862745098
 10
6.930548302872063
 20
4.489996867641901
 10
6.95136327268116
 20
4.461176470588235
 10
6.96256075697661
 20
4.430196078431373
 10
6.971801566579635
 20
4.424429317104064
 10
7.013054830287206
 20
4.4043254947500845
 10
7.023993719136512
 20
4.39921568627451
 10
7.054308093994779
 20
4.3892354800942
 10
7.09556135770235
 20
4.397520058270804
 10
7.097433863759258
 20
4.39921568627451
 10
7.136814621409922
 20
4.412387661998945
 10
7.1780678851174935
 20
4.417174680692886
 10
7.219321148825066
 20
4.40460075239957
 10
7.22408944187016
 20
4.39921568627451
 10
7.219321148825066
 20
4.385137592596531
 10
7.214892230737462
 20
4.368235294117648
 10
7.219321148825066
 20
4.36554487010741
 10
7.2605744125326375
 20
4.364604546818203
 10
7.297629761379551
 20
4.337254901960785
 10
7.301827676240209
 20
4.332939877525022
 10
7.3430809399477805
 20
4.324098729943649
 10
7.384334203655353
 20
4.320418429148281
 10
7.4255874673629245
 20
4.324692535643642
 10
7.43893058911346
 20
4.337254901960785
  0
LWPOLYLINE
  5
74
330
17
100
AcDbEntity
  8
CONDUCTIVE_METASURFACE
100
AcDbPolyline
 90
217
 70
1
 10
8.502544146778831
 20
4.337254901960785
 10
8.539425587467363
 20
4.364546056803695
 10
8.580678851174936
 20
4.365588720308331
 10
8.585014481342386
 20
4.368235294117648
 10
8.580678851174936
 20
4.385101439937855
 10
8.575991371182855
 20
4.39921568627451
 10
8.580678851174936
 20
4.404506853350078
 10
8.621932114882506
 20
4.417179175028766
 10
8.663185378590079
 20
4.412428141805296
 10
8.702772892554023
 20
4.39921568627451
 10
8.70443864229765
 20
4.397718440395998
 10
8.745691906005222
 20
4.389434184274795
 10
8.775636602808241
 20
4.39921568627451
 10
8.786945169712794
 20
4.404515679910763
 10
8.828198433420367
 20
4.424772592716038
 10
8.836865671149951
 20
4.430196078431373
 10
8.847983695526612
 20
4.461176470588235
 10
8.869451697127937
 20
4.490795032829979
 10
8.870067996158934
 20
4.492156862745098
 10
8.87348474832623
 20
4.523137254901961
 10
8.869451697127937
 20
4.537344503135594
 10
8.865825969967142
 20
4.554117647058823
 10
8.869451697127937
 20
4.559307384727065
 10
8.889553956737917
 20
4.585098039215686
 10
8.91070496083551
 20
4.6014288952032025
 10
8.951958224543082
 20
4.603660181483718
 10
8.993211488250653
 20
4.589956083350541
 10
9.034464751958225
 20
4.588060475461367
 10
9.075718015665796
 20
4.595597068013292
 10
9.116971279373368
 20
4.609707276070818
 10
9.1227679554133
 20
4.616078431372548
 10
9.143835787237267
 20
4.647058823529412
 10
9.116971279373368
 20
4.677874153237119
 10
9.116801158711478
 20
4.678039215686275
 10
9.075718015665796
 20
4.700962210762217
 10
9.034464751958225
 20
4.6928473593491455
 10
8.993211488250653
 20
4.686147421443993
 10
8.972823220226177
 20
4.709019607843137
 10
8.993211488250653
 20
4.736657831729264
 10
9.034464751958225
 20
4.736103647089247
 10
9.038428625567557
 20
4.74
 10
9.059912831384306
 20
4.770980392156863
 10
9.06665140275638
 20
4.801960784313726
 10
9.075718015665796
 20
4.81035639687623
 10
9.116971279373368
 20
4.830373876141502
 10
9.119326141481304
 20
4.832941176470589
 10
9.15822454308094
 20
4.849425654742238
 10
9.199477806788513
 20
4.8553876638427464
 10
9.240731070496084
 20
4.858585164832632
 10
9.281984334203656
 20
4.862628515801808
 10
9.291575442048451
 20
4.863921568627451
 10
9.323237597911227
 20
4.888731587862
 10
9.324657108487715
 20
4.894901960784314
 10
9.329847331853486
 20
4.925882352941176
 10
9.334372881508765
 20
4.956862745098039
 10
9.342491158232765
 20
4.987843137254902
 10
9.3644908616188
 20
5.0169023280809615
 10
9.368240178590844
 20
5.0188235294117645
 10
9.394765128175907
 20
5.0498039215686275
 10
9.40574412532637
 20
5.056590794819926
 10
9.446997389033942
 20
5.061795207638829
 10
9.488250652741515
 20
5.077965851023092
 10
9.493243179295236
 20
5.0807843137254896
 10
9.492495877643695
 20
5.1117647058823525
 10
9.529503916449087
 20
5.1269873629887055
 10
9.559231131096638
 20
5.1117647058823525
 10
9.550674222076317
 20
5.0807843137254896
 10
9.540106816016053
 20
5.0498039215686275
 10
9.570617193245548
 20
5.0188235294117645
 10
9.570757180156658
 20
5.018713306493677
 10
9.61201044386423
 20
4.998366055261063
 10
9.653263707571803
 20
5.014320707018283
 10
9.662004323286759
 20
5.0188235294117645
 10
9.680678064561938
 20
5.0498039215686275
 10
9.691090341750051
 20
5.0807843137254896
 10
9.689390009849198
 20
5.1117647058823525
 10
9.670471075505578
 20
5.142745098039216
 10
9.673217958056098
 20
5.1737254901960785
 10
9.694516971279374
 20
5.189374398324601
 10
9.728994736298695
 20
5.2047058823529415
 10
9.735770234986946
 20
5.207381799277596
 10
9.757317381994387
 20
5.2047058823529415
 10
9.777023498694517
 20
5.201479036926292
 10
9.818276762402089
 20
5.203975897509745
 10
9.8211530180378
 20
5.2047058823529415
 10
9.859530026109661
 20
5.220337536907245
 10
9.900783289817234
 20
5.228746565117455
 10
9.908462309129304
 20
5.235686274509804
 10
9.935232438832765
 20
5.2666666666666675
 10
9.942036553524805
 20
5.274881495992517
 10
9.955326147097308
 20
5.2976470588235305
 10
9.944294438389704
 20
5.328627450980393
 10
9.942036553524805
 20
5.330033666116564
 10
9.92449687045852
 20
5.359607843137256
 10
9.918122523010618
 20
5.390588235294118
 10
9.934865896574982
 20
5.421568627450981
 10
9.942036553524805
 20
5.42514949707738
 10
9.960782615073652
 20
5.421568627450981
 10
9.983289817232377
 20
5.418242551644328
 10
9.98687241019279
 20
5.421568627450981
 10
9.988124474340001
 20
5.452549019607844
 10
10.024543080939948
 20
5.480376891684134
 10
10.0302888736042
 20
5.483529411764706
 10
10.042061681759503
 20
5.514509803921569
 10
10.046962375337714
 20
5.545490196078431
 10
10.04127099836787
 20
5.576470588235294
 10
10.024543080939948
 20
5.5864909984147895
 10
9.983289817232377
 20
5.590845625342918
 10
9.947025279724743
 20
5.576470588235294
 10
9.942036553524805
 20
5.570997023075007
 10
9.912592687741263
 20
5.545490196078431
 10
9.918377257168313
 20
5.514509803921569
 10
9.910311256613607
 20
5.483529411764706
 10
9.900783289817234
 20
5.469096908383592
 10
9.859530026109661
 20
5.457733240072481
 10
9.840072255679377
 20
5.452549019607844
 10
9.818276762402089
 20
5.444450901063843
 10
9.777023498694517
 20
5.439771563299237
 10
9.735770234986946
 20
5.440270527576149
 10
9.696240229647417
 20
5.452549019607844
 10
9.694516971279374
 20
5.452970512380079
 10
9.653263707571803
 20
5.45888349446001
 10
9.630399451559638
 20
5.452549019607844
 10
9.61201044386423
 20
5.436114128829153
 10
9.599903247893804
 20
5.421568627450981
 10
9.587746148644726
 20
5.390588235294118
 10
9.570757180156658
 20
5.377978063366494
 10
9.539712307810005
 20
5.390588235294118
 10
9.529503916449087
 20
5.395295874595839
 10
9.521088344599335
 20
5.390588235294118
 10
9.488250652741515
 20
5.3692689571750725
 10
9.476865841811579
 20
5.359607843137256
 10
9.488250652741515
 20
5.3377423171829905
 10
9.492290316331545
 20
5.328627450980393
 10
9.497466583883746
 20
5.2976470588235305
 10
9.518140920177688
 20
5.2666666666666675
 10
9.529503916449087
 20
5.24270517788753
 10
9.532006806685521
 20
5.235686274509804
 10
9.539028369371426
 20
5.2047058823529415
 10
9.529503916449087
 20
5.191986288290111
 10
9.488250652741515
 20
5.1823699279323385
 10
9.446997389033942
 20
5.196165626054012
 10
9.443719544162775
 20
5.2047058823529415
 10
9.429852501085772
 20
5.235686274509804
 10
9.40574412532637
 20
5.254498895644913
 10
9.3644908616188
 20
5.249184873165446
 10
9.323237597911227
 20
5.248027991413448
 10
9.281984334203656
 20
5.247090999953334
 10
9.26346863629353
 20
5.235686274509804
 10
9.247227241544511
 20
5.2047058823529415
 10
9.240731070496084
 20
5.194108817166038
 10
9.209701208094161
 20
5.1737254901960785
 10
9.199477806788513
 20
5.143879222177147
 10
9.199173203814723
 20
5.142745098039216
 10
9.187103975610361
 20
5.1117647058823525
 10
9.15822454308094
 20
5.081816476401617
 10
9.153008864112673
 20
5.0807843137254896
 10
9.116971279373368
 20
5.070611846903686
 10
9.102779522598064
 20
5.0498039215686275
 10
9.075718015665796
 20
5.029354056863499
 10
9.048510711974826
 20
5.0188235294117645
 10
9.034464751958225
 20
4.989220985636519
 10
9.034009358493856
 20
4.987843137254902
 10
8.993211488250653
 20
4.965801278887987
 10
8.952257778578874
 20
4.956862745098039
 10
8.951958224543082
 20
4.956612967792225
 10
8.91070496083551
 20
4.948857353852218
 10
8.883774188953982
 20
4.925882352941176
 10
8.869451697127937
 20
4.920946950301686
 10
8.828198433420367
 20
4.908853679651065
 10
8.81296872524751
 20
4.894901960784314
 10
8.811761702357893
 20
4.863921568627451
 10
8.809958546200814
 20
4.832941176470589
 10
8.802614510712138
 20
4.801960784313726
 10
8.828198433420367
 20
4.783657310141391
 10
8.869451697127937
 20
4.773114442025883
 10
8.879244994218265
 20
4.770980392156863
 10
8.898899461111965
 20
4.74
 10
8.886226248380382
 20
4.709019607843137
 10
8.869451697127937
 20
4.70190658358161
 10
8.828198433420367
 20
4.707214095859411
 10
8.819204078991058
 20
4.709019607843137
 10
8.786945169712794
 20
4.717628997957141
 10
8.745691906005222
 20
4.733159360415613
 10
8.70443864229765
 20
4.736973834725244
 10
8.692336948368228
 20
4.74
 10
8.663185378590079
 20
4.748566974448656
 10
8.650306076629045
 20
4.74
 10
8.621932114882506
 20
4.715429221913059
 10
8.615530458153804
 20
4.709019607843137
 10
8.621932114882506
 20
4.701178076413266
 10
8.63854465925133
 20
4.678039215686275
 10
8.621932114882506
 20
4.665423293343008
 10
8.580678851174936
 20
4.656276888361937
 10
8.560984114238195
 20
4.647058823529412
 10
8.539425587467363
 20
4.633566710432059
 10
8.530789799647911
 20
4.616078431372548
 10
8.538415424390985
 20
4.585098039215686
 10
8.539425587467363
 20
4.5827582689485
 10
8.55525913376162
 20
4.554117647058823
 10
8.555930874951388
 20
4.523137254901961
 10
8.549497441822593
 20
4.492156862745098
 10
8.539425587467363
 20
4.476776219343563
 10
8.532129123588613
 20
4.461176470588235
 10
8.516630975828999
 20
4.430196078431373
 10
8.498172323759793
 20
4.4233616326721075
 10
8.45691906005222
 20
4.41741403351249
 10
8.415665796344648
 20
4.4220952032147345
 10
8.381021624391193
 20
4.39921568627451
 10
8.374412532637075
 20
4.395776875080738
 10
8.355296200533282
 20
4.368235294117648
 10
8.361048612488425
 20
4.337254901960785
 10
8.374412532637075
 20
4.324540536447075
 10
8.415665796344648
 20
4.320008929124655
 10
8.45691906005222
 20
4.32380457936899
 10
8.498172323759793
 20
4.332729206890453
 10
8.502544146778831
 20
4.337254901960785
  0
LWPOLYLINE
  5
75
330
17
100
AcDbEntity
  8
CONDUCTIVE_METASURFACE
100
AcDbPolyline
 90
217
 70
1
 10
12.71934834368265
 20
4.337254901960785
 10
12.725146915530557
 20
4.368235294117648
 10
12.706005221932116
 20
4.395469280366323
 10
12.698716728864204
 20
4.39921568627451
 10
12.664751958224544
 20
4.421327489416321
 10
12.623498694516972
 20
4.416983383619561
 10
12.5822454308094
 20
4.423040831183743
 10
12.563027391334503
 20
4.430196078431373
 10
12.547895543217
 20
4.461176470588235
 10
12.540992167101829
 20
4.475789081054955
 10
12.530208882312632
 20
4.492156862745098
 10
12.523977855118426
 20
4.523137254901961
 10
12.524642263669152
 20
4.554117647058823
 10
12.540992167101829
 20
4.583803821663794
 10
12.54155346003628
 20
4.585098039215686
 10
12.549427130977595
 20
4.616078431372548
 10
12.540992167101829
 20
4.633249095236122
 10
12.519107662946167
 20
4.647058823529412
 10
12.499738903394256
 20
4.6561511188303415
 10
12.458485639686685
 20
4.665280854302595
 10
12.441694062731663
 20
4.678039215686275
 10
12.458485639686685
 20
4.701353273130902
 10
12.464754322226302
 20
4.709019607843137
 10
12.458485639686685
 20
4.715339568986527
 10
12.4300971025273
 20
4.74
 10
12.417232375979113
 20
4.748549809083316
 10
12.388116267613693
 20
4.74
 10
12.375979112271542
 20
4.736966323798375
 10
12.33472584856397
 20
4.733078998881445
 10
12.293472584856397
 20
4.71755299997122
 10
12.261565654614154
 20
4.709019607843137
 10
12.252219321148825
 20
4.7071399816109
 10
12.210966057441253
 20
4.701866925422497
 10
12.194028742179977
 20
4.709019607843137
 10
12.181223667049734
 20
4.74
 10
12.199593955425716
 20
4.770980392156863
 10
12.210966057441253
 20
4.773441985318586
 10
12.252219321148825
 20
4.783855881797698
 10
12.277270033615778
 20
4.801960784313726
 10
12.270193924231933
 20
4.832941176470589
 10
12.268653439237502
 20
4.863921568627451
 10
12.267405748624434
 20
4.894901960784314
 10
12.252219321148825
 20
4.908806874421809
 10
12.210966057441253
 20
4.9210038567139565
 10
12.196855112863975
 20
4.925882352941176
 10
12.169712793733682
 20
4.949185193322447
 10
12.129969650958728
 20
4.956862745098039
 10
12.12845953002611
 20
4.957091484515706
 10
12.087206266318539
 20
4.966155230038271
 10
12.047327358264328
 20
4.987843137254902
 10
12.045953002610966
 20
4.991759808802717
 10
12.032407297850837
 20
5.0188235294117645
 10
12.004699738903396
 20
5.029481238058161
 10
11.977468762878527
 20
5.0498039215686275
 10
11.963446475195823
 20
5.070235932963307
 10
11.924027440399794
 20
5.0807843137254896
 10
11.922193211488251
 20
5.081126211545242
 10
11.892842365752418
 20
5.1117647058823525
 10
11.880939947780679
 20
5.142520203615444
 10
11.88060744789384
 20
5.142745098039216
 10
11.870280068153935
 20
5.1737254901960785
 10
11.839686684073108
 20
5.1939500404274686
 10
11.833114775992291
 20
5.2047058823529415
 10
11.817011477089217
 20
5.235686274509804
 10
11.798433420365535
 20
5.247123525127429
 10
11.757180156657965
 20
5.24802998931752
 10
11.715926892950392
 20
5.249384141561991
 10
11.67467362924282
 20
5.254899362573875
 10
11.650300794121822
 20
5.235686274509804
 10
11.6362619747283
 20
5.2047058823529415
 10
11.63342036553525
 20
5.197351477746092
 10
11.592167101827677
 20
5.182591186157309
 10
11.550913838120104
 20
5.1921085663987325
 10
11.54144222165153
 20
5.2047058823529415
 10
11.548509687778642
 20
5.235686274509804
 10
11.550913838120104
 20
5.242440682175453
 10
11.56237813069708
 20
5.2666666666666675
 10
11.583058249782754
 20
5.2976470588235305
 10
11.588137525513451
 20
5.328627450980393
 10
11.592167101827677
 20
5.337715495121994
 10
11.60357486790443
 20
5.359607843137256
 10
11.592167101827677
 20
5.369279988307358
 10
11.559448924712035
 20
5.390588235294118
 10
11.550913838120104
 20
5.395395802675541
 10
11.540472004578314
 20
5.390588235294118
 10
11.509660574412532
 20
5.3781125688168885
 10
11.492861350033182
 20
5.390588235294118
 10
11.480682030685989
 20
5.421568627450981
 10
11.468407310704961
 20
5.4363589936380325
 10
11.450441318675054
 20
5.452549019607844
 10
11.427154046997389
 20
5.45903433216086
 10
11.385900783289818
 20
5.453307639567124
 10
11.382785132146092
 20
5.452549019607844
 10
11.344647519582246
 20
5.440658342140238
 10
11.303394255874675
 20
5.440153886221459
 10
11.262140992167103
 20
5.444985281465212
 10
11.241660288728903
 20
5.452549019607844
 10
11.22088772845953
 20
5.458028527629538
 10
11.179634464751958
 20
5.469667296261731
 10
11.17053374352752
 20
5.483529411764706
 10
11.162614028087974
 20
5.514509803921569
 10
11.168847476353013
 20
5.545490196078431
 10
11.138381201044387
 20
5.571507361150545
 10
11.133802165541141
 20
5.576470588235294
 10
11.097127937336815
 20
5.590826586383332
 10
11.055874673629244
 20
5.586506644566908
 10
11.038944304361337
 20
5.576470588235294
 10
11.032910066324476
 20
5.545490196078431
 10
11.03796433441988
 20
5.514509803921569
 10
11.049848341462457
 20
5.483529411764706
 10
11.055874673629244
 20
5.48024628171864
 10
11.092215411295602
 20
5.452549019607844
 10
11.0936038483937
 20
5.421568627450981
 10
11.097127937336815
 20
5.418312718249492
 10
11.11958642354146
 20
5.421568627450981
 10
11.138381201044387
 20
5.425088882559827
 10
11.145426980654825
 20
5.421568627450981
 10
11.162301303384874
 20
5.390588235294118
 10
11.155974865903206
 20
5.359607843137256
 10
11.138381201044387
 20
5.329878326458504
 10
11.136387588501107
 20
5.328627450980393
 10
11.125356269821573
 20
5.2976470588235305
 10
11.138381201044387
 20
5.275159262214256
 10
11.14543869849543
 20
5.2666666666666675
 10
11.172412664097907
 20
5.235686274509804
 10
11.179634464751958
 20
5.229177415518562
 10
11.22088772845953
 20
5.220827930457652
 10
11.26032758982111
 20
5.2047058823529415
 10
11.262140992167103
 20
5.204243053757476
 10
11.303394255874675
 20
5.201677128811039
 10
11.322312521155329
 20
5.2047058823529415
 10
11.344647519582246
 20
5.20742874438073
 10
11.351558155231428
 20
5.2047058823529415
 10
11.385900783289818
 20
5.189609458730086
 10
11.407646805293593
 20
5.1737254901960785
 10
11.410617954781758
 20
5.142745098039216
 10
11.392369654217315
 20
5.1117647058823525
 10
11.389845475767347
 20
5.0807843137254896
 10
11.39988120163591
 20
5.0498039215686275
 10
11.418670200522772
 20
5.0188235294117645
 10
11.427154046997389
 20
5.01447030780639
 10
11.468407310704961
 20
4.998648798244927
 10
11.509440800040759
 20
5.0188235294117645
 10
11.509660574412532
 20
5.018951274191126
 10
11.540184694720724
 20
5.0498039215686275
 10
11.529379037583507
 20
5.0807843137254896
 10
11.520457432969664
 20
5.1117647058823525
 10
11.550913838120104
 20
5.1270758415470095
 10
11.587716707878286
 20
5.1117647058823525
 10
11.586978732283068
 20
5.0807843137254896
 10
11.592167101827677
 20
5.077807524034059
 10
11.63342036553525
 20
5.061673289847232
 10
11.67467362924282
 20
5.056612774746879
 10
11.685853155428072
 20
5.0498039215686275
 10
11.712508308099824
 20
5.0188235294117645
 10
11.715926892950392
 20
5.017055076967333
 10
11.737877462231326
 20
4.987843137254902
 10
11.745816424838473
 20
4.956862745098039
 10
11.750074190300564
 20
4.925882352941176
 10
11.75545833832283
 20
4.894901960784314
 10
11.757180156657965
 20
4.887699244765885
 10
11.79021720409743
 20
4.863921568627451
 10
11.798433420365535
 20
4.862855574753662
 10
11.839686684073108
 20
4.858957855023198
 10
11.880939947780679
 20
4.855559284797356
 10
11.922193211488251
 20
4.84946257674741
 10
11.960888318782242
 20
4.832941176470589
 10
11.963446475195823
 20
4.830125617810247
 10
12.004699738903396
 20
4.810205790988527
 10
12.013737057692317
 20
4.801960784313726
 10
12.02066723354966
 20
4.770980392156863
 10
12.042199919027508
 20
4.74
 10
12.045953002610966
 20
4.736250669588297
 10
12.087206266318539
 20
4.736811895390602
 10
12.107476613559973
 20
4.709019607843137
 10
12.087206266318539
 20
4.686695089506837
 10
12.045953002610966
 20
4.693121159613353
 10
12.004699738903396
 20
4.701057060657801
 10
11.963446475195823
 20
4.678144350379248
 10
11.963299693102757
 20
4.678039215686275
 10
11.936205458002428
 20
4.647058823529412
 10
11.957450593178665
 20
4.616078431372548
 10
11.963446475195823
 20
4.6095144434928
 10
12.004699738903396
 20
4.595490799787817
 10
12.045953002610966
 20
4.5876713978901655
 10
12.087206266318539
 20
4.58894833763317
 10
12.12845953002611
 20
4.603156048709874
 10
12.169712793733682
 20
4.6010931914358215
 10
12.190550769093933
 20
4.585098039215686
 10
12.210966057441253
 20
4.559205864820656
 10
12.214529247985253
 20
4.554117647058823
 10
12.210966057441253
 20
4.537936267410379
 10
12.206669205856594
 20
4.523137254901961
 10
12.209994023121727
 20
4.492156862745098
 10
12.210966057441253
 20
4.489996867641901
 10
12.231781027250353
 20
4.461176470588235
 10
12.242978511545802
 20
4.430196078431373
 10
12.252219321148825
 20
4.424429317104064
 10
12.293472584856397
 20
4.4043254947500845
 10
12.3044114737057
 20
4.39921568627451
 10
12.33472584856397
 20
4.3892354800942
 10
12.375979112271542
 20
4.397520058270804
 10
12.377851618328448
 20
4.39921568627451
 10
12.417232375979113
 20
4.412387661998945
 10
12.458485639686685
 20
4.417174680692886
 10
12.499738903394256
 20
4.40460075239957
 10
12.504507196439349
 20
4.39921568627451
 10
12.499738903394256
 20
4.385137592596531
 10
12.495309985306651
 20
4.368235294117648
 10
12.499738903394256
 20
4.36554487010741
 10
12.540992167101829
 20
4.364604546818203
 10
12.578047515948743
 20
4.337254901960785
 10
12.5822454308094
 20
4.332939877525022
 10
12.623498694516972
 20
4.324098729943649
 10
12.664751958224544
 20
4.320418429148281
 10
12.706005221932116
 20
4.324692535643642
 10
12.71934834368265
 20
4.337254901960785
  0
LWPOLYLINE
  5
76
330
17
100
AcDbEntity
  8
CONDUCTIVE_METASURFACE
100
AcDbPolyline
 90
217
 70
1
 10
13.78296190134802
 20
4.337254901960785
 10
13.819843342036554
 20
4.364546056803695
 10
13.861096605744127
 20
4.365588720308331
 10
13.865432235911577
 20
4.368235294117648
 10
13.861096605744127
 20
4.385101439937855
 10
13.856409125752046
 20
4.39921568627451
 10
13.861096605744127
 20
4.404506853350078
 10
13.902349869451697
 20
4.417179175028766
 10
13.94360313315927
 20
4.412428141805296
 10
13.983190647123214
 20
4.39921568627451
 10
13.98485639686684
 20
4.397718440395998
 10
14.026109660574413
 20
4.389434184274795
 10
14.05605435737743
 20
4.39921568627451
 10
14.067362924281985
 20
4.404515679910763
 10
14.108616187989558
 20
4.424772592716038
 10
14.11728342571914
 20
4.430196078431373
 10
14.128401450095803
 20
4.461176470588235
 10
14.149869451697128
 20
4.490795032829979
 10
14.150485750728125
 20
4.492156862745098
 10
14.153902502895422
 20
4.523137254901961
 10
14.149869451697128
 20
4.537344503135594
 10
14.146243724536331
 20
4.554117647058823
 10
14.149869451697128
 20
4.559307384727065
 10
14.169971711307108
 20
4.585098039215686
 10
14.1911227154047
 20
4.6014288952032025
 10
14.232375979112271
 20
4.603660181483718
 10
14.273629242819844
 20
4.589956083350541
 10
14.314882506527415
 20
4.588060475461367
 10
14.356135770234987
 20
4.595597068013292
 10
14.39738903394256
 20
4.609707276070818
 10
14.403185709982491
 20
4.616078431372548
 10
14.42425354180646
 20
4.647058823529412
 10
14.39738903394256
 20
4.677874153237119
 10
14.397218913280671
 20
4.678039215686275
 10
14.356135770234987
 20
4.700962210762217
 10
14.314882506527415
 20
4.6928473593491455
 10
14.273629242819844
 20
4.686147421443993
 10
14.253240974795368
 20
4.709019607843137
 10
14.273629242819844
 20
4.736657831729264
 10
14.314882506527415
 20
4.736103647089247
 10
14.318846380136748
 20
4.74
 10
14.340330585953499
 20
4.770980392156863
 10
14.34706915732557
 20
4.801960784313726
 10
14.356135770234987
 20
4.81035639687623
 10
14.39738903394256
 20
4.830373876141502
 10
14.399743896050495
 20
4.832941176470589
 10
14.438642297650132
 20
4.849425654742238
 10
14.479895561357704
 20
4.8553876638427464
 10
14.521148825065275
 20
4.858585164832632
 10
14.562402088772847
 20
4.862628515801808
 10
14.571993196617642
 20
4.863921568627451
 10
14.603655352480418
 20
4.888731587862
 10
14.605074863056906
 20
4.894901960784314
 10
14.610265086422675
 20
4.925882352941176
 10
14.614790636077956
 20
4.956862745098039
 10
14.622908912801957
 20
4.987843137254902
 10
14.64490861618799
 20
5.0169023280809615
 10
14.648657933160036
 20
5.0188235294117645
 10
14.6751828827451
 20
5.0498039215686275
 10
14.686161879895561
 20
5.056590794819926
 10
14.727415143603134
 20
5.061795207638829
 10
14.768668407310706
 20
5.077965851023092
 10
14.773660933864429
 20
5.0807843137254896
 10
14.772913632212886
 20
5.1117647058823525
 10
14.809921671018278
 20
5.1269873629887055
 10
14.839648885665829
 20
5.1117647058823525
 10
14.831091976645508
 20
5.0807843137254896
 10
14.820524570585242
 20
5.0498039215686275
 10
14.851034947814739
 20
5.0188235294117645
 10
14.851174934725849
 20
5.018713306493677
 10
14.892428198433421
 20
4.998366055261063
 10
14.933681462140992
 20
5.014320707018283
 10
14.942422077855948
 20
5.0188235294117645
 10
14.96109581913113
 20
5.0498039215686275
 10
14.97150809631924
 20
5.0807843137254896
 10
14.96980776441839
 20
5.1117647058823525
 10
14.950888830074767
 20
5.142745098039216
 10
14.953635712625289
 20
5.1737254901960785
 10
14.974934725848565
 20
5.189374398324601
 10
15.009412490867884
 20
5.2047058823529415
 10
15.016187989556135
 20
5.207381799277596
 10
15.037735136563576
 20
5.2047058823529415
 10
15.057441253263708
 20
5.201479036926292
 10
15.09869451697128
 20
5.203975897509745
 10
15.10157077260699
 20
5.2047058823529415
 10
15.139947780678852
 20
5.220337536907245
 10
15.181201044386425
 20
5.228746565117455
 10
15.188880063698495
 20
5.235686274509804
 10
15.215650193401956
 20
5.2666666666666675
 10
15.222454308093996
 20
5.274881495992517
 10
15.235743901666497
 20
5.2976470588235305
 10
15.224712192958894
 20
5.328627450980393
 10
15.222454308093996
 20
5.330033666116564
 10
15.20491462502771
 20
5.359607843137256
 10
15.19854027757981
 20
5.390588235294118
 10
15.215283651144171
 20
5.421568627450981
 10
15.222454308093996
 20
5.42514949707738
 10
15.241200369642844
 20
5.421568627450981
 10
15.263707571801568
 20
5.418242551644328
 10
15.26729016476198
 20
5.421568627450981
 10
15.268542228909194
 20
5.452549019607844
 10
15.304960835509139
 20
5.480376891684134
 10
15.310706628173389
 20
5.483529411764706
 10
15.322479436328692
 20
5.514509803921569
 10
15.327380129906905
 20
5.545490196078431
 10
15.321688752937057
 20
5.576470588235294
 10
15.304960835509139
 20
5.5864909984147895
 10
15.263707571801568
 20
5.590845625342918
 10
15.227443034293932
 20
5.576470588235294
 10
15.222454308093996
 20
5.570997023075007
 10
15.193010442310456
 20
5.545490196078431
 10
15.198795011737506
 20
5.514509803921569
 10
15.190729011182798
 20
5.483529411764706
 10
15.181201044386425
 20
5.469096908383592
 10
15.139947780678852
 20
5.457733240072481
 10
15.120490010248568
 20
5.452549019607844
 10
15.09869451697128
 20
5.444450901063843
 10
15.057441253263708
 20
5.439771563299237
 10
15.016187989556135
 20
5.440270527576149
 10
14.976657984216608
 20
5.452549019607844
 10
14.974934725848565
 20
5.452970512380079
 10
14.933681462140992
 20
5.45888349446001
 10
14.910817206128831
 20
5.452549019607844
 10
14.892428198433421
 20
5.436114128829153
 10
14.880321002462995
 20
5.421568627450981
 10
14.868163903213917
 20
5.390588235294118
 10
14.851174934725849
 20
5.377978063366494
 10
14.820130062379194
 20
5.390588235294118
 10
14.809921671018278
 20
5.395295874595839
 10
14.801506099168526
 20
5.390588235294118
 10
14.768668407310706
 20
5.3692689571750725
 10
14.75728359638077
 20
5.359607843137256
 10
14.768668407310706
 20
5.3377423171829905
 10
14.772708070900734
 20
5.328627450980393
 10
14.777884338452935
 20
5.2976470588235305
 10
14.798558674746879
 20
5.2666666666666675
 10
14.809921671018278
 20
5.24270517788753
 10
14.81242456125471
 20
5.235686274509804
 10
14.819446123940617
 20
5.2047058823529415
 10
14.809921671018278
 20
5.191986288290111
 10
14.768668407310706
 20
5.1823699279323385
 10
14.727415143603134
 20
5.196165626054012
 10
14.724137298731966
 20
5.2047058823529415
 10
14.710270255654962
 20
5.235686274509804
 10
14.686161879895561
 20
5.254498895644913
 10
14.64490861618799
 20
5.249184873165446
 10
14.603655352480418
 20
5.248027991413448
 10
14.562402088772847
 20
5.247090999953334
 10
14.543886390862722
 20
5.235686274509804
 10
14.527644996113702
 20
5.2047058823529415
 10
14.521148825065275
 20
5.194108817166038
 10
14.49011896266335
 20
5.1737254901960785
 10
14.479895561357704
 20
5.143879222177147
 10
14.479590958383913
 20
5.142745098039216
 10
14.46752173017955
 20
5.1117647058823525
 10
14.438642297650132
 20
5.081816476401617
 10
14.433426618681862
 20
5.0807843137254896
 10
14.39738903394256
 20
5.070611846903686
 10
14.383197277167257
 20
5.0498039215686275
 10
14.356135770234987
 20
5.029354056863499
 10
14.328928466544017
 20
5.0188235294117645
 10
14.314882506527415
 20
4.989220985636519
 10
14.314427113063047
 20
4.987843137254902
 10
14.273629242819844
 20
4.965801278887987
 10
14.232675533148063
 20
4.956862745098039
 10
14.232375979112271
 20
4.956612967792225
 10
14.1911227154047
 20
4.948857353852218
 10
14.164191943523175
 20
4.925882352941176
 10
14.149869451697128
 20
4.920946950301686
 10
14.108616187989558
 20
4.908853679651065
 10
14.093386479816699
 20
4.894901960784314
 10
14.092179456927084
 20
4.863921568627451
 10
14.090376300770004
 20
4.832941176470589
 10
14.083032265281329
 20
4.801960784313726
 10
14.108616187989558
 20
4.783657310141391
 10
14.149869451697128
 20
4.773114442025883
 10
14.159662748787456
 20
4.770980392156863
 10
14.179317215681156
 20
4.74
 10
14.166644002949573
 20
4.709019607843137
 10
14.149869451697128
 20
4.70190658358161
 10
14.108616187989558
 20
4.707214095859411
 10
14.09962183356025
 20
4.709019607843137
 10
14.067362924281985
 20
4.717628997957141
 10
14.026109660574413
 20
4.733159360415613
 10
13.98485639686684
 20
4.736973834725244
 10
13.97275470293742
 20
4.74
 10
13.94360313315927
 20
4.748566974448656
 10
13.930723831198236
 20
4.74
 10
13.902349869451697
 20
4.715429221913059
 10
13.895948212722995
 20
4.709019607843137
 10
13.902349869451697
 20
4.701178076413266
 10
13.918962413820521
 20
4.678039215686275
 10
13.902349869451697
 20
4.665423293343008
 10
13.861096605744127
 20
4.656276888361937
 10
13.841401868807386
 20
4.647058823529412
 10
13.819843342036554
 20
4.633566710432059
 10
13.811207554217102
 20
4.616078431372548
 10
13.818833178960173
 20
4.585098039215686
 10
13.819843342036554
 20
4.5827582689485
 10
13.835676888330811
 20
4.554117647058823
 10
13.836348629520579
 20
4.523137254901961
 10
13.829915196391784
 20
4.492156862745098
 10
13.819843342036554
 20
4.476776219343563
 10
13.812546878157802
 20
4.461176470588235
 10
13.797048730398192
 20
4.430196078431373
 10
13.778590078328984
 20
4.4233616326721075
 10
13.737336814621411
 20
4.41741403351249
 10
13.696083550913839
 20
4.4220952032147345
 10
13.661439378960386
 20
4.39921568627451
 10
13.654830287206266
 20
4.395776875080738
 10
13.635713955102473
 20
4.368235294117648
 10
13.641466367057616
 20
4.337254901960785
 10
13.654830287206266
 20
4.324540536447075
 10
13.696083550913839
 20
4.320008929124655
 10
13.737336814621411
 20
4.32380457936899
 10
13.778590078328984
 20
4.332729206890453
 10
13.78296190134802
 20
4.337254901960785
  0
LWPOLYLINE
  5
77
330
17
100
AcDbEntity
  8
CONDUCTIVE_METASURFACE
100
AcDbPolyline
 90
23
 70
1
 10
2.1789013939738595
 20
5.359607843137256
 10
2.1621945264259
 20
5.390588235294118
 10
2.1864229765013055
 20
5.408513438486998
 10
2.2276762402088774
 20
5.413088326370885
 10
2.231692239949068
 20
5.421568627450981
 10
2.2276762402088774
 20
5.43171420940171
 10
2.2155081425051706
 20
5.452549019607844
 10
2.1864229765013055
 20
5.47396214376065
 10
2.171087635165656
 20
5.483529411764706
 10
2.145169712793734
 20
5.497415759314237
 10
2.103916449086162
 20
5.490134936086668
 10
2.098552639464157
 20
5.483529411764706
 10
2.103916449086162
 20
5.473304718678619
 10
2.145169712793734
 20
5.457029721104907
 10
2.149840527380652
 20
5.452549019607844
 10
2.172854624263798
 20
5.421568627450981
 10
2.145169712793734
 20
5.4005342841311705
 10
2.1269214113294295
 20
5.390588235294118
 10
2.103916449086162
 20
5.3704699469067
 10
2.0984676830640914
 20
5.359607843137256
 10
2.103916449086162
 20
5.353107473482407
 10
2.145169712793734
 20
5.342202934671465
 10
2.1789013939738595
 20
5.359607843137256
  0
LWPOLYLINE
  5
78
330
17
100
AcDbEntity
  8
CONDUCTIVE_METASURFACE
100
AcDbPolyline
 90
23
 70
1
 10
3.1411973976469367
 20
5.359607843137256
 10
3.135248041775457
 20
5.371440595430903
 10
3.1134005222350223
 20
5.390588235294118
 10
3.0939947780678856
 20
5.4011301093056865
 10
3.06665534928798
 20
5.421568627450981
 10
3.089721140108009
 20
5.452549019607844
 10
3.0939947780678856
 20
5.456615821710086
 10
3.135248041775457
 20
5.472649513981015
 10
3.1409231493155367
 20
5.483529411764706
 10
3.135248041775457
 20
5.490517762570143
 10
3.0939947780678856
 20
5.497652136519194
 10
3.0678138760241884
 20
5.483529411764706
 10
3.052741514360313
 20
5.474058672003775
 10
3.0234150109795426
 20
5.452549019607844
 10
3.0114882506527416
 20
5.432163124166095
 10
3.007276816077756
 20
5.421568627450981
 10
3.0114882506527416
 20
5.412605724333971
 10
3.052741514360313
 20
5.407968855286886
 10
3.0757493714647763
 20
5.390588235294118
 10
3.0589875924029237
 20
5.359607843137256
 10
3.0939947780678856
 20
5.341792940567744
 10
3.135248041775457
 20
5.352517421364469
 10
3.1411973976469367
 20
5.359607843137256
  0
LWPOLYLINE
  5
79
330
17
100
AcDbEntity
  8
CONDUCTIVE_METASURFACE
100
AcDbPolyline
 90
23
 70
1
 10
7.459319148543051
 20
5.359607843137256
 10
7.442612280995091
 20
5.390588235294118
 10
7.466840731070496
 20
5.408513438486998
 10
7.508093994778068
 20
5.413088326370885
 10
7.512109994518259
 20
5.421568627450981
 10
7.508093994778068
 20
5.43171420940171
 10
7.495925897074362
 20
5.452549019607844
 10
7.466840731070496
 20
5.47396214376065
 10
7.451505389734847
 20
5.483529411764706
 10
7.4255874673629245
 20
5.497415759314237
 10
7.384334203655353
 20
5.490134936086668
 10
7.378970394033348
 20
5.483529411764706
 10
7.384334203655353
 20
5.473304718678619
 10
7.4255874673629245
 20
5.457029721104907
 10
7.430258281949842
 20
5.452549019607844
 10
7.45327237883299
 20
5.421568627450981
 10
7.4255874673629245
 20
5.4005342841311705
 10
7.4073391658986205
 20
5.390588235294118
 10
7.384334203655353
 20
5.3704699469067
 10
7.378885437633282
 20
5.359607843137256
 10
7.384334203655353
 20
5.353107473482407
 10
7.4255874673629245
 20
5.342202934671465
 10
7.459319148543051
 20
5.359607843137256
  0
LWPOLYLINE
  5
7A
330
17
100
AcDbEntity
  8
CONDUCTIVE_METASURFACE
100
AcDbPolyline
 90
23
 70
1
 10
8.421615152216129
 20
5.359607843137256
 10
8.415665796344648
 20
5.371440595430903
 10
8.393818276804211
 20
5.390588235294118
 10
8.374412532637075
 20
5.4011301093056865
 10
8.347073103857172
 20
5.421568627450981
 10
8.370138894677199
 20
5.452549019607844
 10
8.374412532637075
 20
5.456615821710086
 10
8.415665796344648
 20
5.472649513981015
 10
8.421340903884728
 20
5.483529411764706
 10
8.415665796344648
 20
5.490517762570143
 10
8.374412532637075
 20
5.497652136519194
 10
8.34823163059338
 20
5.483529411764706
 10
8.333159268929505
 20
5.474058672003775
 10
8.303832765548734
 20
5.452549019607844
 10
8.291906005221932
 20
5.432163124166095
 10
8.287694570646947
 20
5.421568627450981
 10
8.291906005221932
 20
5.412605724333971
 10
8.333159268929505
 20
5.407968855286886
 10
8.356167126033966
 20
5.390588235294118
 10
8.339405346972116
 20
5.359607843137256
 10
8.374412532637075
 20
5.341792940567744
 10
8.415665796344648
 20
5.352517421364469
 10
8.421615152216129
 20
5.359607843137256
  0
LWPOLYLINE
  5
7B
330
17
100
AcDbEntity
  8
CONDUCTIVE_METASURFACE
100
AcDbPolyline
 90
23
 70
1
 10
12.739736903112242
 20
5.359607843137256
 10
12.723030035564284
 20
5.390588235294118
 10
12.747258485639687
 20
5.408513438486998
 10
12.78851174934726
 20
5.413088326370885
 10
12.79252774908745
 20
5.421568627450981
 10
12.78851174934726
 20
5.43171420940171
 10
12.776343651643552
 20
5.452549019607844
 10
12.747258485639687
 20
5.47396214376065
 10
12.731923144304035
 20
5.483529411764706
 10
12.706005221932116
 20
5.497415759314237
 10
12.664751958224544
 20
5.490134936086668
 10
12.659388148602536
 20
5.483529411764706
 10
12.664751958224544
 20
5.473304718678619
 10
12.706005221932116
 20
5.457029721104907
 10
12.710676036519034
 20
5.452549019607844
 10
12.733690133402181
 20
5.421568627450981
 10
12.706005221932116
 20
5.4005342841311705
 10
12.68775692046781
 20
5.390588235294118
 10
12.664751958224544
 20
5.3704699469067
 10
12.659303192202474
 20
5.359607843137256
 10
12.664751958224544
 20
5.353107473482407
 10
12.706005221932116
 20
5.342202934671465
 10
12.739736903112242
 20
5.359607843137256
  0
LWPOLYLINE
  5
7C
330
17
100
AcDbEntity
  8
CONDUCTIVE_METASURFACE
100
AcDbPolyline
 90
23
 70
1
 10
13.702032906785318
 20
5.359607843137256
 10
13.696083550913839
 20
5.371440595430903
 10
13.674236031373404
 20
5.390588235294118
 10
13.654830287206266
 20
5.4011301093056865
 10
13.627490858426361
 20
5.421568627450981
 10
13.65055664924639
 20
5.452549019607844
 10
13.654830287206266
 20
5.456615821710086
 10
13.696083550913839
 20
5.472649513981015
 10
13.701758658453919
 20
5.483529411764706
 10
13.696083550913839
 20
5.490517762570143
 10
13.654830287206266
 20
5.497652136519194
 10
13.62864938516257
 20
5.483529411764706
 10
13.613577023498694
 20
5.474058672003775
 10
13.584250520117925
 20
5.452549019607844
 10
13.572323759791123
 20
5.432163124166095
 10
13.56811232521614
 20
5.421568627450981
 10
13.572323759791123
 20
5.412605724333971
 10
13.613577023498694
 20
5.407968855286886
 10
13.636584880603158
 20
5.390588235294118
 10
13.619823101541307
 20
5.359607843137256
 10
13.654830287206266
 20
5.341792940567744
 10
13.696083550913839
 20
5.352517421364469
 10
13.702032906785318
 20
5.359607843137256
  0
LWPOLYLINE
  5
7D
330
17
100
AcDbEntity
  8
CONDUCTIVE_METASURFACE
100
AcDbPolyline
 90
7
 70
1
 10
1.278851174934726
 20
5.0160194844854376
 10
1.2736101076868906
 20
5.0188235294117645
 10
1.251587393374431
 20
5.0498039215686275
 10
1.278851174934726
 20
5.076913934539882
 10
1.2923964675841
 20
5.0498039215686275
 10
1.2830933001825298
 20
5.0188235294117645
 10
1.278851174934726
 20
5.0160194844854376
  0
LWPOLYLINE
  5
7E
330
17
100
AcDbEntity
  8
CONDUCTIVE_METASURFACE
100
AcDbPolyline
 90
7
 70
1
 10
3.960313315926893
 20
5.016096861858134
 10
3.9562459196371766
 20
5.0188235294117645
 10
3.947368681237921
 20
5.0498039215686275
 10
3.960313315926893
 20
5.075877366526333
 10
3.986671149215968
 20
5.0498039215686275
 10
3.9653658356245653
 20
5.0188235294117645
 10
3.960313315926893
 20
5.016096861858134
  0
LWPOLYLINE
  5
7F
330
17
100
AcDbEntity
  8
CONDUCTIVE_METASURFACE
100
AcDbPolyline
 90
7
 70
1
 10
6.559268929503917
 20
5.0160194844854376
 10
6.554027862256081
 20
5.0188235294117645
 10
6.5320051479436225
 20
5.0498039215686275
 10
6.559268929503917
 20
5.076913934539882
 10
6.57281422215329
 20
5.0498039215686275
 10
6.563511054751721
 20
5.0188235294117645
 10
6.559268929503917
 20
5.0160194844854376
  0
LWPOLYLINE
  5
80
330
17
100
AcDbEntity
  8
CONDUCTIVE_METASURFACE
100
AcDbPolyline
 90
7
 70
1
 10
9.240731070496084
 20
5.016096861858134
 10
9.236663674206367
 20
5.0188235294117645
 10
9.227786435807113
 20
5.0498039215686275
 10
9.240731070496084
 20
5.075877366526333
 10
9.267088903785158
 20
5.0498039215686275
 10
9.245783590193758
 20
5.0188235294117645
 10
9.240731070496084
 20
5.016096861858134
  0
LWPOLYLINE
  5
81
330
17
100
AcDbEntity
  8
CONDUCTIVE_METASURFACE
100
AcDbPolyline
 90
7
 70
1
 10
11.839686684073108
 20
5.0160194844854376
 10
11.834445616825272
 20
5.0188235294117645
 10
11.812422902512813
 20
5.0498039215686275
 10
11.839686684073108
 20
5.076913934539882
 10
11.853231976722482
 20
5.0498039215686275
 10
11.843928809320913
 20
5.0188235294117645
 10
11.839686684073108
 20
5.0160194844854376
  0
LWPOLYLINE
  5
82
330
17
100
AcDbEntity
  8
CONDUCTIVE_METASURFACE
100
AcDbPolyline
 90
7
 70
1
 10
14.521148825065275
 20
5.016096861858134
 10
14.517081428775558
 20
5.0188235294117645
 10
14.508204190376302
 20
5.0498039215686275
 10
14.521148825065275
 20
5.075877366526333
 10
14.54750665835435
 20
5.0498039215686275
 10
14.526201344762947
 20
5.0188235294117645
 10
14.521148825065275
 20
5.016096861858134
  0
LWPOLYLINE
  5
83
330
17
100
AcDbEntity
  8
CONDUCTIVE_METASURFACE
100
AcDbPolyline
 90
7
 70
1
 10
1.443864229765013
 20
4.906088028845788
 10
1.4026109660574413
 20
4.922087908655205
 10
1.3989800657353322
 20
4.925882352941176
 10
1.4026109660574413
 20
4.928936966069745
 10
1.443864229765013
 20
4.935603547690148
 10
1.4785833572834097
 20
4.925882352941176
 10
1.443864229765013
 20
4.906088028845788
  0
LWPOLYLINE
  5
84
330
17
100
AcDbEntity
  8
CONDUCTIVE_METASURFACE
100
AcDbPolyline
 90
7
 70
1
 10
3.8365535248041778
 20
4.921946407177781
 10
3.7953002610966062
 20
4.905407721848058
 10
3.759200713746876
 20
4.925882352941176
 10
3.7953002610966062
 20
4.9360545727147755
 10
3.8365535248041778
 20
4.929068081980056
 10
3.840287373657051
 20
4.925882352941176
 10
3.8365535248041778
 20
4.921946407177781
  0
LWPOLYLINE
  5
85
330
17
100
AcDbEntity
  8
CONDUCTIVE_METASURFACE
100
AcDbPolyline
 90
7
 70
1
 10
6.724281984334204
 20
4.906088028845788
 10
6.683028720626632
 20
4.922087908655205
 10
6.679397820304524
 20
4.925882352941176
 10
6.683028720626632
 20
4.928936966069745
 10
6.724281984334204
 20
4.935603547690148
 10
6.7590011118526
 20
4.925882352941176
 10
6.724281984334204
 20
4.906088028845788
  0
LWPOLYLINE
  5
86
330
17
100
AcDbEntity
  8
CONDUCTIVE_METASURFACE
100
AcDbPolyline
 90
7
 70
1
 10
9.116971279373368
 20
4.921946407177781
 10
9.075718015665796
 20
4.905407721848058
 10
9.039618468316066
 20
4.925882352941176
 10
9.075718015665796
 20
4.9360545727147755
 10
9.116971279373368
 20
4.929068081980056
 10
9.120705128226243
 20
4.925882352941176
 10
9.116971279373368
 20
4.921946407177781
  0
LWPOLYLINE
  5
87
330
17
100
AcDbEntity
  8
CONDUCTIVE_METASURFACE
100
AcDbPolyline
 90
7
 70
1
 10
12.004699738903396
 20
4.906088028845788
 10
11.963446475195823
 20
4.922087908655205
 10
11.959815574873712
 20
4.925882352941176
 10
11.963446475195823
 20
4.928936966069745
 10
12.004699738903396
 20
4.935603547690148
 10
12.039418866421792
 20
4.925882352941176
 10
12.004699738903396
 20
4.906088028845788
  0
LWPOLYLINE
  5
88
330
17
100
AcDbEntity
  8
CONDUCTIVE_METASURFACE
100
AcDbPolyline
 90
7
 70
1
 10
14.39738903394256
 20
4.921946407177781
 10
14.356135770234987
 20
4.905407721848058
 10
14.320036222885259
 20
4.925882352941176
 10
14.356135770234987
 20
4.9360545727147755
 10
14.39738903394256
 20
4.929068081980056
 10
14.401122882795434
 20
4.925882352941176
 10
14.39738903394256
 20
4.921946407177781
  0
LWPOLYLINE
  5
89
330
17
100
AcDbEntity
  8
CONDUCTIVE_METASURFACE
100
AcDbPolyline
 90
5
 70
1
 10
1.2375979112271542
 20
4.865562314916006
 10
1.1989754188959298
 20
4.894901960784314
 10
1.2375979112271542
 20
4.913146477787885
 10
1.2621051346052028
 20
4.894901960784314
 10
1.2375979112271542
 20
4.865562314916006
  0
LWPOLYLINE
  5
8A
330
17
100
AcDbEntity
  8
CONDUCTIVE_METASURFACE
100
AcDbPolyline
 90
5
 70
1
 10
4.001566579634464
 20
4.8658972329248495
 10
3.9772723413437303
 20
4.894901960784314
 10
4.001566579634464
 20
4.913306349823189
 10
4.040634971767374
 20
4.894901960784314
 10
4.001566579634464
 20
4.8658972329248495
  0
LWPOLYLINE
  5
8B
330
17
100
AcDbEntity
  8
CONDUCTIVE_METASURFACE
100
AcDbPolyline
 90
5
 70
1
 10
6.518015665796345
 20
4.865562314916006
 10
6.4793931734651204
 20
4.894901960784314
 10
6.518015665796345
 20
4.913146477787885
 10
6.542522889174394
 20
4.894901960784314
 10
6.518015665796345
 20
4.865562314916006
  0
LWPOLYLINE
  5
8C
330
17
100
AcDbEntity
  8
CONDUCTIVE_METASURFACE
100
AcDbPolyline
 90
5
 70
1
 10
9.281984334203656
 20
4.8658972329248495
 10
9.25769009591292
 20
4.894901960784314
 10
9.281984334203656
 20
4.913306349823189
 10
9.321052726336562
 20
4.894901960784314
 10
9.281984334203656
 20
4.8658972329248495
  0
LWPOLYLINE
  5
8D
330
17
100
AcDbEntity
  8
CONDUCTIVE_METASURFACE
100
AcDbPolyline
 90
5
 70
1
 10
11.798433420365535
 20
4.865562314916006
 10
11.759810928034312
 20
4.894901960784314
 10
11.798433420365535
 20
4.913146477787885
 10
11.822940643743582
 20
4.894901960784314
 10
11.798433420365535
 20
4.865562314916006
  0
LWPOLYLINE
  5
8E
330
17
100
AcDbEntity
  8
CONDUCTIVE_METASURFACE
100
AcDbPolyline
 90
5
 70
1
 10
14.562402088772847
 20
4.8658972329248495
 10
14.538107850482112
 20
4.894901960784314
 10
14.562402088772847
 20
4.913306349823189
 10
14.601470480905753
 20
4.894901960784314
 10
14.562402088772847
 20
4.8658972329248495
  0
LWPOLYLINE
  5
8F
330
17
100
AcDbEntity
  8
CONDUCTIVE_METASURFACE
100
AcDbPolyline
 90
5
 70
1
 10
0.04909310717463138
 20
4.832941176470589
 10
0.041253263707571805
 20
4.837099280660479
 10
0.030943127089508908
 20
4.832941176470589
 10
0.041253263707571805
 20
4.809577511956434
 10
0.04909310717463138
 20
4.832941176470589
  0
LWPOLYLINE
  5
90
330
17
100
AcDbEntity
  8
CONDUCTIVE_METASURFACE
100
AcDbPolyline
 90
5
 70
1
 10
5.208005441408955
 20
4.832941176470589
 10
5.197911227154047
 20
4.837003366031218
 10
5.1902778171857005
 20
4.832941176470589
 10
5.197911227154047
 20
4.80987401298941
 10
5.208005441408955
 20
4.832941176470589
  0
LWPOLYLINE
  5
91
330
17
100
AcDbEntity
  8
CONDUCTIVE_METASURFACE
100
AcDbPolyline
 90
5
 70
1
 10
5.329510861743822
 20
4.832941176470589
 10
5.321671018276763
 20
4.837099280660479
 10
5.3113608816587
 20
4.832941176470589
 10
5.321671018276763
 20
4.809577511956434
 10
5.329510861743822
 20
4.832941176470589
  0
LWPOLYLINE
  5
92
330
17
100
AcDbEntity
  8
CONDUCTIVE_METASURFACE
100
AcDbPolyline
 90
5
 70
1
 10
10.488423195978145
 20
4.832941176470589
 10
10.478328981723237
 20
4.837003366031218
 10
10.47069557175489
 20
4.832941176470589
 10
10.478328981723237
 20
4.80987401298941
 10
10.488423195978145
 20
4.832941176470589
  0
LWPOLYLINE
  5
93
330
17
100
AcDbEntity
  8
CONDUCTIVE_METASURFACE
100
AcDbPolyline
 90
5
 70
1
 10
10.609928616313013
 20
4.832941176470589
 10
10.602088772845955
 20
4.837099280660479
 10
10.591778636227891
 20
4.832941176470589
 10
10.602088772845955
 20
4.809577511956434
 10
10.609928616313013
 20
4.832941176470589
  0
LWPOLYLINE
  5
94
330
17
100
AcDbEntity
  8
CONDUCTIVE_METASURFACE
100
AcDbPolyline
 90
5
 70
1
 10
15.768840950547336
 20
4.832941176470589
 10
15.758746736292428
 20
4.837003366031218
 10
15.75111332632408
 20
4.832941176470589
 10
15.758746736292428
 20
4.80987401298941
 10
15.768840950547336
 20
4.832941176470589
  0
LWPOLYLINE
  5
95
330
17
100
AcDbEntity
  8
CONDUCTIVE_METASURFACE
100
AcDbPolyline
 90
13
 70
1
 10
0.5437141667555
 20
4.337254901960785
 10
0.5775456919060052
 20
4.351464592567592
 10
0.5847257410027508
 20
4.368235294117648
 10
0.5775456919060052
 20
4.383190238609771
 10
0.5562426616107348
 20
4.39921568627451
 10
0.5362924281984335
 20
4.40464351656484
 10
0.513700431875284
 20
4.39921568627451
 10
0.4950391644908616
 20
4.373960975722586
 10
0.4931962378261589
 20
4.368235294117648
 10
0.4950391644908616
 20
4.359756319294149
 10
0.5250920285728699
 20
4.337254901960785
 10
0.5362924281984335
 20
4.33588676885285
 10
0.5437141667555
 20
4.337254901960785
  0
LWPOLYLINE
  5
96
330
17
100
AcDbEntity
  8
CONDUCTIVE_METASURFACE
100
AcDbPolyline
 90
13
 70
1
 10
4.714162704540156
 20
4.337254901960785
 10
4.7441253263707575
 20
4.359824012146552
 10
4.745947121879405
 20
4.368235294117648
 10
4.7441253263707575
 20
4.373808868592006
 10
4.725203791128202
 20
4.39921568627451
 10
4.702872062663185
 20
4.404607757084405
 10
4.6829582224864215
 20
4.39921568627451
 10
4.6616187989556135
 20
4.383217485158729
 10
4.654391147125238
 20
4.368235294117648
 10
4.6616187989556135
 20
4.351269157172631
 10
4.69524771623981
 20
4.337254901960785
 10
4.702872062663185
 20
4.335870882462748
 10
4.714162704540156
 20
4.337254901960785
  0
LWPOLYLINE
  5
97
330
17
100
AcDbEntity
  8
CONDUCTIVE_METASURFACE
100
AcDbPolyline
 90
13
 70
1
 10
5.824131921324692
 20
4.337254901960785
 10
5.857963446475196
 20
4.351464592567592
 10
5.8651434955719415
 20
4.368235294117648
 10
5.857963446475196
 20
4.383190238609771
 10
5.836660416179925
 20
4.39921568627451
 10
5.816710182767625
 20
4.40464351656484
 10
5.794118186444475
 20
4.39921568627451
 10
5.775456919060052
 20
4.373960975722586
 10
5.77361399239535
 20
4.368235294117648
 10
5.775456919060052
 20
4.359756319294149
 10
5.805509783142061
 20
4.337254901960785
 10
5.816710182767625
 20
4.33588676885285
 10
5.824131921324692
 20
4.337254901960785
  0
LWPOLYLINE
  5
98
330
17
100
AcDbEntity
  8
CONDUCTIVE_METASURFACE
100
AcDbPolyline
 90
13
 70
1
 10
9.994580459109347
 20
4.337254901960785
 10
10.024543080939948
 20
4.359824012146552
 10
10.026364876448595
 20
4.368235294117648
 10
10.024543080939948
 20
4.373808868592006
 10
10.005621545697393
 20
4.39921568627451
 10
9.983289817232377
 20
4.404607757084405
 10
9.963375977055613
 20
4.39921568627451
 10
9.942036553524805
 20
4.383217485158729
 10
9.934808901694428
 20
4.368235294117648
 10
9.942036553524805
 20
4.351269157172631
 10
9.975665470809
 20
4.337254901960785
 10
9.983289817232377
 20
4.335870882462748
 10
9.994580459109347
 20
4.337254901960785
  0
LWPOLYLINE
  5
99
330
17
100
AcDbEntity
  8
CONDUCTIVE_METASURFACE
100
AcDbPolyline
 90
13
 70
1
 10
11.104549675893882
 20
4.337254901960785
 10
11.138381201044387
 20
4.351464592567592
 10
11.145561250141133
 20
4.368235294117648
 10
11.138381201044387
 20
4.383190238609771
 10
11.117078170749117
 20
4.39921568627451
 10
11.097127937336815
 20
4.40464351656484
 10
11.074535941013666
 20
4.39921568627451
 10
11.055874673629244
 20
4.373960975722586
 10
11.054031746964538
 20
4.368235294117648
 10
11.055874673629244
 20
4.359756319294149
 10
11.085927537711251
 20
4.337254901960785
 10
11.097127937336815
 20
4.33588676885285
 10
11.104549675893882
 20
4.337254901960785
  0
LWPOLYLINE
  5
9A
330
17
100
AcDbEntity
  8
CONDUCTIVE_METASURFACE
100
AcDbPolyline
 90
13
 70
1
 10
15.274998213678538
 20
4.337254901960785
 10
15.304960835509139
 20
4.359824012146552
 10
15.306782631017787
 20
4.368235294117648
 10
15.304960835509139
 20
4.373808868592006
 10
15.286039300266584
 20
4.39921568627451
 10
15.263707571801568
 20
4.404607757084405
 10
15.243793731624802
 20
4.39921568627451
 10
15.222454308093996
 20
4.383217485158729
 10
15.215226656263619
 20
4.368235294117648
 10
15.222454308093996
 20
4.351269157172631
 10
15.256083225378193
 20
4.337254901960785
 10
15.263707571801568
 20
4.335870882462748
 10
15.274998213678538
 20
4.337254901960785
  0
LWPOLYLINE
  5
9B
330
17
100
AcDbEntity
  8
CONDUCTIVE_METASURFACE
100
AcDbPolyline
 90
5
 70
1
 10
1.1605005371343433
 20
3.996470588235294
 10
1.1550913838120105
 20
4.002203103952675
 10
1.1243754032537692
 20
3.996470588235294
 10
1.1550913838120105
 20
3.9888900702008674
 10
1.1605005371343433
 20
3.996470588235294
  0
LWPOLYLINE
  5
9C
330
17
100
AcDbEntity
  8
CONDUCTIVE_METASURFACE
100
AcDbPolyline
 90
5
 70
1
 10
4.115184025514526
 20
3.996470588235294
 10
4.084073107049608
 20
4.0023581681497875
 10
4.078536202737989
 20
3.996470588235294
 10
4.084073107049608
 20
3.9887278736119502
 10
4.115184025514526
 20
3.996470588235294
  0
LWPOLYLINE
  5
9D
330
17
100
AcDbEntity
  8
CONDUCTIVE_METASURFACE
100
AcDbPolyline
 90
5
 70
1
 10
6.440918291703535
 20
3.996470588235294
 10
6.435509138381201
 20
4.002203103952675
 10
6.404793157822961
 20
3.996470588235294
 10
6.435509138381201
 20
3.9888900702008674
 10
6.440918291703535
 20
3.996470588235294
  0
LWPOLYLINE
  5
9E
330
17
100
AcDbEntity
  8
CONDUCTIVE_METASURFACE
100
AcDbPolyline
 90
5
 70
1
 10
9.395601780083718
 20
3.996470588235294
 10
9.3644908616188
 20
4.0023581681497875
 10
9.358953957307179
 20
3.996470588235294
 10
9.3644908616188
 20
3.9887278736119502
 10
9.395601780083718
 20
3.996470588235294
  0
LWPOLYLINE
  5
9F
330
17
100
AcDbEntity
  8
CONDUCTIVE_METASURFACE
100
AcDbPolyline
 90
5
 70
1
 10
11.721336046272725
 20
3.996470588235294
 10
11.715926892950392
 20
4.002203103952675
 10
11.685210912392153
 20
3.996470588235294
 10
11.715926892950392
 20
3.9888900702008674
 10
11.721336046272725
 20
3.996470588235294
  0
LWPOLYLINE
  5
A0
330
17
100
AcDbEntity
  8
CONDUCTIVE_METASURFACE
100
AcDbPolyline
 90
5
 70
1
 10
14.676019534652909
 20
3.996470588235294
 10
14.64490861618799
 20
4.0023581681497875
 10
14.639371711876372
 20
3.996470588235294
 10
14.64490861618799
 20
3.9887278736119502
 10
14.676019534652909
 20
3.996470588235294
  0
LWPOLYLINE
  5
A1
330
17
100
AcDbEntity
  8
CONDUCTIVE_METASURFACE
100
AcDbPolyline
 90
5
 70
1
 10
1.1606283112821494
 20
3.903529411764706
 10
1.1550913838120105
 20
3.911272151476638
 10
1.123980364538906
 20
3.903529411764706
 10
1.1550913838120105
 20
3.897641817606818
 10
1.1606283112821494
 20
3.903529411764706
  0
LWPOLYLINE
  5
A2
330
17
100
AcDbEntity
  8
CONDUCTIVE_METASURFACE
100
AcDbPolyline
 90
5
 70
1
 10
4.114789156312303
 20
3.903529411764706
 10
4.084073107049608
 20
3.911109963524847
 10
4.078663923412209
 20
3.903529411764706
 10
4.084073107049608
 20
3.8977968772450153
 10
4.114789156312303
 20
3.903529411764706
  0
LWPOLYLINE
  5
A3
330
17
100
AcDbEntity
  8
CONDUCTIVE_METASURFACE
100
AcDbPolyline
 90
5
 70
1
 10
6.44104606585134
 20
3.903529411764706
 10
6.435509138381201
 20
3.911272151476638
 10
6.404398119108097
 20
3.903529411764706
 10
6.435509138381201
 20
3.897641817606818
 10
6.44104606585134
 20
3.903529411764706
  0
LWPOLYLINE
  5
A4
330
17
100
AcDbEntity
  8
CONDUCTIVE_METASURFACE
100
AcDbPolyline
 90
5
 70
1
 10
9.395206910881495
 20
3.903529411764706
 10
9.3644908616188
 20
3.911109963524847
 10
9.3590816779814
 20
3.903529411764706
 10
9.3644908616188
 20
3.8977968772450153
 10
9.395206910881495
 20
3.903529411764706
  0
LWPOLYLINE
  5
A5
330
17
100
AcDbEntity
  8
CONDUCTIVE_METASURFACE
100
AcDbPolyline
 90
5
 70
1
 10
11.72146382042053
 20
3.903529411764706
 10
11.715926892950392
 20
3.911272151476638
 10
11.68481587367729
 20
3.903529411764706
 10
11.715926892950392
 20
3.897641817606818
 10
11.72146382042053
 20
3.903529411764706
  0
LWPOLYLINE
  5
A6
330
17
100
AcDbEntity
  8
CONDUCTIVE_METASURFACE
100
AcDbPolyline
 90
5
 70
1
 10
14.675624665450684
 20
3.903529411764706
 10
14.64490861618799
 20
3.911109963524847
 10
14.639499432550592
 20
3.903529411764706
 10
14.64490861618799
 20
3.8977968772450153
 10
14.675624665450684
 20
3.903529411764706
  0
LWPOLYLINE
  5
A7
330
17
100
AcDbEntity
  8
CONDUCTIVE_METASURFACE
100
AcDbPolyline
 90
13
 70
1
 10
0.556206352987157
 20
3.5007843137254904
 10
0.5775456919060052
 20
3.5167824360060362
 10
0.5847733823543408
 20
3.531764705882353
 10
0.5775456919060052
 20
3.5487309250424977
 10
0.5439169642749383
 20
3.5627450980392155
 10
0.5362924281984335
 20
3.5641291502954338
 10
0.5250015108381634
 20
3.5627450980392155
 10
0.4950391644908616
 20
3.540176090747342
 10
0.49321735305292097
 20
3.531764705882353
 10
0.4950391644908616
 20
3.526191088307731
 10
0.5139606541177006
 20
3.5007843137254904
 10
0.5362924281984335
 20
3.495392221515416
 10
0.556206352987157
 20
3.5007843137254904
  0
LWPOLYLINE
  5
A8
330
17
100
AcDbEntity
  8
CONDUCTIVE_METASURFACE
100
AcDbPolyline
 90
217
 70
1
 10
0.572557016411006
 20
2.3235294117647056
 10
0.5775456919060052
 20
2.3290029257518694
 10
0.606989552421743
 20
2.354509803921569
 10
0.6012050190351897
 20
2.3854901960784316
 10
0.6092710571831993
 20
2.4164705882352946
 10
0.6187989556135771
 20
2.4309029955125756
 10
0.6600522193211489
 20
2.4422667062033194
 10
0.6795101660265641
 20
2.447450980392157
 10
0.7013054830287206
 20
2.45554906704149
 10
0.7425587467362924
 20
2.4602284302009623
 10
0.7838120104438643
 20
2.459729463467146
 10
0.8233419049066955
 20
2.447450980392157
 10
0.825065274151436
 20
2.4470294606984977
 10
0.8663185378590079
 20
2.4411164841778956
 10
0.8891828854704835
 20
2.447450980392157
 10
0.9075718015665797
 20
2.4638858160997175
 10
0.9196790262180572
 20
2.4784313725490197
 10
0.9318361195945829
 20
2.5094117647058822
 10
0.9488250652741516
 20
2.522021904853207
 10
0.9798698801681183
 20
2.5094117647058822
 10
0.9900783289817232
 20
2.504704099356967
 10
0.9984939514148468
 20
2.5094117647058822
 10
1.0313315926892952
 20
2.5307309853677595
 10
1.0427164856721847
 20
2.5403921568627448
 10
1.0313315926892952
 20
2.5622578515672894
 10
1.027292007250469
 20
2.5713725490196078
 10
1.0221156532687194
 20
2.602352941176471
 10
1.0014413287090835
 20
2.6333333333333337
 10
0.9900783289817232
 20
2.6572948257888385
 10
0.9875754396229619
 20
2.6643137254901963
 10
0.9805538949612956
 20
2.695294117647059
 10
0.9900783289817232
 20
2.708013708738473
 10
1.0313315926892952
 20
2.7176300977998618
 10
1.072584856396867
 20
2.7038343544232344
 10
1.0758626901013395
 20
2.695294117647059
 10
1.0897297394380334
 20
2.6643137254901963
 10
1.1138381201044387
 20
2.6455011123126546
 10
1.1550913838120105
 20
2.650815113593372
 10
1.1963446475195822
 20
2.651972001612724
 10
1.2375979112271542
 20
2.652908984984548
 10
1.2561136492894336
 20
2.6643137254901963
 10
1.272355063705672
 20
2.695294117647059
 10
1.278851174934726
 20
2.7058910849026225
 10
1.3098810451076945
 20
2.726274509803922
 10
1.3201044386422978
 20
2.756120892098941
 10
1.3204090108045987
 20
2.7572549019607844
 10
1.3324782061328309
 20
2.788235294117647
 10
1.3613577023498695
 20
2.818183574375884
 10
1.3665731264730225
 20
2.8192156862745095
 10
1.4026109660574413
 20
2.8293882106828256
 10
1.4168027070326887
 20
2.850196078431373
 10
1.443864229765013
 20
2.8706460177905897
 10
1.4710712786770535
 20
2.881176470588236
 10
1.4851174934725848
 20
2.910779300716956
 10
1.4855727960926468
 20
2.9121568627450984
 10
1.5263707571801566
 20
2.9341987773189038
 10
1.567324427322574
 20
2.943137254901961
 10
1.5676240208877286
 20
2.9433870612977686
 10
1.6088772845953003
 20
2.951142597650665
 10
1.6358081126193988
 20
2.9741176470588235
 10
1.650130548302872
 20
2.9790530354719236
 10
1.6913838120104439
 20
2.9911462892235057
 10
1.706613563224235
 20
3.005098039215686
 10
1.7078205925454306
 20
3.036078431372549
 10
1.7096237648362222
 20
3.0670588235294116
 10
1.716967772080423
 20
3.098039215686275
 10
1.6913838120104439
 20
3.1163426859349515
 10
1.650130548302872
 20
3.1268855511926326
 10
1.6403372477390517
 20
3.1290196078431376
 10
1.6206828069064867
 20
3.16
 10
1.6333560295965444
 20
3.190980392156863
 10
1.650130548302872
 20
3.1980934167657598
 10
1.6913838120104439
 20
3.192785885856595
 10
1.7003780612434574
 20
3.190980392156863
 10
1.7326370757180158
 20
3.1823709756311263
 10
1.7738903394255876
 20
3.166840597828101
 10
1.8151436031331594
 20
3.1630261178237897
 10
1.8272450871224624
 20
3.16
 10
1.8563968668407311
 20
3.1514329513245736
 10
1.8692762923062909
 20
3.16
 10
1.8976501305483031
 20
3.1845706381525827
 10
1.9040519300964167
 20
3.190980392156863
 10
1.8976501305483031
 20
3.1988220772170157
 10
1.881037634314322
 20
3.2219607843137257
 10
1.8976501305483031
 20
3.2345766573125365
 10
1.9389033942558749
 20
3.2437230637007435
 10
1.958598217249838
 20
3.2529411764705882
 10
1.9801566579634464
 20
3.2664332325654954
 10
1.9887924849998877
 20
3.2839215686274508
 10
1.9811668658117627
 20
3.3149019607843133
 10
1.9801566579634464
 20
3.3172418342887453
 10
1.9643231662761498
 20
3.345882352941177
 10
1.9636514358849806
 20
3.3768627450980397
 10
1.9700849088328511
 20
3.4078431372549023
 10
1.9801566579634464
 20
3.423223624167979
 10
1.9874531933802881
 20
3.438823529411765
 10
2.002951338395015
 20
3.4698039215686274
 10
2.0214099216710184
 20
3.4766383390380198
 10
2.0626631853785904
 20
3.4825859278568614
 10
2.103916449086162
 20
3.47790475286387
 10
2.13856065524513
 20
3.5007843137254904
 10
2.145169712793734
 20
3.504223106612524
 10
2.1642860684340506
 20
3.531764705882353
 10
2.158533690662349
 20
3.5627450980392155
 10
2.145169712793734
 20
3.5754595037297956
 10
2.103916449086162
 20
3.579991098640797
 10
2.0626631853785904
 20
3.5761954558929254
 10
2.0214099216710184
 20
3.5672708241867204
 10
2.017038062792423
 20
3.5627450980392155
 10
1.9801566579634464
 20
3.535453943400116
 10
1.9389033942558749
 20
3.5344112327243185
 10
1.9345678466040148
 20
3.531764705882353
 10
1.9389033942558749
 20
3.514898885305563
 10
1.9435909787731938
 20
3.5007843137254904
 10
1.9389033942558749
 20
3.4954930393604413
 10
1.8976501305483031
 20
3.4828207911388605
 10
1.8563968668407311
 20
3.48757183102336
 10
1.8168092556934823
 20
3.5007843137254904
 10
1.8151436031331594
 20
3.5022814734059686
 10
1.7738903394255876
 20
3.510565761983612
 10
1.7439457994318779
 20
3.5007843137254904
 10
1.7326370757180158
 20
3.495484261233083
 10
1.6913838120104439
 20
3.4752273448785256
 10
1.6827166682598027
 20
3.4698039215686274
 10
1.6715985731034415
 20
3.438823529411765
 10
1.650130548302872
 20
3.409204923590436
 10
1.6495142680030666
 20
3.4078431372549023
 10
1.6460975583787867
 20
3.3768627450980397
 10
1.650130548302872
 20
3.362655722989221
 10
1.6537563258251027
 20
3.345882352941177
 10
1.650130548302872
 20
3.3406925515816797
 10
1.630028283798187
 20
3.3149019607843133
 10
1.6088772845953003
 20
3.2985711298485856
 10
1.5676240208877286
 20
3.296339854107889
 10
1.5263707571801566
 20
3.3100439911055473
 10
1.4851174934725848
 20
3.311939584887009
 10
1.443864229765013
 20
3.304402970154147
 10
1.4026109660574413
 20
3.290292750977266
 10
1.3968142640708452
 20
3.2839215686274508
 10
1.3757464731457938
 20
3.2529411764705882
 10
1.4026109660574413
 20
3.2221258608136565
 10
1.402781101110412
 20
3.2219607843137257
 10
1.443864229765013
 20
3.1990377810800914
 10
1.4851174934725848
 20
3.2071526169075715
 10
1.5263707571801566
 20
3.213852545352019
 10
1.5467589488931137
 20
3.190980392156863
 10
1.5263707571801566
 20
3.1633421846604906
 10
1.4851174934725848
 20
3.1638963805848848
 10
1.4811535987486595
 20
3.16
 10
1.459669423786207
 20
3.1290196078431376
 10
1.452930890393446
 20
3.098039215686275
 10
1.443864229765013
 20
3.0896435808899914
 10
1.4026109660574413
 20
3.0696260608864505
 10
1.4002561620598546
 20
3.0670588235294116
 10
1.3613577023498695
 20
3.0505743156415366
 10
1.3201044386422978
 20
3.044612283701799
 10
1.278851174934726
 20
3.041414814212258
 10
1.2375979112271542
 20
3.0373714710151427
 10
1.2280069533649653
 20
3.036078431372549
 10
1.1963446475195822
 20
3.0112681978358746
 10
1.1949251848688058
 20
3.005098039215686
 10
1.1897350144077579
 20
2.9741176470588235
 10
1.1852094577681784
 20
2.943137254901961
 10
1.1770911596375428
 20
2.9121568627450984
 10
1.1550913838120105
 20
2.8830975778818986
 10
1.151342248766623
 20
2.881176470588236
 10
1.1248171233288187
 20
2.850196078431373
 10
1.1138381201044387
 20
2.843409216093999
 10
1.072584856396867
 20
2.838204782818786
 10
1.0313315926892952
 20
2.822034148142607
 10
1.026339057066873
 20
2.8192156862745095
 10
1.027086445104513
 20
2.788235294117647
 10
0.9900783289817232
 20
2.773012641915322
 10
0.9603511935161094
 20
2.788235294117647
 10
0.9689080594619314
 20
2.8192156862745095
 10
0.9794754251804135
 20
2.850196078431373
 10
0.9489650448335728
 20
2.881176470588236
 10
0.9488250652741516
 20
2.88128668783953
 10
0.9075718015665797
 20
2.901633949889521
 10
0.8663185378590079
 20
2.8856792843540777
 10
0.8575779437583416
 20
2.881176470588236
 10
0.8389041668750898
 20
2.850196078431373
 10
0.82849187995022
 20
2.8192156862745095
 10
0.830192232988014
 20
2.788235294117647
 10
0.8491111428415397
 20
2.7572549019607844
 10
0.8463642947312687
 20
2.726274509803922
 10
0.825065274151436
 20
2.710625596145474
 10
0.7905874986311788
 20
2.695294117647059
 10
0.7838120104438643
 20
2.692618204613124
 10
0.7622648199126201
 20
2.695294117647059
 10
0.7425587467362924
 20
2.6985209414004214
 10
0.7013054830287206
 20
2.696024078313948
 10
0.6984293204461933
 20
2.695294117647059
 10
0.6600522193211489
 20
2.679662430402699
 10
0.6187989556135771
 20
2.6712534011817213
 10
0.6111199753125176
 20
2.6643137254901963
 10
0.5843499192567749
 20
2.6333333333333337
 10
0.5775456919060052
 20
2.625118357486624
 10
0.5642562162687353
 20
2.602352941176471
 10
0.5752879380144954
 20
2.5713725490196078
 10
0.5775456919060052
 20
2.5699664173115915
 10
0.595085444840739
 20
2.5403921568627448
 10
0.6014598510605781
 20
2.5094117647058822
 10
0.5847165634223654
 20
2.4784313725490197
 10
0.5775456919060052
 20
2.4748504138687033
 10
0.5587990400661873
 20
2.4784313725490197
 10
0.5362924281984335
 20
2.4817573502143206
 10
0.5327099361198983
 20
2.4784313725490197
 10
0.5314577828464659
 20
2.447450980392157
 10
0.4950391644908616
 20
2.4196231019661254
 10
0.48929338269653927
 20
2.4164705882352946
 10
0.47752054155216056
 20
2.3854901960784316
 10
0.4726199022765717
 20
2.354509803921569
 10
0.4783112445866335
 20
2.3235294117647056
 10
0.4950391644908616
 20
2.3135089893136738
 10
0.5362924281984335
 20
2.3091543514807844
 10
0.572557016411006
 20
2.3235294117647056
  0
LWPOLYLINE
  5
A9
330
17
100
AcDbEntity
  8
CONDUCTIVE_METASURFACE
100
AcDbPolyline
 90
217
 70
1
 10
4.761055672138298
 20
2.3235294117647056
 10
4.767089900401585
 20
2.354509803921569
 10
4.762035661241146
 20
2.3854901960784316
 10
4.750151675780682
 20
2.4164705882352946
 10
4.7441253263707575
 20
2.419753730579827
 10
4.707784629233507
 20
2.447450980392157
 10
4.706396195772603
 20
2.4784313725490197
 10
4.702872062663185
 20
2.481687323567504
 10
4.680413233194677
 20
2.4784313725490197
 10
4.6616187989556135
 20
2.474911183064275
 10
4.654573173057287
 20
2.4784313725490197
 10
4.637698762479928
 20
2.5094117647058822
 10
4.64402521464037
 20
2.5403921568627448
 10
4.6616187989556135
 20
2.5701215574857095
 10
4.663612594542817
 20
2.5713725490196078
 10
4.674643803012486
 20
2.602352941176471
 10
4.6616187989556135
 20
2.6248408775118355
 10
4.654561415959542
 20
2.6333333333333337
 10
4.627587408076239
 20
2.6643137254901963
 10
4.620365535248042
 20
2.6708226422863963
 10
4.57911227154047
 20
2.6791721082656714
 10
4.539672485349723
 20
2.695294117647059
 10
4.537859007832898
 20
2.6957569655714404
 10
4.496605744125326
 20
2.698322880934155
 10
4.477687419209975
 20
2.695294117647059
 10
4.455352480417755
 20
2.692571266245006
 10
4.44844186371163
 20
2.695294117647059
 10
4.414099216710183
 20
2.7103905492577454
 10
4.392353221145545
 20
2.726274509803922
 10
4.389382080776422
 20
2.7572549019607844
 10
4.40763048226389
 20
2.788235294117647
 10
4.410154529970853
 20
2.8192156862745095
 10
4.40011880742583
 20
2.850196078431373
 10
4.38132970212524
 20
2.881176470588236
 10
4.372845953002611
 20
2.8855296353363653
 10
4.331592689295039
 20
2.9013511380681223
 10
4.290559360942519
 20
2.881176470588236
 10
4.290339425587468
 20
2.8810486323911135
 10
4.259815337991891
 20
2.850196078431373
 10
4.270620985377828
 20
2.8192156862745095
 10
4.279542537382454
 20
2.788235294117647
 10
4.249086161879896
 20
2.772924174009523
 10
4.21228330958533
 20
2.788235294117647
 10
4.2130212394013435
 20
2.8192156862745095
 10
4.207832898172324
 20
2.822192460239337
 10
4.166579634464752
 20
2.838326699106124
 10
4.125326370757181
 20
2.843387180687819
 10
4.114146754983797
 20
2.850196078431373
 10
4.087491578803199
 20
2.881176470588236
 10
4.084073107049608
 20
2.8829448649181444
 10
4.062122466436913
 20
2.9121568627450984
 10
4.05418352441345
 20
2.943137254901961
 10
4.049925763139359
 20
2.9741176470588235
 10
4.044541673464563
 20
3.005098039215686
 10
4.042819843342037
 20
3.0123008134272324
 10
4.009782834974447
 20
3.036078431372549
 10
4.001566579634464
 20
3.03714442856078
 10
3.960313315926893
 20
3.0410421698315924
 10
3.9190600522193213
 20
3.0444407853156554
 10
3.8778067885117498
 20
3.0505374806843397
 10
3.8391118064558376
 20
3.0670588235294116
 10
3.8365535248041778
 20
3.0698745128562517
 10
3.7953002610966062
 20
3.0897942954949205
 10
3.786263019058785
 20
3.098039215686275
 10
3.7793327823028138
 20
3.1290196078431376
 10
3.7578001169068878
 20
3.16
 10
3.754046997389034
 20
3.1637493631866547
 10
3.7127937336814623
 20
3.1631881270673583
 10
3.6925234049615536
 20
3.190980392156863
 10
3.7127937336814623
 20
3.213304876764462
 10
3.754046997389034
 20
3.2068788268286665
 10
3.7953002610966062
 20
3.1989429357073
 10
3.8365535248041778
 20
3.2218556172040227
 10
3.8367003521545087
 20
3.2219607843137257
 10
3.863794599505603
 20
3.2529411764705882
 10
3.8425494746905695
 20
3.2839215686274508
 10
3.8365535248041778
 20
3.290485626787851
 10
3.7953002610966062
 20
3.3045092288877425
 10
3.754046997389034
 20
3.3123286470177757
 10
3.7127937336814623
 20
3.3110517417016814
 10
3.6715404699738903
 20
3.296843986428942
 10
3.6302872062663187
 20
3.2989068326563915
 10
3.609449266512061
 20
3.3149019607843133
 10
3.5890339425587467
 20
3.340794110506074
 10
3.5854707207708882
 20
3.345882352941177
 10
3.5890339425587467
 20
3.362063863369201
 10
3.5933307583858376
 20
3.3768627450980397
 10
3.5900059850392427
 20
3.4078431372549023
 10
3.5890339425587467
 20
3.410003149334265
 10
3.568218961081349
 20
3.438823529411765
 10
3.557021560527479
 20
3.4698039215686274
 10
3.547780678851175
 20
3.4755707171220362
 10
3.506527415143603
 20
3.4956744792375773
 10
3.4955884368916283
 20
3.5007843137254904
 10
3.4652741514360317
 20
3.5107644973840393
 10
3.4240208877284597
 20
3.5024798811934006
 10
3.4221484519478085
 20
3.5007843137254904
 10
3.3827676240208877
 20
3.487612328427308
 10
3.341514360313316
 20
3.4828253089335095
 10
3.300261096605744
 20
3.4953992174339414
 10
3.2954927772033495
 20
3.5007843137254904
 10
3.300261096605744
 20
3.51486236103728
 10
3.3046900672367094
 20
3.531764705882353
 10
3.300261096605744
 20
3.534455161558985
 10
3.2590078328981726
 20
3.535395472049687
 10
3.221952530770336
 20
3.5627450980392155
 10
3.2177545691906007
 20
3.5670601659090098
 10
3.176501305483029
 20
3.5759012875809058
 10
3.135248041775457
 20
3.5795815899062187
 10
3.0939947780678856
 20
3.5753074750987848
 10
3.0806516182552777
 20
3.5627450980392155
 10
3.0748530388026256
 20
3.531764705882353
 10
3.0939947780678856
 20
3.5045307113379494
 10
3.1012832744096346
 20
3.5007843137254904
 10
3.135248041775457
 20
3.478672528666097
 10
3.176501305483029
 20
3.4830166480493907
 10
3.2177545691906007
 20
3.4769591910126123
 10
3.236972667185258
 20
3.4698039215686274
 10
3.25210452860122
 20
3.438823529411765
 10
3.2590078328981726
 20
3.424211085640821
 10
3.269791223369961
 20
3.4078431372549023
 10
3.2760222345909478
 20
3.3768627450980397
 10
3.2753578031726107
 20
3.345882352941177
 10
3.2590078328981726
 20
3.3161960824955306
 10
3.2584465806136795
 20
3.3149019607843133
 10
3.25057288471021
 20
3.2839215686274508
 10
3.2590078328981726
 20
3.266750941765808
 10
3.2808924135362103
 20
3.2529411764705882
 10
3.300261096605744
 20
3.2438489158863466
 10
3.341514360313316
 20
3.234719164680569
 10
3.3583059550354877
 20
3.2219607843137257
 10
3.341514360313316
 20
3.1986466806111666
 10
3.3352457248135727
 20
3.190980392156863
 10
3.341514360313316
 20
3.1846604800505554
 10
3.369902945512114
 20
3.16
 10
3.3827676240208877
 20
3.1514502164600335
 10
3.4118836905870227
 20
3.16
 10
3.4240208877284597
 20
3.1630336813489364
 10
3.4652741514360317
 20
3.166920986706526
 10
3.506527415143603
 20
3.182446996594348
 10
3.5384344134588015
 20
3.190980392156863
 10
3.547780678851175
 20
3.192859999425297
 10
3.5890339425587467
 20
3.198133042414727
 10
3.6059712291225865
 20
3.190980392156863
 10
3.6187763218137863
 20
3.16
 10
3.600405977741092
 20
3.1290196078431376
 10
3.5890339425587467
 20
3.1265580351569864
 10
3.547780678851175
 20
3.1161441457797943
 10
3.522729933823906
 20
3.098039215686275
 10
3.529806019455283
 20
3.0670588235294116
 10
3.531346523668767
 20
3.036078431372549
 10
3.532594216339761
 20
3.005098039215686
 10
3.547780678851175
 20
2.9911930925990142
 10
3.5890339425587467
 20
2.978996120168074
 10
3.603144830292176
 20
2.9741176470588235
 10
3.6302872062663187
 20
2.950814802873835
 10
3.670030472433947
 20
2.943137254901961
 10
3.6715404699738903
 20
2.942908534569866
 10
3.7127937336814623
 20
2.933844752388627
 10
3.752672645559349
 20
2.9121568627450984
 10
3.754046997389034
 20
2.9082401986500455
 10
3.767592702922397
 20
2.881176470588236
 10
3.7953002610966062
 20
2.8705187638716514
 10
3.822531206394519
 20
2.850196078431373
 10
3.8365535248041778
 20
2.8297639718528256
 10
3.875972160442177
 20
2.8192156862745095
 10
3.8778067885117498
 20
2.818873714652202
 10
3.9071575852876337
 20
2.788235294117647
 10
3.9190600522193213
 20
2.7574797739130834
 10
3.919392523037062
 20
2.7572549019607844
 10
3.929719970689463
 20
2.726274509803922
 10
3.960313315926893
 20
2.7060500754827803
 10
3.9668853020999584
 20
2.695294117647059
 10
3.9829885995338987
 20
2.6643137254901963
 10
4.001566579634464
 20
2.6528765267001826
 10
4.042819843342037
 20
2.6519700608401098
 10
4.084073107049608
 20
2.6506159278331602
 10
4.125326370757181
 20
2.6451007146997334
 10
4.149699153795384
 20
2.6643137254901963
 10
4.163737940858678
 20
2.695294117647059
 10
4.166579634464752
 20
2.702648663734143
 10
4.207832898172324
 20
2.7174087979435577
 10
4.249086161879896
 20
2.707891426564527
 10
4.258557797309628
 20
2.695294117647059
 10
4.251490325060272
 20
2.6643137254901963
 10
4.249086161879896
 20
2.6575592565463966
 10
4.2376219435230595
 20
2.6333333333333337
 10
4.216941803766814
 20
2.602352941176471
 10
4.211862459065693
 20
2.5713725490196078
 10
4.207832898172324
 20
2.5622845449650224
 10
4.196425104259976
 20
2.5403921568627448
 10
4.207832898172324
 20
2.530719994993331
 10
4.240551064956093
 20
2.5094117647058822
 10
4.249086161879896
 20
2.504604185225584
 10
4.259527997622898
 20
2.5094117647058822
 10
4.290339425587468
 20
2.521887444945075
 10
4.307138672694339
 20
2.5094117647058822
 10
4.319317954355137
 20
2.4784313725490197
 10
4.331592689295039
 20
2.463640994945475
 10
4.3495586627940295
 20
2.447450980392157
 10
4.372845953002611
 20
2.440965654420996
 10
4.414099216710183
 20
2.4466923417992428
 10
4.417214947516477
 20
2.447450980392157
 10
4.455352480417755
 20
2.4593416220139854
 10
4.496605744125326
 20
2.4598460732015903
 10
4.537859007832898
 20
2.4550146525343535
 10
4.558339563790664
 20
2.447450980392157
 10
4.57911227154047
 20
2.4419714389715135
 10
4.620365535248042
 20
2.4303326377608183
 10
4.6294662296091
 20
2.4164705882352946
 10
4.637386025942426
 20
2.3854901960784316
 10
4.631152616138567
 20
2.354509803921569
 10
4.6616187989556135
 20
2.328492726013882
 10
4.666197912170644
 20
2.3235294117647056
 10
4.702872062663185
 20
2.3091734253748424
 10
4.7441253263707575
 20
2.3134933597008898
 10
4.761055672138298
 20
2.3235294117647056
  0
LWPOLYLINE
  5
AA
330
17
100
AcDbEntity
  8
CONDUCTIVE_METASURFACE
100
AcDbPolyline
 90
13
 70
1
 10
4.725464027616724
 20
3.5007843137254904
 10
4.7441253263707575
 20
3.526038959318429
 10
4.745968281826422
 20
3.531764705882353
 10
4.7441253263707575
 20
3.5402438161865213
 10
4.714072575476245
 20
3.5627450980392155
 10
4.702872062663185
 20
3.5641132410766465
 10
4.695450267154187
 20
3.5627450980392155
 10
4.6616187989556135
 20
3.548535445418092
 10
4.654438732639791
 20
3.531764705882353
 10
4.6616187989556135
 20
3.5168097743003983
 10
4.682921892192189
 20
3.5007843137254904
 10
4.702872062663185
 20
3.495356491692157
 10
4.725464027616724
 20
3.5007843137254904
  0
LWPOLYLINE
  5
AB
330
17
100
AcDbEntity
  8
CONDUCTIVE_METASURFACE
100
AcDbPolyline
 90
13
 70
1
 10
5.836624107556347
 20
3.5007843137254904
 10
5.857963446475196
 20
3.5167824360060362
 10
5.865191136923532
 20
3.531764705882353
 10
5.857963446475196
 20
3.5487309250424977
 10
5.824334718844129
 20
3.5627450980392155
 10
5.816710182767625
 20
3.5641291502954338
 10
5.8054192654073535
 20
3.5627450980392155
 10
5.775456919060052
 20
3.540176090747342
 10
5.773635107622112
 20
3.531764705882353
 10
5.775456919060052
 20
3.526191088307731
 10
5.7943784086868915
 20
3.5007843137254904
 10
5.816710182767625
 20
3.495392221515416
 10
5.836624107556347
 20
3.5007843137254904
  0
LWPOLYLINE
  5
AC
330
17
100
AcDbEntity
  8
CONDUCTIVE_METASURFACE
100
AcDbPolyline
 90
217
 70
1
 10
5.852974770980197
 20
2.3235294117647056
 10
5.857963446475196
 20
2.3290029257518694
 10
5.887407306990934
 20
2.354509803921569
 10
5.881622773604381
 20
2.3854901960784316
 10
5.889688811752391
 20
2.4164705882352946
 10
5.899216710182768
 20
2.4309029955125756
 10
5.940469973890339
 20
2.4422667062033194
 10
5.959927920595756
 20
2.447450980392157
 10
5.981723237597912
 20
2.45554906704149
 10
6.022976501305483
 20
2.4602284302009623
 10
6.064229765013055
 20
2.459729463467146
 10
6.1037596594758865
 20
2.447450980392157
 10
6.105483028720626
 20
2.4470294606984977
 10
6.146736292428199
 20
2.4411164841778956
 10
6.169600640039674
 20
2.447450980392157
 10
6.187989556135771
 20
2.4638858160997175
 10
6.2000967807872485
 20
2.4784313725490197
 10
6.212253874163774
 20
2.5094117647058822
 10
6.229242819843343
 20
2.522021904853207
 10
6.26028763473731
 20
2.5094117647058822
 10
6.270496083550914
 20
2.504704099356967
 10
6.2789117059840365
 20
2.5094117647058822
 10
6.311749347258486
 20
2.5307309853677595
 10
6.323134240241376
 20
2.5403921568627448
 10
6.311749347258486
 20
2.5622578515672894
 10
6.30770976181966
 20
2.5713725490196078
 10
6.3025334078379105
 20
2.602352941176471
 10
6.281859083278275
 20
2.6333333333333337
 10
6.270496083550914
 20
2.6572948257888385
 10
6.267993194192154
 20
2.6643137254901963
 10
6.260971649530487
 20
2.695294117647059
 10
6.270496083550914
 20
2.708013708738473
 10
6.311749347258486
 20
2.7176300977998618
 10
6.353002610966058
 20
2.7038343544232344
 10
6.35628044467053
 20
2.695294117647059
 10
6.370147494007224
 20
2.6643137254901963
 10
6.39425587467363
 20
2.6455011123126546
 10
6.435509138381201
 20
2.650815113593372
 10
6.476762402088773
 20
2.651972001612724
 10
6.518015665796345
 20
2.652908984984548
 10
6.536531403858623
 20
2.6643137254901963
 10
6.552772818274863
 20
2.695294117647059
 10
6.559268929503917
 20
2.7058910849026225
 10
6.590298799676885
 20
2.726274509803922
 10
6.600522193211488
 20
2.756120892098941
 10
6.60082676537379
 20
2.7572549019607844
 10
6.612895960702023
 20
2.788235294117647
 10
6.64177545691906
 20
2.818183574375884
 10
6.646990881042213
 20
2.8192156862745095
 10
6.683028720626632
 20
2.8293882106828256
 10
6.697220461601879
 20
2.850196078431373
 10
6.724281984334204
 20
2.8706460177905897
 10
6.751489033246243
 20
2.881176470588236
 10
6.765535248041775
 20
2.910779300716956
 10
6.765990550661837
 20
2.9121568627450984
 10
6.806788511749347
 20
2.9341987773189038
 10
6.847742181891765
 20
2.943137254901961
 10
6.848041775456919
 20
2.9433870612977686
 10
6.889295039164492
 20
2.951142597650665
 10
6.916225867188589
 20
2.9741176470588235
 10
6.930548302872063
 20
2.9790530354719236
 10
6.971801566579635
 20
2.9911462892235057
 10
6.987031317793426
 20
3.005098039215686
 10
6.988238347114621
 20
3.036078431372549
 10
6.990041519405413
 20
3.0670588235294116
 10
6.997385526649615
 20
3.098039215686275
 10
6.971801566579635
 20
3.1163426859349515
 10
6.930548302872063
 20
3.1268855511926326
 10
6.920755002308242
 20
3.1290196078431376
 10
6.901100561475678
 20
3.16
 10
6.913773784165735
 20
3.190980392156863
 10
6.930548302872063
 20
3.1980934167657598
 10
6.971801566579635
 20
3.192785885856595
 10
6.980795815812648
 20
3.190980392156863
 10
7.013054830287206
 20
3.1823709756311263
 10
7.054308093994779
 20
3.166840597828101
 10
7.09556135770235
 20
3.1630261178237897
 10
7.107662841691654
 20
3.16
 10
7.136814621409922
 20
3.1514329513245736
 10
7.1496940468754815
 20
3.16
 10
7.1780678851174935
 20
3.1845706381525827
 10
7.184469684665607
 20
3.190980392156863
 10
7.1780678851174935
 20
3.1988220772170157
 10
7.161455388883512
 20
3.2219607843137257
 10
7.1780678851174935
 20
3.2345766573125365
 10
7.219321148825066
 20
3.2437230637007435
 10
7.239015971819029
 20
3.2529411764705882
 10
7.2605744125326375
 20
3.2664332325654954
 10
7.269210239569078
 20
3.2839215686274508
 10
7.261584620380954
 20
3.3149019607843133
 10
7.2605744125326375
 20
3.3172418342887453
 10
7.24474092084534
 20
3.345882352941177
 10
7.244069190454172
 20
3.3768627450980397
 10
7.250502663402042
 20
3.4078431372549023
 10
7.2605744125326375
 20
3.423223624167979
 10
7.267870947949479
 20
3.438823529411765
 10
7.283369092964206
 20
3.4698039215686274
 10
7.301827676240209
 20
3.4766383390380198
 10
7.3430809399477805
 20
3.4825859278568614
 10
7.384334203655353
 20
3.47790475286387
 10
7.418978409814321
 20
3.5007843137254904
 10
7.4255874673629245
 20
3.504223106612524
 10
7.444703823003241
 20
3.531764705882353
 10
7.43895144523154
 20
3.5627450980392155
 10
7.4255874673629245
 20
3.5754595037297956
 10
7.384334203655353
 20
3.579991098640797
 10
7.3430809399477805
 20
3.5761954558929254
 10
7.301827676240209
 20
3.5672708241867204
 10
7.297455817361613
 20
3.5627450980392155
 10
7.2605744125326375
 20
3.535453943400116
 10
7.219321148825066
 20
3.5344112327243185
 10
7.214985601173206
 20
3.531764705882353
 10
7.219321148825066
 20
3.514898885305563
 10
7.224008733342385
 20
3.5007843137254904
 10
7.219321148825066
 20
3.4954930393604413
 10
7.1780678851174935
 20
3.4828207911388605
 10
7.136814621409922
 20
3.48757183102336
 10
7.0972270102626736
 20
3.5007843137254904
 10
7.09556135770235
 20
3.5022814734059686
 10
7.054308093994779
 20
3.510565761983612
 10
7.024363554001069
 20
3.5007843137254904
 10
7.013054830287206
 20
3.495484261233083
 10
6.971801566579635
 20
3.4752273448785256
 10
6.963134422828993
 20
3.4698039215686274
 10
6.952016327672633
 20
3.438823529411765
 10
6.930548302872063
 20
3.409204923590436
 10
6.929932022572257
 20
3.4078431372549023
 10
6.926515312947978
 20
3.3768627450980397
 10
6.930548302872063
 20
3.362655722989221
 10
6.9341740803942935
 20
3.345882352941177
 10
6.930548302872063
 20
3.3406925515816797
 10
6.910446038367378
 20
3.3149019607843133
 10
6.889295039164492
 20
3.2985711298485856
 10
6.848041775456919
 20
3.296339854107889
 10
6.806788511749347
 20
3.3100439911055473
 10
6.765535248041775
 20
3.311939584887009
 10
6.724281984334204
 20
3.304402970154147
 10
6.683028720626632
 20
3.290292750977266
 10
6.677232018640036
 20
3.2839215686274508
 10
6.656164227714985
 20
3.2529411764705882
 10
6.683028720626632
 20
3.2221258608136565
 10
6.683198855679603
 20
3.2219607843137257
 10
6.724281984334204
 20
3.1990377810800914
 10
6.765535248041775
 20
3.2071526169075715
 10
6.806788511749347
 20
3.213852545352019
 10
6.827176703462305
 20
3.190980392156863
 10
6.806788511749347
 20
3.1633421846604906
 10
6.765535248041775
 20
3.1638963805848848
 10
6.7615713533178505
 20
3.16
 10
6.740087178355398
 20
3.1290196078431376
 10
6.7333486449626365
 20
3.098039215686275
 10
6.724281984334204
 20
3.0896435808899914
 10
6.683028720626632
 20
3.0696260608864505
 10
6.680673916629045
 20
3.0670588235294116
 10
6.64177545691906
 20
3.0505743156415366
 10
6.600522193211488
 20
3.044612283701799
 10
6.559268929503917
 20
3.041414814212258
 10
6.518015665796345
 20
3.0373714710151427
 10
6.508424707934156
 20
3.036078431372549
 10
6.476762402088773
 20
3.0112681978358746
 10
6.475342939437997
 20
3.005098039215686
 10
6.470152768976949
 20
2.9741176470588235
 10
6.4656272123373695
 20
2.943137254901961
 10
6.457508914206733
 20
2.9121568627450984
 10
6.435509138381201
 20
2.8830975778818986
 10
6.431760003335813
 20
2.881176470588236
 10
6.40523487789801
 20
2.850196078431373
 10
6.39425587467363
 20
2.843409216093999
 10
6.353002610966058
 20
2.838204782818786
 10
6.311749347258486
 20
2.822034148142607
 10
6.306756811636062
 20
2.8192156862745095
 10
6.307504199673704
 20
2.788235294117647
 10
6.270496083550914
 20
2.773012641915322
 10
6.2407689480853
 20
2.788235294117647
 10
6.249325814031122
 20
2.8192156862745095
 10
6.259893179749604
 20
2.850196078431373
 10
6.229382799402763
 20
2.881176470588236
 10
6.229242819843343
 20
2.88128668783953
 10
6.187989556135771
 20
2.901633949889521
 10
6.146736292428199
 20
2.8856792843540777
 10
6.137995698327533
 20
2.881176470588236
 10
6.119321921444281
 20
2.850196078431373
 10
6.108909634519411
 20
2.8192156862745095
 10
6.110609987557205
 20
2.788235294117647
 10
6.129528897410731
 20
2.7572549019607844
 10
6.126782049300459
 20
2.726274509803922
 10
6.105483028720626
 20
2.710625596145474
 10
6.071005253200369
 20
2.695294117647059
 10
6.064229765013055
 20
2.692618204613124
 10
6.042682574481812
 20
2.695294117647059
 10
6.022976501305483
 20
2.6985209414004214
 10
5.981723237597912
 20
2.696024078313948
 10
5.978847075015383
 20
2.695294117647059
 10
5.940469973890339
 20
2.679662430402699
 10
5.899216710182768
 20
2.6712534011817213
 10
5.8915377298817075
 20
2.6643137254901963
 10
5.864767673825965
 20
2.6333333333333337
 10
5.857963446475196
 20
2.625118357486624
 10
5.844673970837926
 20
2.602352941176471
 10
5.855705692583686
 20
2.5713725490196078
 10
5.857963446475196
 20
2.5699664173115915
 10
5.87550319940993
 20
2.5403921568627448
 10
5.881877605629768
 20
2.5094117647058822
 10
5.865134317991555
 20
2.4784313725490197
 10
5.857963446475196
 20
2.4748504138687033
 10
5.839216794635378
 20
2.4784313725490197
 10
5.816710182767625
 20
2.4817573502143206
 10
5.81312769068909
 20
2.4784313725490197
 10
5.811875537415657
 20
2.447450980392157
 10
5.775456919060052
 20
2.4196231019661254
 10
5.76971113726573
 20
2.4164705882352946
 10
5.7579382961213526
 20
2.3854901960784316
 10
5.753037656845762
 20
2.354509803921569
 10
5.758728999155824
 20
2.3235294117647056
 10
5.775456919060052
 20
2.3135089893136738
 10
5.816710182767625
 20
2.3091543514807844
 10
5.852974770980197
 20
2.3235294117647056
  0
LWPOLYLINE
  5
AD
330
17
100
AcDbEntity
  8
CONDUCTIVE_METASURFACE
100
AcDbPolyline
 90
217
 70
1
 10
10.041473426707489
 20
2.3235294117647056
 10
10.047507654970776
 20
2.354509803921569
 10
10.042453415810337
 20
2.3854901960784316
 10
10.030569430349875
 20
2.4164705882352946
 10
10.024543080939948
 20
2.419753730579827
 10
9.988202383802697
 20
2.447450980392157
 10
9.986813950341794
 20
2.4784313725490197
 10
9.983289817232377
 20
2.481687323567504
 10
9.960830987763867
 20
2.4784313725490197
 10
9.942036553524805
 20
2.474911183064275
 10
9.934990927626478
 20
2.4784313725490197
 10
9.918116517049121
 20
2.5094117647058822
 10
9.924442969209561
 20
2.5403921568627448
 10
9.942036553524805
 20
2.5701215574857095
 10
9.944030349112008
 20
2.5713725490196078
 10
9.95506155758168
 20
2.602352941176471
 10
9.942036553524805
 20
2.6248408775118355
 10
9.934979170528731
 20
2.6333333333333337
 10
9.908005162645429
 20
2.6643137254901963
 10
9.900783289817234
 20
2.6708226422863963
 10
9.859530026109661
 20
2.6791721082656714
 10
9.820090239918914
 20
2.695294117647059
 10
9.818276762402089
 20
2.6957569655714404
 10
9.777023498694517
 20
2.698322880934155
 10
9.758105173779164
 20
2.695294117647059
 10
9.735770234986946
 20
2.692571266245006
 10
9.72885961828082
 20
2.695294117647059
 10
9.694516971279374
 20
2.7103905492577454
 10
9.672770975714736
 20
2.726274509803922
 10
9.669799835345612
 20
2.7572549019607844
 10
9.68804823683308
 20
2.788235294117647
 10
9.690572284540043
 20
2.8192156862745095
 10
9.68053656199502
 20
2.850196078431373
 10
9.66174745669443
 20
2.881176470588236
 10
9.653263707571803
 20
2.8855296353363653
 10
9.61201044386423
 20
2.9013511380681223
 10
9.570977115511711
 20
2.881176470588236
 10
9.570757180156658
 20
2.8810486323911135
 10
9.540233092561083
 20
2.850196078431373
 10
9.551038739947018
 20
2.8192156862745095
 10
9.559960291951647
 20
2.788235294117647
 10
9.529503916449087
 20
2.772924174009523
 10
9.49270106415452
 20
2.788235294117647
 10
9.493438993970534
 20
2.8192156862745095
 10
9.488250652741515
 20
2.822192460239337
 10
9.446997389033942
 20
2.838326699106124
 10
9.40574412532637
 20
2.843387180687819
 10
9.394564509552989
 20
2.850196078431373
 10
9.367909333372388
 20
2.881176470588236
 10
9.3644908616188
 20
2.8829448649181444
 10
9.342540221006105
 20
2.9121568627450984
 10
9.33460127898264
 20
2.943137254901961
 10
9.330343517708549
 20
2.9741176470588235
 10
9.324959428033752
 20
3.005098039215686
 10
9.323237597911227
 20
3.0123008134272324
 10
9.29020058954364
 20
3.036078431372549
 10
9.281984334203656
 20
3.03714442856078
 10
9.240731070496084
 20
3.0410421698315924
 10
9.199477806788513
 20
3.0444407853156554
 10
9.15822454308094
 20
3.0505374806843397
 10
9.119529561025027
 20
3.0670588235294116
 10
9.116971279373368
 20
3.0698745128562517
 10
9.075718015665796
 20
3.0897942954949205
 10
9.066680773627976
 20
3.098039215686275
 10
9.059750536872004
 20
3.1290196078431376
 10
9.038217871476078
 20
3.16
 10
9.034464751958225
 20
3.1637493631866547
 10
8.993211488250653
 20
3.1631881270673583
 10
8.972941159530745
 20
3.190980392156863
 10
8.993211488250653
 20
3.213304876764462
 10
9.034464751958225
 20
3.2068788268286665
 10
9.075718015665796
 20
3.1989429357073
 10
9.116971279373368
 20
3.2218556172040227
 10
9.117118106723698
 20
3.2219607843137257
 10
9.144212354074792
 20
3.2529411764705882
 10
9.12296722925976
 20
3.2839215686274508
 10
9.116971279373368
 20
3.290485626787851
 10
9.075718015665796
 20
3.3045092288877425
 10
9.034464751958225
 20
3.3123286470177757
 10
8.993211488250653
 20
3.3110517417016814
 10
8.951958224543082
 20
3.296843986428942
 10
8.91070496083551
 20
3.2989068326563915
 10
8.889867021081251
 20
3.3149019607843133
 10
8.869451697127937
 20
3.340794110506074
 10
8.86588847534008
 20
3.345882352941177
 10
8.869451697127937
 20
3.362063863369201
 10
8.873748512955029
 20
3.3768627450980397
 10
8.870423739608434
 20
3.4078431372549023
 10
8.869451697127937
 20
3.410003149334265
 10
8.84863671565054
 20
3.438823529411765
 10
8.83743931509667
 20
3.4698039215686274
 10
8.828198433420367
 20
3.4755707171220362
 10
8.786945169712794
 20
3.4956744792375773
 10
8.77600619146082
 20
3.5007843137254904
 10
8.745691906005222
 20
3.5107644973840393
 10
8.70443864229765
 20
3.5024798811934006
 10
8.702566206516998
 20
3.5007843137254904
 10
8.663185378590079
 20
3.487612328427308
 10
8.621932114882506
 20
3.4828253089335095
 10
8.580678851174936
 20
3.4953992174339414
 10
8.57591053177254
 20
3.5007843137254904
 10
8.580678851174936
 20
3.51486236103728
 10
8.5851078218059
 20
3.531764705882353
 10
8.580678851174936
 20
3.534455161558985
 10
8.539425587467363
 20
3.535395472049687
 10
8.502370285339527
 20
3.5627450980392155
 10
8.498172323759793
 20
3.5670601659090098
 10
8.45691906005222
 20
3.5759012875809058
 10
8.415665796344648
 20
3.5795815899062187
 10
8.374412532637075
 20
3.5753074750987848
 10
8.361069372824469
 20
3.5627450980392155
 10
8.355270793371817
 20
3.531764705882353
 10
8.374412532637075
 20
3.5045307113379494
 10
8.381701028978824
 20
3.5007843137254904
 10
8.415665796344648
 20
3.478672528666097
 10
8.45691906005222
 20
3.4830166480493907
 10
8.498172323759793
 20
3.4769591910126123
 10
8.517390421754449
 20
3.4698039215686274
 10
8.532522283170412
 20
3.438823529411765
 10
8.539425587467363
 20
3.424211085640821
 10
8.550208977939153
 20
3.4078431372549023
 10
8.556439989160138
 20
3.3768627450980397
 10
8.5557755577418
 20
3.345882352941177
 10
8.539425587467363
 20
3.3161960824955306
 10
8.53886433518287
 20
3.3149019607843133
 10
8.530990639279402
 20
3.2839215686274508
 10
8.539425587467363
 20
3.266750941765808
 10
8.561310168105402
 20
3.2529411764705882
 10
8.580678851174936
 20
3.2438489158863466
 10
8.621932114882506
 20
3.234719164680569
 10
8.638723709604678
 20
3.2219607843137257
 10
8.621932114882506
 20
3.1986466806111666
 10
8.615663479382764
 20
3.190980392156863
 10
8.621932114882506
 20
3.1846604800505554
 10
8.650320700081306
 20
3.16
 10
8.663185378590079
 20
3.1514502164600335
 10
8.692301445156215
 20
3.16
 10
8.70443864229765
 20
3.1630336813489364
 10
8.745691906005222
 20
3.166920986706526
 10
8.786945169712794
 20
3.182446996594348
 10
8.818852168027993
 20
3.190980392156863
 10
8.828198433420367
 20
3.192859999425297
 10
8.869451697127937
 20
3.198133042414727
 10
8.886388983691777
 20
3.190980392156863
 10
8.899194076382978
 20
3.16
 10
8.880823732310281
 20
3.1290196078431376
 10
8.869451697127937
 20
3.1265580351569864
 10
8.828198433420367
 20
3.1161441457797943
 10
8.803147688393098
 20
3.098039215686275
 10
8.810223774024474
 20
3.0670588235294116
 10
8.811764278237959
 20
3.036078431372549
 10
8.813011970908951
 20
3.005098039215686
 10
8.828198433420367
 20
2.9911930925990142
 10
8.869451697127937
 20
2.978996120168074
 10
8.883562584861366
 20
2.9741176470588235
 10
8.91070496083551
 20
2.950814802873835
 10
8.950448227003138
 20
2.943137254901961
 10
8.951958224543082
 20
2.942908534569866
 10
8.993211488250653
 20
2.933844752388627
 10
9.03309040012854
 20
2.9121568627450984
 10
9.034464751958225
 20
2.9082401986500455
 10
9.04801045749159
 20
2.881176470588236
 10
9.075718015665796
 20
2.8705187638716514
 10
9.10294896096371
 20
2.850196078431373
 10
9.116971279373368
 20
2.8297639718528256
 10
9.156389915011367
 20
2.8192156862745095
 10
9.15822454308094
 20
2.818873714652202
 10
9.187575339856826
 20
2.788235294117647
 10
9.199477806788513
 20
2.7574797739130834
 10
9.199810277606252
 20
2.7572549019607844
 10
9.210137725258653
 20
2.726274509803922
 10
9.240731070496084
 20
2.7060500754827803
 10
9.24730305666915
 20
2.695294117647059
 10
9.26340635410309
 20
2.6643137254901963
 10
9.281984334203656
 20
2.6528765267001826
 10
9.323237597911227
 20
2.6519700608401098
 10
9.3644908616188
 20
2.6506159278331602
 10
9.40574412532637
 20
2.6451007146997334
 10
9.430116908364575
 20
2.6643137254901963
 10
9.444155695427868
 20
2.695294117647059
 10
9.446997389033942
 20
2.702648663734143
 10
9.488250652741515
 20
2.7174087979435577
 10
9.529503916449087
 20
2.707891426564527
 10
9.538975551878817
 20
2.695294117647059
 10
9.531908079629464
 20
2.6643137254901963
 10
9.529503916449087
 20
2.6575592565463966
 10
9.518039698092249
 20
2.6333333333333337
 10
9.497359558336006
 20
2.602352941176471
 10
9.492280213634885
 20
2.5713725490196078
 10
9.488250652741515
 20
2.5622845449650224
 10
9.476842858829166
 20
2.5403921568627448
 10
9.488250652741515
 20
2.530719994993331
 10
9.520968819525285
 20
2.5094117647058822
 10
9.529503916449087
 20
2.504604185225584
 10
9.539945752192088
 20
2.5094117647058822
 10
9.570757180156658
 20
2.521887444945075
 10
9.58755642726353
 20
2.5094117647058822
 10
9.599735708924328
 20
2.4784313725490197
 10
9.61201044386423
 20
2.463640994945475
 10
9.62997641736322
 20
2.447450980392157
 10
9.653263707571803
 20
2.440965654420996
 10
9.694516971279374
 20
2.4466923417992428
 10
9.697632702085668
 20
2.447450980392157
 10
9.735770234986946
 20
2.4593416220139854
 10
9.777023498694517
 20
2.4598460732015903
 10
9.818276762402089
 20
2.4550146525343535
 10
9.838757318359855
 20
2.447450980392157
 10
9.859530026109661
 20
2.4419714389715135
 10
9.900783289817234
 20
2.4303326377608183
 10
9.90988398417829
 20
2.4164705882352946
 10
9.917803780511617
 20
2.3854901960784316
 10
9.911570370707759
 20
2.354509803921569
 10
9.942036553524805
 20
2.328492726013882
 10
9.946615666739836
 20
2.3235294117647056
 10
9.983289817232377
 20
2.3091734253748424
 10
10.024543080939948
 20
2.3134933597008898
 10
10.041473426707489
 20
2.3235294117647056
  0
LWPOLYLINE
  5
AE
330
17
100
AcDbEntity
  8
CONDUCTIVE_METASURFACE
100
AcDbPolyline
 90
13
 70
1
 10
10.005881782185915
 20
3.5007843137254904
 10
10.024543080939948
 20
3.526038959318429
 10
10.026386036395614
 20
3.531764705882353
 10
10.024543080939948
 20
3.5402438161865213
 10
9.994490330045435
 20
3.5627450980392155
 10
9.983289817232377
 20
3.5641132410766465
 10
9.975868021723377
 20
3.5627450980392155
 10
9.942036553524805
 20
3.548535445418092
 10
9.934856487208982
 20
3.531764705882353
 10
9.942036553524805
 20
3.5168097743003983
 10
9.963339646761382
 20
3.5007843137254904
 10
9.983289817232377
 20
3.495356491692157
 10
10.005881782185915
 20
3.5007843137254904
  0
LWPOLYLINE
  5
AF
330
17
100
AcDbEntity
  8
CONDUCTIVE_METASURFACE
100
AcDbPolyline
 90
13
 70
1
 10
11.117041862125538
 20
3.5007843137254904
 10
11.138381201044387
 20
3.5167824360060362
 10
11.145608891492722
 20
3.531764705882353
 10
11.138381201044387
 20
3.5487309250424977
 10
11.10475247341332
 20
3.5627450980392155
 10
11.097127937336815
 20
3.5641291502954338
 10
11.085837019976545
 20
3.5627450980392155
 10
11.055874673629244
 20
3.540176090747342
 10
11.054052862191302
 20
3.531764705882353
 10
11.055874673629244
 20
3.526191088307731
 10
11.074796163256082
 20
3.5007843137254904
 10
11.097127937336815
 20
3.495392221515416
 10
11.117041862125538
 20
3.5007843137254904
  0
LWPOLYLINE
  5
B0
330
17
100
AcDbEntity
  8
CONDUCTIVE_METASURFACE
100
AcDbPolyline
 90
217
 70
1
 10
11.133392525549388
 20
2.3235294117647056
 10
11.138381201044387
 20
2.3290029257518694
 10
11.167825061560125
 20
2.354509803921569
 10
11.16204052817357
 20
2.3854901960784316
 10
11.17010656632158
 20
2.4164705882352946
 10
11.179634464751958
 20
2.4309029955125756
 10
11.22088772845953
 20
2.4422667062033194
 10
11.240345675164944
 20
2.447450980392157
 10
11.262140992167103
 20
2.45554906704149
 10
11.303394255874675
 20
2.4602284302009623
 10
11.344647519582246
 20
2.459729463467146
 10
11.384177414045078
 20
2.447450980392157
 10
11.385900783289818
 20
2.4470294606984977
 10
11.427154046997389
 20
2.4411164841778956
 10
11.450018394608867
 20
2.447450980392157
 10
11.468407310704961
 20
2.4638858160997175
 10
11.480514535356438
 20
2.4784313725490197
 10
11.492671628732966
 20
2.5094117647058822
 10
11.509660574412532
 20
2.522021904853207
 10
11.5407053893065
 20
2.5094117647058822
 10
11.550913838120104
 20
2.504704099356967
 10
11.559329460553228
 20
2.5094117647058822
 10
11.592167101827677
 20
2.5307309853677595
 10
11.603551994810568
 20
2.5403921568627448
 10
11.592167101827677
 20
2.5622578515672894
 10
11.58812751638885
 20
2.5713725490196078
 10
11.5829511624071
 20
2.602352941176471
 10
11.562276837847465
 20
2.6333333333333337
 10
11.550913838120104
 20
2.6572948257888385
 10
11.548410948761344
 20
2.6643137254901963
 10
11.541389404099675
 20
2.695294117647059
 10
11.550913838120104
 20
2.708013708738473
 10
11.592167101827677
 20
2.7176300977998618
 10
11.63342036553525
 20
2.7038343544232344
 10
11.636698199239722
 20
2.695294117647059
 10
11.650565248576415
 20
2.6643137254901963
 10
11.67467362924282
 20
2.6455011123126546
 10
11.715926892950392
 20
2.650815113593372
 10
11.757180156657965
 20
2.651972001612724
 10
11.798433420365535
 20
2.652908984984548
 10
11.816949158427816
 20
2.6643137254901963
 10
11.833190572844055
 20
2.695294117647059
 10
11.839686684073108
 20
2.7058910849026225
 10
11.870716554246075
 20
2.726274509803922
 10
11.880939947780679
 20
2.756120892098941
 10
11.881244519942982
 20
2.7572549019607844
 10
11.893313715271212
 20
2.788235294117647
 10
11.922193211488251
 20
2.818183574375884
 10
11.927408635611407
 20
2.8192156862745095
 10
11.963446475195823
 20
2.8293882106828256
 10
11.977638216171071
 20
2.850196078431373
 10
12.004699738903396
 20
2.8706460177905897
 10
12.031906787815435
 20
2.881176470588236
 10
12.045953002610966
 20
2.910779300716956
 10
12.04640830523103
 20
2.9121568627450984
 10
12.087206266318539
 20
2.9341987773189038
 10
12.128159936460955
 20
2.943137254901961
 10
12.12845953002611
 20
2.9433870612977686
 10
12.169712793733682
 20
2.951142597650665
 10
12.196643621757781
 20
2.9741176470588235
 10
12.210966057441253
 20
2.9790530354719236
 10
12.252219321148825
 20
2.9911462892235057
 10
12.267449072362616
 20
3.005098039215686
 10
12.268656101683813
 20
3.036078431372549
 10
12.270459273974605
 20
3.0670588235294116
 10
12.277803281218805
 20
3.098039215686275
 10
12.252219321148825
 20
3.1163426859349515
 10
12.210966057441253
 20
3.1268855511926326
 10
12.201172756877435
 20
3.1290196078431376
 10
12.181518316044867
 20
3.16
 10
12.194191538734927
 20
3.190980392156863
 10
12.210966057441253
 20
3.1980934167657598
 10
12.252219321148825
 20
3.192785885856595
 10
12.261213570381841
 20
3.190980392156863
 10
12.293472584856397
 20
3.1823709756311263
 10
12.33472584856397
 20
3.166840597828101
 10
12.375979112271542
 20
3.1630261178237897
 10
12.388080596260844
 20
3.16
 10
12.417232375979113
 20
3.1514329513245736
 10
12.430111801444673
 20
3.16
 10
12.458485639686685
 20
3.1845706381525827
 10
12.464887439234799
 20
3.190980392156863
 10
12.458485639686685
 20
3.1988220772170157
 10
12.441873143452703
 20
3.2219607843137257
 10
12.458485639686685
 20
3.2345766573125365
 10
12.499738903394256
 20
3.2437230637007435
 10
12.519433726388218
 20
3.2529411764705882
 10
12.540992167101829
 20
3.2664332325654954
 10
12.54962799413827
 20
3.2839215686274508
 10
12.542002374950144
 20
3.3149019607843133
 10
12.540992167101829
 20
3.3172418342887453
 10
12.52515867541453
 20
3.345882352941177
 10
12.524486945023362
 20
3.3768627450980397
 10
12.530920417971233
 20
3.4078431372549023
 10
12.540992167101829
 20
3.423223624167979
 10
12.54828870251867
 20
3.438823529411765
 10
12.563786847533395
 20
3.4698039215686274
 10
12.5822454308094
 20
3.4766383390380198
 10
12.623498694516972
 20
3.4825859278568614
 10
12.664751958224544
 20
3.47790475286387
 10
12.699396164383511
 20
3.5007843137254904
 10
12.706005221932116
 20
3.504223106612524
 10
12.725121577572434
 20
3.531764705882353
 10
12.719369199800731
 20
3.5627450980392155
 10
12.706005221932116
 20
3.5754595037297956
 10
12.664751958224544
 20
3.579991098640797
 10
12.623498694516972
 20
3.5761954558929254
 10
12.5822454308094
 20
3.5672708241867204
 10
12.577873571930805
 20
3.5627450980392155
 10
12.540992167101829
 20
3.535453943400116
 10
12.499738903394256
 20
3.5344112327243185
 10
12.495403355742395
 20
3.531764705882353
 10
12.499738903394256
 20
3.514898885305563
 10
12.504426487911575
 20
3.5007843137254904
 10
12.499738903394256
 20
3.4954930393604413
 10
12.458485639686685
 20
3.4828207911388605
 10
12.417232375979113
 20
3.48757183102336
 10
12.377644764831864
 20
3.5007843137254904
 10
12.375979112271542
 20
3.5022814734059686
 10
12.33472584856397
 20
3.510565761983612
 10
12.30478130857026
 20
3.5007843137254904
 10
12.293472584856397
 20
3.495484261233083
 10
12.252219321148825
 20
3.4752273448785256
 10
12.243552177398183
 20
3.4698039215686274
 10
12.232434082241824
 20
3.438823529411765
 10
12.210966057441253
 20
3.409204923590436
 10
12.210349777141449
 20
3.4078431372549023
 10
12.20693306751717
 20
3.3768627450980397
 10
12.210966057441253
 20
3.362655722989221
 10
12.214591834963482
 20
3.345882352941177
 10
12.210966057441253
 20
3.3406925515816797
 10
12.190863792936568
 20
3.3149019607843133
 10
12.169712793733682
 20
3.2985711298485856
 10
12.12845953002611
 20
3.296339854107889
 10
12.087206266318539
 20
3.3100439911055473
 10
12.045953002610966
 20
3.311939584887009
 10
12.004699738903396
 20
3.304402970154147
 10
11.963446475195823
 20
3.290292750977266
 10
11.957649773209226
 20
3.2839215686274508
 10
11.936581982284174
 20
3.2529411764705882
 10
11.963446475195823
 20
3.2221258608136565
 10
11.963616610248794
 20
3.2219607843137257
 10
12.004699738903396
 20
3.1990377810800914
 10
12.045953002610966
 20
3.2071526169075715
 10
12.087206266318539
 20
3.213852545352019
 10
12.107594458031494
 20
3.190980392156863
 10
12.087206266318539
 20
3.1633421846604906
 10
12.045953002610966
 20
3.1638963805848848
 10
12.041989107887039
 20
3.16
 10
12.02050493292459
 20
3.1290196078431376
 10
12.013766399531828
 20
3.098039215686275
 10
12.004699738903396
 20
3.0896435808899914
 10
11.963446475195823
 20
3.0696260608864505
 10
11.961091671198236
 20
3.0670588235294116
 10
11.922193211488251
 20
3.0505743156415366
 10
11.880939947780679
 20
3.044612283701799
 10
11.839686684073108
 20
3.041414814212258
 10
11.798433420365535
 20
3.0373714710151427
 10
11.788842462503348
 20
3.036078431372549
 10
11.757180156657965
 20
3.0112681978358746
 10
11.755760694007186
 20
3.005098039215686
 10
11.75057052354614
 20
2.9741176470588235
 10
11.74604496690656
 20
2.943137254901961
 10
11.737926668775925
 20
2.9121568627450984
 10
11.715926892950392
 20
2.8830975778818986
 10
11.712177757905007
 20
2.881176470588236
 10
11.6856526324672
 20
2.850196078431373
 10
11.67467362924282
 20
2.843409216093999
 10
11.63342036553525
 20
2.838204782818786
 10
11.592167101827677
 20
2.822034148142607
 10
11.587174566205254
 20
2.8192156862745095
 10
11.587921954242896
 20
2.788235294117647
 10
11.550913838120104
 20
2.773012641915322
 10
11.521186702654491
 20
2.788235294117647
 10
11.529743568600315
 20
2.8192156862745095
 10
11.540310934318796
 20
2.850196078431373
 10
11.509800553971953
 20
2.881176470588236
 10
11.509660574412532
 20
2.88128668783953
 10
11.468407310704961
 20
2.901633949889521
 10
11.427154046997389
 20
2.8856792843540777
 10
11.418413452896722
 20
2.881176470588236
 10
11.399739676013471
 20
2.850196078431373
 10
11.389327389088601
 20
2.8192156862745095
 10
11.391027742126395
 20
2.788235294117647
 10
11.40994665197992
 20
2.7572549019607844
 10
11.40719980386965
 20
2.726274509803922
 10
11.385900783289818
 20
2.710625596145474
 10
11.351423007769561
 20
2.695294117647059
 10
11.344647519582246
 20
2.692618204613124
 10
11.323100329051003
 20
2.695294117647059
 10
11.303394255874675
 20
2.6985209414004214
 10
11.262140992167103
 20
2.696024078313948
 10
11.259264829584577
 20
2.695294117647059
 10
11.22088772845953
 20
2.679662430402699
 10
11.179634464751958
 20
2.6712534011817213
 10
11.1719554844509
 20
2.6643137254901963
 10
11.145185428395157
 20
2.6333333333333337
 10
11.138381201044387
 20
2.625118357486624
 10
11.125091725407117
 20
2.602352941176471
 10
11.136123447152878
 20
2.5713725490196078
 10
11.138381201044387
 20
2.5699664173115915
 10
11.155920953979122
 20
2.5403921568627448
 10
11.162295360198959
 20
2.5094117647058822
 10
11.145552072560747
 20
2.4784313725490197
 10
11.138381201044387
 20
2.4748504138687033
 10
11.11963454920457
 20
2.4784313725490197
 10
11.097127937336815
 20
2.4817573502143206
 10
11.09354544525828
 20
2.4784313725490197
 10
11.092293291984847
 20
2.447450980392157
 10
11.055874673629244
 20
2.4196231019661254
 10
11.05012889183492
 20
2.4164705882352946
 10
11.038356050690542
 20
2.3854901960784316
 10
11.033455411414954
 20
2.354509803921569
 10
11.039146753725014
 20
2.3235294117647056
 10
11.055874673629244
 20
2.3135089893136738
 10
11.097127937336815
 20
2.3091543514807844
 10
11.133392525549388
 20
2.3235294117647056
  0
LWPOLYLINE
  5
B1
330
17
100
AcDbEntity
  8
CONDUCTIVE_METASURFACE
100
AcDbPolyline
 90
217
 70
1
 10
15.32189118127668
 20
2.3235294117647056
 10
15.327925409539965
 20
2.354509803921569
 10
15.322871170379528
 20
2.3854901960784316
 10
15.310987184919064
 20
2.4164705882352946
 10
15.304960835509139
 20
2.419753730579827
 10
15.268620138371888
 20
2.447450980392157
 10
15.267231704910984
 20
2.4784313725490197
 10
15.263707571801568
 20
2.481687323567504
 10
15.24124874233306
 20
2.4784313725490197
 10
15.222454308093996
 20
2.474911183064275
 10
15.215408682195667
 20
2.4784313725490197
 10
15.198534271618312
 20
2.5094117647058822
 10
15.204860723778754
 20
2.5403921568627448
 10
15.222454308093996
 20
2.5701215574857095
 10
15.224448103681198
 20
2.5713725490196078
 10
15.235479312150868
 20
2.602352941176471
 10
15.222454308093996
 20
2.6248408775118355
 10
15.215396925097924
 20
2.6333333333333337
 10
15.188422917214618
 20
2.6643137254901963
 10
15.181201044386425
 20
2.6708226422863963
 10
15.139947780678852
 20
2.6791721082656714
 10
15.100507994488105
 20
2.695294117647059
 10
15.09869451697128
 20
2.6957569655714404
 10
15.057441253263708
 20
2.698322880934155
 10
15.038522928348357
 20
2.695294117647059
 10
15.016187989556135
 20
2.692571266245006
 10
15.009277372850011
 20
2.695294117647059
 10
14.974934725848565
 20
2.7103905492577454
 10
14.953188730283928
 20
2.726274509803922
 10
14.950217589914805
 20
2.7572549019607844
 10
14.96846599140227
 20
2.788235294117647
 10
14.970990039109235
 20
2.8192156862745095
 10
14.960954316564212
 20
2.850196078431373
 10
14.942165211263621
 20
2.881176470588236
 10
14.933681462140992
 20
2.8855296353363653
 10
14.892428198433421
 20
2.9013511380681223
 10
14.851394870080902
 20
2.881176470588236
 10
14.851174934725849
 20
2.8810486323911135
 10
14.820650847130274
 20
2.850196078431373
 10
14.83145649451621
 20
2.8192156862745095
 10
14.840378046520836
 20
2.788235294117647
 10
14.809921671018278
 20
2.772924174009523
 10
14.773118818723711
 20
2.788235294117647
 10
14.773856748539725
 20
2.8192156862745095
 10
14.768668407310706
 20
2.822192460239337
 10
14.727415143603134
 20
2.838326699106124
 10
14.686161879895561
 20
2.843387180687819
 10
14.674982264122178
 20
2.850196078431373
 10
14.64832708794158
 20
2.881176470588236
 10
14.64490861618799
 20
2.8829448649181444
 10
14.622957975575295
 20
2.9121568627450984
 10
14.61501903355183
 20
2.943137254901961
 10
14.61076127227774
 20
2.9741176470588235
 10
14.605377182602945
 20
3.005098039215686
 10
14.603655352480418
 20
3.0123008134272324
 10
14.57061834411283
 20
3.036078431372549
 10
14.562402088772847
 20
3.03714442856078
 10
14.521148825065275
 20
3.0410421698315924
 10
14.479895561357704
 20
3.0444407853156554
 10
14.438642297650132
 20
3.0505374806843397
 10
14.399947315594218
 20
3.0670588235294116
 10
14.39738903394256
 20
3.0698745128562517
 10
14.356135770234987
 20
3.0897942954949205
 10
14.347098528197165
 20
3.098039215686275
 10
14.340168291441195
 20
3.1290196078431376
 10
14.318635626045268
 20
3.16
 10
14.314882506527415
 20
3.1637493631866547
 10
14.273629242819844
 20
3.1631881270673583
 10
14.253358914099936
 20
3.190980392156863
 10
14.273629242819844
 20
3.213304876764462
 10
14.314882506527415
 20
3.2068788268286665
 10
14.356135770234987
 20
3.1989429357073
 10
14.39738903394256
 20
3.2218556172040227
 10
14.39753586129289
 20
3.2219607843137257
 10
14.424630108643983
 20
3.2529411764705882
 10
14.403384983828952
 20
3.2839215686274508
 10
14.39738903394256
 20
3.290485626787851
 10
14.356135770234987
 20
3.3045092288877425
 10
14.314882506527415
 20
3.3123286470177757
 10
14.273629242819844
 20
3.3110517417016814
 10
14.232375979112271
 20
3.296843986428942
 10
14.1911227154047
 20
3.2989068326563915
 10
14.170284775650442
 20
3.3149019607843133
 10
14.149869451697128
 20
3.340794110506074
 10
14.14630622990927
 20
3.345882352941177
 10
14.149869451697128
 20
3.362063863369201
 10
14.154166267524218
 20
3.3768627450980397
 10
14.150841494177623
 20
3.4078431372549023
 10
14.149869451697128
 20
3.410003149334265
 10
14.12905447021973
 20
3.438823529411765
 10
14.11785706966586
 20
3.4698039215686274
 10
14.108616187989558
 20
3.4755707171220362
 10
14.067362924281985
 20
3.4956744792375773
 10
14.05642394603001
 20
3.5007843137254904
 10
14.026109660574413
 20
3.5107644973840393
 10
13.98485639686684
 20
3.5024798811934006
 10
13.982983961086191
 20
3.5007843137254904
 10
13.94360313315927
 20
3.487612328427308
 10
13.902349869451697
 20
3.4828253089335095
 10
13.861096605744127
 20
3.4953992174339414
 10
13.85632828634173
 20
3.5007843137254904
 10
13.861096605744127
 20
3.51486236103728
 10
13.865525576375092
 20
3.531764705882353
 10
13.861096605744127
 20
3.534455161558985
 10
13.819843342036554
 20
3.535395472049687
 10
13.782788039908718
 20
3.5627450980392155
 10
13.778590078328984
 20
3.5670601659090098
 10
13.737336814621411
 20
3.5759012875809058
 10
13.696083550913839
 20
3.5795815899062187
 10
13.654830287206266
 20
3.5753074750987848
 10
13.64148712739366
 20
3.5627450980392155
 10
13.635688547941006
 20
3.531764705882353
 10
13.654830287206266
 20
3.5045307113379494
 10
13.662118783548017
 20
3.5007843137254904
 10
13.696083550913839
 20
3.478672528666097
 10
13.737336814621411
 20
3.4830166480493907
 10
13.778590078328984
 20
3.4769591910126123
 10
13.797808176323638
 20
3.4698039215686274
 10
13.812940037739603
 20
3.438823529411765
 10
13.819843342036554
 20
3.424211085640821
 10
13.830626732508344
 20
3.4078431372549023
 10
13.83685774372933
 20
3.3768627450980397
 10
13.836193312310993
 20
3.345882352941177
 10
13.819843342036554
 20
3.3161960824955306
 10
13.819282089752061
 20
3.3149019607843133
 10
13.811408393848591
 20
3.2839215686274508
 10
13.819843342036554
 20
3.266750941765808
 10
13.841727922674592
 20
3.2529411764705882
 10
13.861096605744127
 20
3.2438489158863466
 10
13.902349869451697
 20
3.234719164680569
 10
13.919141464173869
 20
3.2219607843137257
 10
13.902349869451697
 20
3.1986466806111666
 10
13.896081233951953
 20
3.190980392156863
 10
13.902349869451697
 20
3.1846604800505554
 10
13.930738454650495
 20
3.16
 10
13.94360313315927
 20
3.1514502164600335
 10
13.972719199725404
 20
3.16
 10
13.98485639686684
 20
3.1630336813489364
 10
14.026109660574413
 20
3.166920986706526
 10
14.067362924281985
 20
3.182446996594348
 10
14.099269922597182
 20
3.190980392156863
 10
14.108616187989558
 20
3.192859999425297
 10
14.149869451697128
 20
3.198133042414727
 10
14.166806738260968
 20
3.190980392156863
 10
14.179611830952167
 20
3.16
 10
14.161241486879474
 20
3.1290196078431376
 10
14.149869451697128
 20
3.1265580351569864
 10
14.108616187989558
 20
3.1161441457797943
 10
14.08356544296229
 20
3.098039215686275
 10
14.090641528593665
 20
3.0670588235294116
 10
14.092182032807148
 20
3.036078431372549
 10
14.093429725478144
 20
3.005098039215686
 10
14.108616187989558
 20
2.9911930925990142
 10
14.149869451697128
 20
2.978996120168074
 10
14.163980339430557
 20
2.9741176470588235
 10
14.1911227154047
 20
2.950814802873835
 10
14.23086598157233
 20
2.943137254901961
 10
14.232375979112271
 20
2.942908534569866
 10
14.273629242819844
 20
2.933844752388627
 10
14.31350815469773
 20
2.9121568627450984
 10
14.314882506527415
 20
2.9082401986500455
 10
14.32842821206078
 20
2.881176470588236
 10
14.356135770234987
 20
2.8705187638716514
 10
14.383366715532901
 20
2.850196078431373
 10
14.39738903394256
 20
2.8297639718528256
 10
14.436807669580558
 20
2.8192156862745095
 10
14.438642297650132
 20
2.818873714652202
 10
14.467993094426015
 20
2.788235294117647
 10
14.479895561357704
 20
2.7574797739130834
 10
14.480228032175441
 20
2.7572549019607844
 10
14.490555479827844
 20
2.726274509803922
 10
14.521148825065275
 20
2.7060500754827803
 10
14.52772081123834
 20
2.695294117647059
 10
14.54382410867228
 20
2.6643137254901963
 10
14.562402088772847
 20
2.6528765267001826
 10
14.603655352480418
 20
2.6519700608401098
 10
14.64490861618799
 20
2.6506159278331602
 10
14.686161879895561
 20
2.6451007146997334
 10
14.710534662933766
 20
2.6643137254901963
 10
14.724573449997058
 20
2.695294117647059
 10
14.727415143603134
 20
2.702648663734143
 10
14.768668407310706
 20
2.7174087979435577
 10
14.809921671018278
 20
2.707891426564527
 10
14.81939330644801
 20
2.695294117647059
 10
14.812325834198655
 20
2.6643137254901963
 10
14.809921671018278
 20
2.6575592565463966
 10
14.79845745266144
 20
2.6333333333333337
 10
14.777777312905197
 20
2.602352941176471
 10
14.772697968204076
 20
2.5713725490196078
 10
14.768668407310706
 20
2.5622845449650224
 10
14.757260613398357
 20
2.5403921568627448
 10
14.768668407310706
 20
2.530719994993331
 10
14.801386574094476
 20
2.5094117647058822
 10
14.809921671018278
 20
2.504604185225584
 10
14.820363506761279
 20
2.5094117647058822
 10
14.851174934725849
 20
2.521887444945075
 10
14.867974181832722
 20
2.5094117647058822
 10
14.880153463493517
 20
2.4784313725490197
 10
14.892428198433421
 20
2.463640994945475
 10
14.910394171932413
 20
2.447450980392157
 10
14.933681462140992
 20
2.440965654420996
 10
14.974934725848565
 20
2.4466923417992428
 10
14.97805045665486
 20
2.447450980392157
 10
15.016187989556135
 20
2.4593416220139854
 10
15.057441253263708
 20
2.4598460732015903
 10
15.09869451697128
 20
2.4550146525343535
 10
15.119175072929048
 20
2.447450980392157
 10
15.139947780678852
 20
2.4419714389715135
 10
15.181201044386425
 20
2.4303326377608183
 10
15.19030173874748
 20
2.4164705882352946
 10
15.198221535080808
 20
2.3854901960784316
 10
15.19198812527695
 20
2.354509803921569
 10
15.222454308093996
 20
2.328492726013882
 10
15.227033421309025
 20
2.3235294117647056
 10
15.263707571801568
 20
2.3091734253748424
 10
15.304960835509139
 20
2.3134933597008898
 10
15.32189118127668
 20
2.3235294117647056
  0
LWPOLYLINE
  5
B2
330
17
100
AcDbEntity
  8
CONDUCTIVE_METASURFACE
100
AcDbPolyline
 90
13
 70
1
 10
15.286299536755104
 20
3.5007843137254904
 10
15.304960835509139
 20
3.526038959318429
 10
15.306803790964807
 20
3.531764705882353
 10
15.304960835509139
 20
3.5402438161865213
 10
15.274908084614626
 20
3.5627450980392155
 10
15.263707571801568
 20
3.5641132410766465
 10
15.256285776292568
 20
3.5627450980392155
 10
15.222454308093996
 20
3.548535445418092
 10
15.215274241778173
 20
3.531764705882353
 10
15.222454308093996
 20
3.5168097743003983
 10
15.24375740133057
 20
3.5007843137254904
 10
15.263707571801568
 20
3.495356491692157
 10
15.286299536755104
 20
3.5007843137254904
  0
LWPOLYLINE
  5
B3
330
17
100
AcDbEntity
  8
CONDUCTIVE_METASURFACE
100
AcDbPolyline
 90
5
 70
1
 10
0.048886635039995276
 20
3.0670588235294116
 10
0.041253263707571805
 20
3.0901258466465182
 10
0.03115910131186005
 20
3.0670588235294116
 10
0.041253263707571805
 20
3.062996654267585
 10
0.048886635039995276
 20
3.0670588235294116
  0
LWPOLYLINE
  5
B4
330
17
100
AcDbEntity
  8
CONDUCTIVE_METASURFACE
100
AcDbPolyline
 90
5
 70
1
 10
5.2082213359340095
 20
3.0670588235294116
 10
5.197911227154047
 20
3.0904225422432634
 10
5.190071400622547
 20
3.0670588235294116
 10
5.197911227154047
 20
3.062900730732974
 10
5.2082213359340095
 20
3.0670588235294116
  0
LWPOLYLINE
  5
B5
330
17
100
AcDbEntity
  8
CONDUCTIVE_METASURFACE
100
AcDbPolyline
 90
5
 70
1
 10
5.329304389609186
 20
3.0670588235294116
 10
5.321671018276763
 20
3.0901258466465182
 10
5.311576855881051
 20
3.0670588235294116
 10
5.321671018276763
 20
3.062996654267585
 10
5.329304389609186
 20
3.0670588235294116
  0
LWPOLYLINE
  5
B6
330
17
100
AcDbEntity
  8
CONDUCTIVE_METASURFACE
100
AcDbPolyline
 90
5
 70
1
 10
10.4886390905032
 20
3.0670588235294116
 10
10.478328981723237
 20
3.0904225422432634
 10
10.47048915519174
 20
3.0670588235294116
 10
10.478328981723237
 20
3.062900730732974
 10
10.4886390905032
 20
3.0670588235294116
  0
LWPOLYLINE
  5
B7
330
17
100
AcDbEntity
  8
CONDUCTIVE_METASURFACE
100
AcDbPolyline
 90
5
 70
1
 10
10.609722144178376
 20
3.0670588235294116
 10
10.602088772845955
 20
3.0901258466465182
 10
10.591994610450241
 20
3.0670588235294116
 10
10.602088772845955
 20
3.062996654267585
 10
10.609722144178376
 20
3.0670588235294116
  0
LWPOLYLINE
  5
B8
330
17
100
AcDbEntity
  8
CONDUCTIVE_METASURFACE
100
AcDbPolyline
 90
5
 70
1
 10
15.769056845072392
 20
3.0670588235294116
 10
15.758746736292428
 20
3.0904225422432634
 10
15.75090690976093
 20
3.0670588235294116
 10
15.758746736292428
 20
3.062900730732974
 10
15.769056845072392
 20
3.0670588235294116
  0
LWPOLYLINE
  5
B9
330
17
100
AcDbEntity
  8
CONDUCTIVE_METASURFACE
100
AcDbPolyline
 90
5
 70
1
 10
1.2375979112271542
 20
2.9866935883463874
 10
1.198529442792831
 20
3.005098039215686
 10
1.2375979112271542
 20
3.034102792751932
 10
1.2618922285657705
 20
3.005098039215686
 10
1.2375979112271542
 20
2.9866935883463874
  0
LWPOLYLINE
  5
BA
330
17
100
AcDbEntity
  8
CONDUCTIVE_METASURFACE
100
AcDbPolyline
 90
5
 70
1
 10
4.001566579634464
 20
2.986853511960221
 10
3.977059371969643
 20
3.005098039215686
 10
4.001566579634464
 20
3.0344376809580975
 10
4.040189054124035
 20
3.005098039215686
 10
4.001566579634464
 20
2.986853511960221
  0
LWPOLYLINE
  5
BB
330
17
100
AcDbEntity
  8
CONDUCTIVE_METASURFACE
100
AcDbPolyline
 90
5
 70
1
 10
6.518015665796345
 20
2.9866935883463874
 10
6.478947197362021
 20
3.005098039215686
 10
6.518015665796345
 20
3.034102792751932
 10
6.542309983134961
 20
3.005098039215686
 10
6.518015665796345
 20
2.9866935883463874
  0
LWPOLYLINE
  5
BC
330
17
100
AcDbEntity
  8
CONDUCTIVE_METASURFACE
100
AcDbPolyline
 90
5
 70
1
 10
9.281984334203656
 20
2.986853511960221
 10
9.257477126538834
 20
3.005098039215686
 10
9.281984334203656
 20
3.0344376809580975
 10
9.320606808693226
 20
3.005098039215686
 10
9.281984334203656
 20
2.986853511960221
  0
LWPOLYLINE
  5
BD
330
17
100
AcDbEntity
  8
CONDUCTIVE_METASURFACE
100
AcDbPolyline
 90
5
 70
1
 10
11.798433420365535
 20
2.9866935883463874
 10
11.759364951931214
 20
3.005098039215686
 10
11.798433420365535
 20
3.034102792751932
 10
11.822727737704152
 20
3.005098039215686
 10
11.798433420365535
 20
2.9866935883463874
  0
LWPOLYLINE
  5
BE
330
17
100
AcDbEntity
  8
CONDUCTIVE_METASURFACE
100
AcDbPolyline
 90
5
 70
1
 10
14.562402088772847
 20
2.986853511960221
 10
14.537894881108025
 20
3.005098039215686
 10
14.562402088772847
 20
3.0344376809580975
 10
14.601024563262417
 20
3.005098039215686
 10
14.562402088772847
 20
2.986853511960221
  0
LWPOLYLINE
  5
BF
330
17
100
AcDbEntity
  8
CONDUCTIVE_METASURFACE
100
AcDbPolyline
 90
7
 70
1
 10
1.443864229765013
 20
2.9639453741187385
 10
1.4026109660574413
 20
2.9709318062209764
 10
1.398876992115437
 20
2.9741176470588235
 10
1.4026109660574413
 20
2.9780537048145486
 10
1.443864229765013
 20
2.994592316786714
 10
1.4799638908863602
 20
2.9741176470588235
 10
1.443864229765013
 20
2.9639453741187385
  0
LWPOLYLINE
  5
C0
330
17
100
AcDbEntity
  8
CONDUCTIVE_METASURFACE
100
AcDbPolyline
 90
7
 70
1
 10
3.8365535248041778
 20
2.971063154177121
 10
3.7953002610966062
 20
2.9643965005783004
 10
3.7605813922514826
 20
2.9741176470588235
 10
3.7953002610966062
 20
2.993911751957464
 10
3.8365535248041778
 20
2.9779119146676027
 10
3.8401842671468507
 20
2.9741176470588235
 10
3.8365535248041778
 20
2.971063154177121
  0
LWPOLYLINE
  5
C1
330
17
100
AcDbEntity
  8
CONDUCTIVE_METASURFACE
100
AcDbPolyline
 90
7
 70
1
 10
6.724281984334204
 20
2.9639453741187385
 10
6.683028720626632
 20
2.9709318062209764
 10
6.6792947466846275
 20
2.9741176470588235
 10
6.683028720626632
 20
2.9780537048145486
 10
6.724281984334204
 20
2.994592316786714
 10
6.760381645455551
 20
2.9741176470588235
 10
6.724281984334204
 20
2.9639453741187385
  0
LWPOLYLINE
  5
C2
330
17
100
AcDbEntity
  8
CONDUCTIVE_METASURFACE
100
AcDbPolyline
 90
7
 70
1
 10
9.116971279373368
 20
2.971063154177121
 10
9.075718015665796
 20
2.9643965005783004
 10
9.040999146820674
 20
2.9741176470588235
 10
9.075718015665796
 20
2.993911751957464
 10
9.116971279373368
 20
2.9779119146676027
 10
9.120602021716042
 20
2.9741176470588235
 10
9.116971279373368
 20
2.971063154177121
  0
LWPOLYLINE
  5
C3
330
17
100
AcDbEntity
  8
CONDUCTIVE_METASURFACE
100
AcDbPolyline
 90
7
 70
1
 10
12.004699738903396
 20
2.9639453741187385
 10
11.963446475195823
 20
2.9709318062209764
 10
11.959712501253819
 20
2.9741176470588235
 10
11.963446475195823
 20
2.9780537048145486
 10
12.004699738903396
 20
2.994592316786714
 10
12.040799400024742
 20
2.9741176470588235
 10
12.004699738903396
 20
2.9639453741187385
  0
LWPOLYLINE
  5
C4
330
17
100
AcDbEntity
  8
CONDUCTIVE_METASURFACE
100
AcDbPolyline
 90
7
 70
1
 10
14.39738903394256
 20
2.971063154177121
 10
14.356135770234987
 20
2.9643965005783004
 10
14.321416901389863
 20
2.9741176470588235
 10
14.356135770234987
 20
2.993911751957464
 10
14.39738903394256
 20
2.9779119146676027
 10
14.401019776285231
 20
2.9741176470588235
 10
14.39738903394256
 20
2.971063154177121
  0
LWPOLYLINE
  5
C5
330
17
100
AcDbEntity
  8
CONDUCTIVE_METASURFACE
100
AcDbPolyline
 90
7
 70
1
 10
1.278851174934726
 20
2.824122700426196
 10
1.2524933389301156
 20
2.850196078431373
 10
1.273798543895467
 20
2.881176470588236
 10
1.278851174934726
 20
2.8839031980753553
 10
1.282918683770233
 20
2.881176470588236
 10
1.2917958736756319
 20
2.850196078431373
 10
1.278851174934726
 20
2.824122700426196
  0
LWPOLYLINE
  5
C6
330
17
100
AcDbEntity
  8
CONDUCTIVE_METASURFACE
100
AcDbPolyline
 90
7
 70
1
 10
3.960313315926893
 20
2.823085839992111
 10
3.946767931087364
 20
2.850196078431373
 10
3.9560709972422377
 20
2.881176470588236
 10
3.960313315926893
 20
2.8839806632782627
 10
3.9655546634813517
 20
2.881176470588236
 10
3.9875774998770703
 20
2.850196078431373
 10
3.960313315926893
 20
2.823085839992111
  0
LWPOLYLINE
  5
C7
330
17
100
AcDbEntity
  8
CONDUCTIVE_METASURFACE
100
AcDbPolyline
 90
7
 70
1
 10
6.559268929503917
 20
2.824122700426196
 10
6.532911093499307
 20
2.850196078431373
 10
6.554216298464658
 20
2.881176470588236
 10
6.559268929503917
 20
2.8839031980753553
 10
6.563336438339425
 20
2.881176470588236
 10
6.572213628244823
 20
2.850196078431373
 10
6.559268929503917
 20
2.824122700426196
  0
LWPOLYLINE
  5
C8
330
17
100
AcDbEntity
  8
CONDUCTIVE_METASURFACE
100
AcDbPolyline
 90
7
 70
1
 10
9.240731070496084
 20
2.823085839992111
 10
9.227185685656554
 20
2.850196078431373
 10
9.236488751811429
 20
2.881176470588236
 10
9.240731070496084
 20
2.8839806632782627
 10
9.245972418050542
 20
2.881176470588236
 10
9.26799525444626
 20
2.850196078431373
 10
9.240731070496084
 20
2.823085839992111
  0
LWPOLYLINE
  5
C9
330
17
100
AcDbEntity
  8
CONDUCTIVE_METASURFACE
100
AcDbPolyline
 90
7
 70
1
 10
11.839686684073108
 20
2.824122700426196
 10
11.813328848068497
 20
2.850196078431373
 10
11.83463405303385
 20
2.881176470588236
 10
11.839686684073108
 20
2.8839031980753553
 10
11.843754192908616
 20
2.881176470588236
 10
11.852631382814014
 20
2.850196078431373
 10
11.839686684073108
 20
2.824122700426196
  0
LWPOLYLINE
  5
CA
330
17
100
AcDbEntity
  8
CONDUCTIVE_METASURFACE
100
AcDbPolyline
 90
7
 70
1
 10
14.521148825065275
 20
2.823085839992111
 10
14.507603440225745
 20
2.850196078431373
 10
14.51690650638062
 20
2.881176470588236
 10
14.521148825065275
 20
2.8839806632782627
 10
14.526390172619735
 20
2.881176470588236
 10
14.548413009015452
 20
2.850196078431373
 10
14.521148825065275
 20
2.823085839992111
  0
LWPOLYLINE
  5
CB
330
17
100
AcDbEntity
  8
CONDUCTIVE_METASURFACE
100
AcDbPolyline
 90
23
 70
1
 10
2.171350590732369
 20
2.4164705882352946
 10
2.1864229765013055
 20
2.4259413369443266
 10
2.2157494898860266
 20
2.447450980392157
 10
2.2276762402088774
 20
2.467836927978031
 10
2.231887638245649
 20
2.4784313725490197
 10
2.2276762402088774
 20
2.487394188387504
 10
2.1864229765013055
 20
2.4920310428067785
 10
2.1634149683052457
 20
2.5094117647058822
 10
2.1801768078186456
 20
2.5403921568627448
 10
2.145169712793734
 20
2.5582070128477326
 10
2.103916449086162
 20
2.547482511912974
 10
2.09796714822152
 20
2.5403921568627448
 10
2.103916449086162
 20
2.5285595458840913
 10
2.1257641518228665
 20
2.5094117647058822
 10
2.145169712793734
 20
2.498869973855762
 10
2.1725092380802673
 20
2.4784313725490197
 10
2.1494433878342716
 20
2.447450980392157
 10
2.145169712793734
 20
2.443384139997932
 10
2.103916449086162
 20
2.4273504638391996
 10
2.0982413547758068
 20
2.4164705882352946
 10
2.103916449086162
 20
2.409482266415192
 10
2.145169712793734
 20
2.402347880167677
 10
2.171350590732369
 20
2.4164705882352946
  0
LWPOLYLINE
  5
CC
330
17
100
AcDbEntity
  8
CONDUCTIVE_METASURFACE
100
AcDbPolyline
 90
23
 70
1
 10
3.1406118656776343
 20
2.4164705882352946
 10
3.135248041775457
 20
2.426695326691612
 10
3.0939947780678856
 20
2.4429703805302037
 10
3.089324089166376
 20
2.447450980392157
 10
3.0663098242732665
 20
2.4784313725490197
 10
3.0939947780678856
 20
2.4994657713369848
 10
3.1122429841443298
 20
2.5094117647058822
 10
3.135248041775457
 20
2.529530050061799
 10
3.1406968330017797
 20
2.5403921568627448
 10
3.135248041775457
 20
2.546892569860436
 10
3.0939947780678856
 20
2.557797085908368
 10
3.060263022552542
 20
2.5403921568627448
 10
3.0769700282368393
 20
2.5094117647058822
 10
3.052741514360313
 20
2.491486540248797
 10
3.0114882506527416
 20
2.4869116375658775
 10
3.0074722667448173
 20
2.4784313725490197
 10
3.0114882506527416
 20
2.468285770591587
 10
3.023656256213558
 20
2.447450980392157
 10
3.052741514360313
 20
2.426037784977806
 10
3.0680767887336526
 20
2.4164705882352946
 10
3.0939947780678856
 20
2.4025842325524
 10
3.135248041775457
 20
2.4098650420211976
 10
3.1406118656776343
 20
2.4164705882352946
  0
LWPOLYLINE
  5
CD
330
17
100
AcDbEntity
  8
CONDUCTIVE_METASURFACE
100
AcDbPolyline
 90
23
 70
1
 10
7.45176834530156
 20
2.4164705882352946
 10
7.466840731070496
 20
2.4259413369443266
 10
7.496167244455218
 20
2.447450980392157
 10
7.508093994778068
 20
2.467836927978031
 10
7.51230539281484
 20
2.4784313725490197
 10
7.508093994778068
 20
2.487394188387504
 10
7.466840731070496
 20
2.4920310428067785
 10
7.443832722874437
 20
2.5094117647058822
 10
7.460594562387836
 20
2.5403921568627448
 10
7.4255874673629245
 20
2.5582070128477326
 10
7.384334203655353
 20
2.547482511912974
 10
7.37838490279071
 20
2.5403921568627448
 10
7.384334203655353
 20
2.5285595458840913
 10
7.4061819063920575
 20
2.5094117647058822
 10
7.4255874673629245
 20
2.498869973855762
 10
7.4529269926494575
 20
2.4784313725490197
 10
7.429861142403462
 20
2.447450980392157
 10
7.4255874673629245
 20
2.443384139997932
 10
7.384334203655353
 20
2.4273504638391996
 10
7.378659109344997
 20
2.4164705882352946
 10
7.384334203655353
 20
2.409482266415192
 10
7.4255874673629245
 20
2.402347880167677
 10
7.45176834530156
 20
2.4164705882352946
  0
LWPOLYLINE
  5
CE
330
17
100
AcDbEntity
  8
CONDUCTIVE_METASURFACE
100
AcDbPolyline
 90
23
 70
1
 10
8.421029620246825
 20
2.4164705882352946
 10
8.415665796344648
 20
2.426695326691612
 10
8.374412532637075
 20
2.4429703805302037
 10
8.369741843735566
 20
2.447450980392157
 10
8.346727578842458
 20
2.4784313725490197
 10
8.374412532637075
 20
2.4994657713369848
 10
8.392660738713522
 20
2.5094117647058822
 10
8.415665796344648
 20
2.529530050061799
 10
8.42111458757097
 20
2.5403921568627448
 10
8.415665796344648
 20
2.546892569860436
 10
8.374412532637075
 20
2.557797085908368
 10
8.340680777121733
 20
2.5403921568627448
 10
8.357387782806029
 20
2.5094117647058822
 10
8.333159268929505
 20
2.491486540248797
 10
8.291906005221932
 20
2.4869116375658775
 10
8.287890021314007
 20
2.4784313725490197
 10
8.291906005221932
 20
2.468285770591587
 10
8.304074010782749
 20
2.447450980392157
 10
8.333159268929505
 20
2.426037784977806
 10
8.348494543302843
 20
2.4164705882352946
 10
8.374412532637075
 20
2.4025842325524
 10
8.415665796344648
 20
2.4098650420211976
 10
8.421029620246825
 20
2.4164705882352946
  0
LWPOLYLINE
  5
CF
330
17
100
AcDbEntity
  8
CONDUCTIVE_METASURFACE
100
AcDbPolyline
 90
23
 70
1
 10
12.732186099870749
 20
2.4164705882352946
 10
12.747258485639687
 20
2.4259413369443266
 10
12.776584999024408
 20
2.447450980392157
 10
12.78851174934726
 20
2.467836927978031
 10
12.792723147384033
 20
2.4784313725490197
 10
12.78851174934726
 20
2.487394188387504
 10
12.747258485639687
 20
2.4920310428067785
 10
12.724250477443626
 20
2.5094117647058822
 10
12.741012316957027
 20
2.5403921568627448
 10
12.706005221932116
 20
2.5582070128477326
 10
12.664751958224544
 20
2.547482511912974
 10
12.658802657359901
 20
2.5403921568627448
 10
12.664751958224544
 20
2.5285595458840913
 10
12.686599660961248
 20
2.5094117647058822
 10
12.706005221932116
 20
2.498869973855762
 10
12.73334474721865
 20
2.4784313725490197
 10
12.710278896972653
 20
2.447450980392157
 10
12.706005221932116
 20
2.443384139997932
 10
12.664751958224544
 20
2.4273504638391996
 10
12.659076863914189
 20
2.4164705882352946
 10
12.664751958224544
 20
2.409482266415192
 10
12.706005221932116
 20
2.402347880167677
 10
12.732186099870749
 20
2.4164705882352946
  0
LWPOLYLINE
  5
D0
330
17
100
AcDbEntity
  8
CONDUCTIVE_METASURFACE
100
AcDbPolyline
 90
23
 70
1
 10
13.701447374816016
 20
2.4164705882352946
 10
13.696083550913839
 20
2.426695326691612
 10
13.654830287206266
 20
2.4429703805302037
 10
13.650159598304757
 20
2.447450980392157
 10
13.627145333411649
 20
2.4784313725490197
 10
13.654830287206266
 20
2.4994657713369848
 10
13.67307849328271
 20
2.5094117647058822
 10
13.696083550913839
 20
2.529530050061799
 10
13.70153234214016
 20
2.5403921568627448
 10
13.696083550913839
 20
2.546892569860436
 10
13.654830287206266
 20
2.557797085908368
 10
13.621098531690924
 20
2.5403921568627448
 10
13.63780553737522
 20
2.5094117647058822
 10
13.613577023498694
 20
2.491486540248797
 10
13.572323759791123
 20
2.4869116375658775
 10
13.568307775883198
 20
2.4784313725490197
 10
13.572323759791123
 20
2.468285770591587
 10
13.58449176535194
 20
2.447450980392157
 10
13.613577023498694
 20
2.426037784977806
 10
13.628912297872034
 20
2.4164705882352946
 10
13.654830287206266
 20
2.4025842325524
 10
13.696083550913839
 20
2.4098650420211976
 10
13.701447374816016
 20
2.4164705882352946
  0
LWPOLYLINE
  5
D1
330
17
100
AcDbEntity
  8
CONDUCTIVE_METASURFACE
100
AcDbPolyline
 90
23
 70
1
 10
1.952413249095217
 20
2.2615686274509805
 10
1.9801566579634464
 20
2.2707065664285184
 10
2.008670345149583
 20
2.292549019607843
 10
2.0214099216710184
 20
2.3040654730253074
 10
2.0399009074595282
 20
2.3235294117647056
 10
2.0302058432933014
 20
2.354509803921569
 10
2.0214099216710184
 20
2.3585379390234746
 10
2.007794742178056
 20
2.354509803921569
 10
1.9861230505422918
 20
2.3235294117647056
 10
1.9801566579634464
 20
2.3200217759658024
 10
1.9389033942558749
 20
2.302738554341249
 10
1.9108941661789371
 20
2.3235294117647056
 10
1.8976501305483031
 20
2.337233483379909
 10
1.8708607045139396
 20
2.354509803921569
 10
1.8563968668407311
 20
2.358601709452412
 10
1.8477410405523043
 20
2.354509803921569
 10
1.8332206319253956
 20
2.3235294117647056
 10
1.8563968668407311
 20
2.2981975284970027
 10
1.8976501305483031
 20
2.3107441176640435
 10
1.9215192000595698
 20
2.292549019607843
 10
1.927611069702511
 20
2.2615686274509805
 10
1.9389033942558749
 20
2.2585526878962385
 10
1.952413249095217
 20
2.2615686274509805
  0
LWPOLYLINE
  5
D2
330
17
100
AcDbEntity
  8
CONDUCTIVE_METASURFACE
100
AcDbPolyline
 90
23
 70
1
 10
3.3121960110478894
 20
2.2615686274509805
 10
3.3183704417335145
 20
2.292549019607843
 10
3.341514360313316
 20
2.3098275339715717
 10
3.3827676240208877
 20
2.29723978957327
 10
3.406489729557811
 20
2.3235294117647056
 10
3.3922090541957193
 20
2.354509803921569
 10
3.3827676240208877
 20
2.3589776023261932
 10
3.3670114026826408
 20
2.354509803921569
 10
3.341514360313316
 20
2.338102642099689
 10
3.3274769537375555
 20
2.3235294117647056
 10
3.300261096605744
 20
2.302998030656322
 10
3.2590078328981726
 20
2.3203199619083006
 10
3.253592463169446
 20
2.3235294117647056
 10
3.232242142267028
 20
2.354509803921569
 10
3.2177545691906007
 20
2.3587716957822056
 10
3.2084489580039226
 20
2.354509803921569
 10
3.198948850267072
 20
2.3235294117647056
 10
3.2177545691906007
 20
2.303868058725467
 10
3.2303657369037726
 20
2.292549019607843
 10
3.2590078328981726
 20
2.2705253912135483
 10
3.286153559207588
 20
2.2615686274509805
 10
3.300261096605744
 20
2.2584059311020988
 10
3.3121960110478894
 20
2.2615686274509805
  0
LWPOLYLINE
  5
D3
330
17
100
AcDbEntity
  8
CONDUCTIVE_METASURFACE
100
AcDbPolyline
 90
23
 70
1
 10
7.232831003664408
 20
2.2615686274509805
 10
7.2605744125326375
 20
2.2707065664285184
 10
7.289088099718774
 20
2.292549019607843
 10
7.301827676240209
 20
2.3040654730253074
 10
7.320318662028719
 20
2.3235294117647056
 10
7.310623597862492
 20
2.354509803921569
 10
7.301827676240209
 20
2.3585379390234746
 10
7.288212496747247
 20
2.354509803921569
 10
7.266540805111482
 20
2.3235294117647056
 10
7.2605744125326375
 20
2.3200217759658024
 10
7.219321148825066
 20
2.302738554341249
 10
7.191311920748128
 20
2.3235294117647056
 10
7.1780678851174935
 20
2.337233483379909
 10
7.15127845908313
 20
2.354509803921569
 10
7.136814621409922
 20
2.358601709452412
 10
7.128158795121495
 20
2.354509803921569
 10
7.113638386494587
 20
2.3235294117647056
 10
7.136814621409922
 20
2.2981975284970027
 10
7.1780678851174935
 20
2.3107441176640435
 10
7.201936954628761
 20
2.292549019607843
 10
7.208028824271703
 20
2.2615686274509805
 10
7.219321148825066
 20
2.2585526878962385
 10
7.232831003664408
 20
2.2615686274509805
  0
LWPOLYLINE
  5
D4
330
17
100
AcDbEntity
  8
CONDUCTIVE_METASURFACE
100
AcDbPolyline
 90
23
 70
1
 10
8.592613765617081
 20
2.2615686274509805
 10
8.598788196302706
 20
2.292549019607843
 10
8.621932114882506
 20
2.3098275339715717
 10
8.663185378590079
 20
2.29723978957327
 10
8.686907484127001
 20
2.3235294117647056
 10
8.672626808764912
 20
2.354509803921569
 10
8.663185378590079
 20
2.3589776023261932
 10
8.647429157251832
 20
2.354509803921569
 10
8.621932114882506
 20
2.338102642099689
 10
8.607894708306745
 20
2.3235294117647056
 10
8.580678851174936
 20
2.302998030656322
 10
8.539425587467363
 20
2.3203199619083006
 10
8.534010217738636
 20
2.3235294117647056
 10
8.512659896836219
 20
2.354509803921569
 10
8.498172323759793
 20
2.3587716957822056
 10
8.488866712573113
 20
2.354509803921569
 10
8.479366604836262
 20
2.3235294117647056
 10
8.498172323759793
 20
2.303868058725467
 10
8.510783491472962
 20
2.292549019607843
 10
8.539425587467363
 20
2.2705253912135483
 10
8.566571313776778
 20
2.2615686274509805
 10
8.580678851174936
 20
2.2584059311020988
 10
8.592613765617081
 20
2.2615686274509805
  0
LWPOLYLINE
  5
D5
330
17
100
AcDbEntity
  8
CONDUCTIVE_METASURFACE
100
AcDbPolyline
 90
23
 70
1
 10
12.513248758233598
 20
2.2615686274509805
 10
12.540992167101829
 20
2.2707065664285184
 10
12.569505854287966
 20
2.292549019607843
 10
12.5822454308094
 20
2.3040654730253074
 10
12.600736416597911
 20
2.3235294117647056
 10
12.591041352431683
 20
2.354509803921569
 10
12.5822454308094
 20
2.3585379390234746
 10
12.568630251316439
 20
2.354509803921569
 10
12.546958559680672
 20
2.3235294117647056
 10
12.540992167101829
 20
2.3200217759658024
 10
12.499738903394256
 20
2.302738554341249
 10
12.47172967531732
 20
2.3235294117647056
 10
12.458485639686685
 20
2.337233483379909
 10
12.431696213652321
 20
2.354509803921569
 10
12.417232375979113
 20
2.358601709452412
 10
12.408576549690686
 20
2.354509803921569
 10
12.394056141063778
 20
2.3235294117647056
 10
12.417232375979113
 20
2.2981975284970027
 10
12.458485639686685
 20
2.3107441176640435
 10
12.482354709197953
 20
2.292549019607843
 10
12.488446578840893
 20
2.2615686274509805
 10
12.499738903394256
 20
2.2585526878962385
 10
12.513248758233598
 20
2.2615686274509805
  0
LWPOLYLINE
  5
D6
330
17
100
AcDbEntity
  8
CONDUCTIVE_METASURFACE
100
AcDbPolyline
 90
23
 70
1
 10
13.873031520186272
 20
2.2615686274509805
 10
13.879205950871896
 20
2.292549019607843
 10
13.902349869451697
 20
2.3098275339715717
 10
13.94360313315927
 20
2.29723978957327
 10
13.967325238696192
 20
2.3235294117647056
 10
13.953044563334101
 20
2.354509803921569
 10
13.94360313315927
 20
2.3589776023261932
 10
13.927846911821023
 20
2.354509803921569
 10
13.902349869451697
 20
2.338102642099689
 10
13.888312462875936
 20
2.3235294117647056
 10
13.861096605744127
 20
2.302998030656322
 10
13.819843342036554
 20
2.3203199619083006
 10
13.814427972307826
 20
2.3235294117647056
 10
13.79307765140541
 20
2.354509803921569
 10
13.778590078328984
 20
2.3587716957822056
 10
13.769284467142306
 20
2.354509803921569
 10
13.759784359405453
 20
2.3235294117647056
 10
13.778590078328984
 20
2.303868058725467
 10
13.791201246042153
 20
2.292549019607843
 10
13.819843342036554
 20
2.2705253912135483
 10
13.84698906834597
 20
2.2615686274509805
 10
13.861096605744127
 20
2.2584059311020988
 10
13.873031520186272
 20
2.2615686274509805
  0
LWPOLYLINE
  5
D7
330
17
100
AcDbEntity
  8
CONDUCTIVE_METASURFACE
100
AcDbPolyline
 90
17
 70
1
 10
2.716485601445371
 20
1.9207843137254905
 10
2.7165054039264773
 20
1.951764705882353
 10
2.716493486794732
 20
1.9827450980392158
 10
2.7164270216070947
 20
2.0137254901960784
 10
2.681462140992167
 20
2.0400274192122865
 10
2.6402088772845955
 20
2.0400422879785065
 10
2.5989556135770235
 20
2.040033362062169
 10
2.557702349869452
 20
2.039983442591771
 10
2.5226788583726716
 20
2.0137254901960784
 10
2.522659066808828
 20
1.9827450980392158
 10
2.5226709851379807
 20
1.951764705882353
 10
2.5227374763987265
 20
1.9207843137254905
 10
2.557702349869452
 20
1.8944823777522781
 10
2.5989556135770235
 20
1.8944675060555447
 10
2.6402088772845955
 20
1.894476462393618
 10
2.681462140992167
 20
1.8945263928506724
 10
2.716485601445371
 20
1.9207843137254905
  0
LWPOLYLINE
  5
D8
330
17
100
AcDbEntity
  8
CONDUCTIVE_METASURFACE
100
AcDbPolyline
 90
17
 70
1
 10
7.9969033560145615
 20
1.9207843137254905
 10
7.996923158495669
 20
1.951764705882353
 10
7.996911241363922
 20
1.9827450980392158
 10
7.996844776176287
 20
2.0137254901960784
 10
7.961879895561357
 20
2.0400274192122865
 10
7.920626631853786
 20
2.0400422879785065
 10
7.879373368146214
 20
2.040033362062169
 10
7.838120104438643
 20
2.039983442591771
 10
7.803096612941862
 20
2.0137254901960784
 10
7.803076821378019
 20
1.9827450980392158
 10
7.803088739707171
 20
1.951764705882353
 10
7.803155230967918
 20
1.9207843137254905
 10
7.838120104438643
 20
1.8944823777522781
 10
7.879373368146214
 20
1.8944675060555447
 10
7.920626631853786
 20
1.894476462393618
 10
7.961879895561357
 20
1.8945263928506724
 10
7.9969033560145615
 20
1.9207843137254905
  0
LWPOLYLINE
  5
D9
330
17
100
AcDbEntity
  8
CONDUCTIVE_METASURFACE
100
AcDbPolyline
 90
17
 70
1
 10
13.277321110583753
 20
1.9207843137254905
 10
13.27734091306486
 20
1.951764705882353
 10
13.277328995933113
 20
1.9827450980392158
 10
13.277262530745476
 20
2.0137254901960784
 10
13.24229765013055
 20
2.0400274192122865
 10
13.201044386422977
 20
2.0400422879785065
 10
13.159791122715406
 20
2.040033362062169
 10
13.118537859007834
 20
2.039983442591771
 10
13.083514367511054
 20
2.0137254901960784
 10
13.08349457594721
 20
1.9827450980392158
 10
13.083506494276364
 20
1.951764705882353
 10
13.083572985537108
 20
1.9207843137254905
 10
13.118537859007834
 20
1.8944823777522781
 10
13.159791122715406
 20
1.8944675060555447
 10
13.201044386422977
 20
1.894476462393618
 10
13.24229765013055
 20
1.8945263928506724
 10
13.277321110583753
 20
1.9207843137254905
  0
LWPOLYLINE
  5
DA
330
17
100
AcDbEntity
  8
CONDUCTIVE_METASURFACE
100
AcDbPolyline
 90
23
 70
1
 10
2.030715565082658
 20
1.5799999999999996
 10
2.0402156458169087
 20
1.6109803921568633
 10
2.0214099216710184
 20
1.6306417144347016
 10
2.008798725410215
 20
1.6419607843137258
 10
1.9801566579634464
 20
1.663984437576544
 10
1.9530109710168182
 20
1.6729411764705886
 10
1.9389033942558749
 20
1.676103878367712
 10
1.9269684752157397
 20
1.6729411764705886
 10
1.9207941332537417
 20
1.6419607843137258
 10
1.8976501305483031
 20
1.6246822516547237
 10
1.8563968668407311
 20
1.6372700148651866
 10
1.8326747493666609
 20
1.6109803921568633
 10
1.8469553890270907
 20
1.5799999999999996
 10
1.8563968668407311
 20
1.5755321833637033
 10
1.8721531588626872
 20
1.5799999999999996
 10
1.8976501305483031
 20
1.5964071322683162
 10
1.911687549455907
 20
1.6109803921568633
 10
1.9389033942558749
 20
1.6315118048050512
 10
1.9801566579634464
 20
1.6141898217053237
 10
1.9855719992913279
 20
1.6109803921568633
 10
2.00692229292785
 20
1.5799999999999996
 10
2.0214099216710184
 20
1.575738099442946
 10
2.030715565082658
 20
1.5799999999999996
  0
LWPOLYLINE
  5
DB
330
17
100
AcDbEntity
  8
CONDUCTIVE_METASURFACE
100
AcDbPolyline
 90
23
 70
1
 10
3.391423674552228
 20
1.5799999999999996
 10
3.405944045646909
 20
1.6109803921568633
 10
3.3827676240208877
 20
1.6363124150843709
 10
3.341514360313316
 20
1.6237657891217419
 10
3.317645394352006
 20
1.6419607843137258
 10
3.3115536092748523
 20
1.6729411764705886
 10
3.300261096605744
 20
1.6759571591793514
 10
3.2867510885525912
 20
1.6729411764705886
 10
3.2590078328981726
 20
1.663803252700821
 10
3.2304941704029186
 20
1.6419607843137258
 10
3.2177545691906007
 20
1.6304443292379314
 10
3.199263562313694
 20
1.6109803921568633
 10
3.208958579327301
 20
1.5799999999999996
 10
3.2177545691906007
 20
1.5759718321421297
 10
3.231369878820042
 20
1.5799999999999996
 10
3.2530415728697912
 20
1.6109803921568633
 10
3.2590078328981726
 20
1.6144879551772218
 10
3.300261096605744
 20
1.6317711532930275
 10
3.3282701674552744
 20
1.6109803921568633
 10
3.341514360313316
 20
1.5972761436016407
 10
3.368303430667891
 20
1.5799999999999996
 10
3.3827676240208877
 20
1.5759079917259602
 10
3.391423674552228
 20
1.5799999999999996
  0
LWPOLYLINE
  5
DC
330
17
100
AcDbEntity
  8
CONDUCTIVE_METASURFACE
100
AcDbPolyline
 90
23
 70
1
 10
7.311133319651849
 20
1.5799999999999996
 10
7.3206334003861
 20
1.6109803921568633
 10
7.301827676240209
 20
1.6306417144347016
 10
7.289216479979405
 20
1.6419607843137258
 10
7.2605744125326375
 20
1.663984437576544
 10
7.23342872558601
 20
1.6729411764705886
 10
7.219321148825066
 20
1.676103878367712
 10
7.207386229784931
 20
1.6729411764705886
 10
7.201211887822932
 20
1.6419607843137258
 10
7.1780678851174935
 20
1.6246822516547237
 10
7.136814621409922
 20
1.6372700148651866
 10
7.113092503935851
 20
1.6109803921568633
 10
7.127373143596282
 20
1.5799999999999996
 10
7.136814621409922
 20
1.5755321833637033
 10
7.1525709134318785
 20
1.5799999999999996
 10
7.1780678851174935
 20
1.5964071322683162
 10
7.192105304025098
 20
1.6109803921568633
 10
7.219321148825066
 20
1.6315118048050512
 10
7.2605744125326375
 20
1.6141898217053237
 10
7.265989753860519
 20
1.6109803921568633
 10
7.2873400474970405
 20
1.5799999999999996
 10
7.301827676240209
 20
1.575738099442946
 10
7.311133319651849
 20
1.5799999999999996
  0
LWPOLYLINE
  5
DD
330
17
100
AcDbEntity
  8
CONDUCTIVE_METASURFACE
100
AcDbPolyline
 90
23
 70
1
 10
8.67184142912142
 20
1.5799999999999996
 10
8.6863618002161
 20
1.6109803921568633
 10
8.663185378590079
 20
1.6363124150843709
 10
8.621932114882506
 20
1.6237657891217419
 10
8.598063148921197
 20
1.6419607843137258
 10
8.591971363844042
 20
1.6729411764705886
 10
8.580678851174936
 20
1.6759571591793514
 10
8.567168843121781
 20
1.6729411764705886
 10
8.539425587467363
 20
1.663803252700821
 10
8.51091192497211
 20
1.6419607843137258
 10
8.498172323759793
 20
1.6304443292379314
 10
8.479681316882886
 20
1.6109803921568633
 10
8.489376333896493
 20
1.5799999999999996
 10
8.498172323759793
 20
1.5759718321421297
 10
8.511787633389233
 20
1.5799999999999996
 10
8.533459327438981
 20
1.6109803921568633
 10
8.539425587467363
 20
1.6144879551772218
 10
8.580678851174936
 20
1.6317711532930275
 10
8.608687922024464
 20
1.6109803921568633
 10
8.621932114882506
 20
1.5972761436016407
 10
8.648721185237083
 20
1.5799999999999996
 10
8.663185378590079
 20
1.5759079917259602
 10
8.67184142912142
 20
1.5799999999999996
  0
LWPOLYLINE
  5
DE
330
17
100
AcDbEntity
  8
CONDUCTIVE_METASURFACE
100
AcDbPolyline
 90
23
 70
1
 10
12.591551074221039
 20
1.5799999999999996
 10
12.60105115495529
 20
1.6109803921568633
 10
12.5822454308094
 20
1.6306417144347016
 10
12.569634234548598
 20
1.6419607843137258
 10
12.540992167101829
 20
1.663984437576544
 10
12.5138464801552
 20
1.6729411764705886
 10
12.499738903394256
 20
1.676103878367712
 10
12.48780398435412
 20
1.6729411764705886
 10
12.481629642392123
 20
1.6419607843137258
 10
12.458485639686685
 20
1.6246822516547237
 10
12.417232375979113
 20
1.6372700148651866
 10
12.393510258505042
 20
1.6109803921568633
 10
12.407790898165471
 20
1.5799999999999996
 10
12.417232375979113
 20
1.5755321833637033
 10
12.43298866800107
 20
1.5799999999999996
 10
12.458485639686685
 20
1.5964071322683162
 10
12.472523058594287
 20
1.6109803921568633
 10
12.499738903394256
 20
1.6315118048050512
 10
12.540992167101829
 20
1.6141898217053237
 10
12.54640750842971
 20
1.6109803921568633
 10
12.56775780206623
 20
1.5799999999999996
 10
12.5822454308094
 20
1.575738099442946
 10
12.591551074221039
 20
1.5799999999999996
  0
LWPOLYLINE
  5
DF
330
17
100
AcDbEntity
  8
CONDUCTIVE_METASURFACE
100
AcDbPolyline
 90
23
 70
1
 10
13.952259183690611
 20
1.5799999999999996
 10
13.96677955478529
 20
1.6109803921568633
 10
13.94360313315927
 20
1.6363124150843709
 10
13.902349869451697
 20
1.6237657891217419
 10
13.878480903490388
 20
1.6419607843137258
 10
13.872389118413235
 20
1.6729411764705886
 10
13.861096605744127
 20
1.6759571591793514
 10
13.847586597690972
 20
1.6729411764705886
 10
13.819843342036554
 20
1.663803252700821
 10
13.7913296795413
 20
1.6419607843137258
 10
13.778590078328984
 20
1.6304443292379314
 10
13.760099071452075
 20
1.6109803921568633
 10
13.769794088465684
 20
1.5799999999999996
 10
13.778590078328984
 20
1.5759718321421297
 10
13.792205387958425
 20
1.5799999999999996
 10
13.813877082008172
 20
1.6109803921568633
 10
13.819843342036554
 20
1.6144879551772218
 10
13.861096605744127
 20
1.6317711532930275
 10
13.889105676593655
 20
1.6109803921568633
 10
13.902349869451697
 20
1.5972761436016407
 10
13.929138939806272
 20
1.5799999999999996
 10
13.94360313315927
 20
1.5759079917259602
 10
13.952259183690611
 20
1.5799999999999996
  0
LWPOLYLINE
  5
E0
330
17
100
AcDbEntity
  8
CONDUCTIVE_METASURFACE
100
AcDbPolyline
 90
217
 70
1
 10
2.158512834544269
 20
0.3717647058823534
 10
2.1643114063921747
 20
0.40274509803921604
 10
2.145169712793734
 20
0.42997908428789183
 10
2.137881219725822
 20
0.43372549019607864
 10
2.103916449086162
 20
0.45583729333788947
 10
2.0626631853785904
 20
0.45149318754112944
 10
2.0214099216710184
 20
0.45755063510531063
 10
2.0021918821961204
 20
0.4647058823529413
 10
1.9870600340786195
 20
0.49568627450980396
 10
1.9801566579634464
 20
0.510298884976524
 10
1.9693733731742515
 20
0.5266666666666666
 10
1.9631423459800457
 20
0.5576470588235292
 10
1.9638067545307694
 20
0.5886274509803918
 10
1.9801566579634464
 20
0.6183136255853631
 10
1.9807179508978983
 20
0.6196078431372554
 10
1.9885916218392146
 20
0.650588235294118
 10
1.9801566579634464
 20
0.6677588991576898
 10
1.958272153807785
 20
0.6815686274509807
 10
1.9389033942558749
 20
0.6906609227519097
 10
1.8976501305483031
 20
0.6997906582241626
 10
1.8808585535932816
 20
0.7125490196078432
 10
1.8976501305483031
 20
0.7358630770524697
 10
1.90391881308792
 20
0.7435294117647059
 10
1.8976501305483031
 20
0.749849372908097
 10
1.869261593388919
 20
0.7745098039215685
 10
1.8563968668407311
 20
0.783059613004883
 10
1.8272807584753126
 20
0.7745098039215685
 10
1.8151436031331594
 20
0.7714761277199433
 10
1.7738903394255876
 20
0.7675888028030138
 10
1.7326370757180158
 20
0.7520628038927889
 10
1.7007301454757713
 20
0.7435294117647059
 10
1.6913838120104439
 20
0.741649785532469
 10
1.650130548302872
 20
0.7363767293440656
 10
1.6331932330415964
 20
0.7435294117647059
 10
1.6203881579113533
 20
0.7745098039215685
 10
1.6387584462873355
 20
0.8054901960784312
 10
1.650130548302872
 20
0.807951789240154
 10
1.6913838120104439
 20
0.8183656857192657
 10
1.7164345244773973
 20
0.8364705882352939
 10
1.7093584150935517
 20
0.8674509803921573
 10
1.7078179300991203
 20
0.89843137254902
 10
1.7065702394860527
 20
0.9294117647058826
 10
1.6913838120104439
 20
0.9433166783433771
 10
1.650130548302872
 20
0.955513660635525
 10
1.6360196037255954
 20
0.9603921568627453
 10
1.6088772845953003
 20
0.9836949972440151
 10
1.5691341418203468
 20
0.9913725490196079
 10
1.5676240208877286
 20
0.991601288437275
 10
1.5263707571801566
 20
1.0006650339598382
 10
1.4864918491259471
 20
1.0223529411764705
 10
1.4851174934725848
 20
1.0262696127242856
 10
1.471571788712453
 20
1.0533333333333332
 10
1.443864229765013
 20
1.0639910419797298
 10
1.4166332537401438
 20
1.0843137254901958
 10
1.4026109660574413
 20
1.104745736884876
 10
1.363191931261412
 20
1.1152941176470592
 10
1.3613577023498695
 20
1.1156360154668106
 10
1.3320068566140366
 20
1.146274509803922
 10
1.3201044386422978
 20
1.1770300075370121
 10
1.3197719387554587
 20
1.1772549019607845
 10
1.3094445590155537
 20
1.2082352941176473
 10
1.278851174934726
 20
1.2284598443490362
 10
1.2722792668539096
 20
1.2392156862745098
 10
1.256175967950835
 20
1.2701960784313724
 10
1.2375979112271542
 20
1.281633329048997
 10
1.1963446475195822
 20
1.2825397932390878
 10
1.1550913838120105
 20
1.2838939454835592
 10
1.1138381201044387
 20
1.289409166495443
 10
1.08946528498344
 20
1.2701960784313724
 10
1.0754264655899177
 20
1.2392156862745098
 10
1.072584856396867
 20
1.2318612816676615
 10
1.0313315926892952
 20
1.2171009900788774
 10
0.9900783289817232
 20
1.2266183703203
 10
0.9806067125131497
 20
1.2392156862745098
 10
0.9876741786402601
 20
1.2701960784313724
 10
0.9900783289817232
 20
1.2769504860970218
 10
1.0015426215586973
 20
1.3011764705882352
 10
1.022222740644372
 20
1.3321568627450977
 10
1.027302016375068
 20
1.3631372549019614
 10
1.0313315926892952
 20
1.3722252990435628
 10
1.0427393587660487
 20
1.394117647058824
 10
1.0313315926892952
 20
1.4037897922289266
 10
0.9986134155736539
 20
1.4250980392156865
 10
0.9900783289817232
 20
1.42990560659711
 10
0.979636495439932
 20
1.4250980392156865
 10
0.9488250652741516
 20
1.4126223727384568
 10
0.9320258408947997
 20
1.4250980392156865
 10
0.9198465215476057
 20
1.4560784313725492
 10
0.9075718015665797
 20
1.4708687975596006
 10
0.8896058095366731
 20
1.4870588235294118
 10
0.8663185378590079
 20
1.4935441360824282
 10
0.825065274151436
 20
1.4878174434886917
 10
0.8219496230077105
 20
1.4870588235294118
 10
0.7838120104438643
 20
1.4751681460618065
 10
0.7425587467362924
 20
1.4746636901430275
 10
0.7013054830287206
 20
1.4794950853867797
 10
0.680824779590522
 20
1.4870588235294118
 10
0.6600522193211489
 20
1.4925383315511054
 10
0.6187989556135771
 20
1.5041771001833002
 10
0.6096982343891381
 20
1.5180392156862745
 10
0.6017785189495926
 20
1.549019607843137
 10
0.6080119672146315
 20
1.5799999999999996
 10
0.5775456919060052
 20
1.606017165072113
 10
0.5729666564027609
 20
1.6109803921568633
 10
0.5362924281984335
 20
1.6253363903048994
 10
0.4950391644908616
 20
1.621016448488476
 10
0.47810879522295685
 20
1.6109803921568633
 10
0.4720745571860936
 20
1.5799999999999996
 10
0.4771288252815002
 20
1.549019607843137
 10
0.48901283232407355
 20
1.5180392156862745
 10
0.4950391644908616
 20
1.5147560856402085
 10
0.5313799021572192
 20
1.4870588235294118
 10
0.5327683392553179
 20
1.4560784313725492
 10
0.5362924281984335
 20
1.4528225221710604
 10
0.558750914403076
 20
1.4560784313725492
 10
0.5775456919060052
 20
1.4595986864813955
 10
0.584591471516444
 20
1.4560784313725492
 10
0.6014657942464937
 20
1.4250980392156865
 10
0.5951393567648253
 20
1.394117647058824
 10
0.5775456919060052
 20
1.3643881303800731
 10
0.5755520793627243
 20
1.3631372549019614
 10
0.5645207606831906
 20
1.3321568627450977
 10
0.5775456919060052
 20
1.3096690661358255
 10
0.5846031893570495
 20
1.3011764705882352
 10
0.6115771549595256
 20
1.2701960784313724
 10
0.6187989556135771
 20
1.2636872194401305
 10
0.6600522193211489
 20
1.2553377343792207
 10
0.699492080682728
 20
1.2392156862745098
 10
0.7013054830287206
 20
1.2387528576790432
 10
0.7425587467362924
 20
1.236186932732608
 10
0.7614770120169472
 20
1.2392156862745098
 10
0.7838120104438643
 20
1.2419385483022987
 10
0.7907226460930478
 20
1.2392156862745098
 10
0.825065274151436
 20
1.2241192626516544
 10
0.8468112961552131
 20
1.2082352941176473
 10
0.8497824456433758
 20
1.1772549019607845
 10
0.8315341450789338
 20
1.146274509803922
 10
0.8290099666289659
 20
1.1152941176470592
 10
0.8390456924975274
 20
1.0843137254901958
 10
0.8578346913843907
 20
1.0533333333333332
 10
0.8663185378590079
 20
1.048980111727959
 10
0.9075718015665797
 20
1.033158602166495
 10
0.9486052909023779
 20
1.0533333333333332
 10
0.9488250652741516
 20
1.0534610781126943
 10
0.9793491855823421
 20
1.0843137254901958
 10
0.9685435284451244
 20
1.1152941176470592
 10
0.9596219238312822
 20
1.146274509803922
 10
0.9900783289817232
 20
1.1615856454685771
 10
1.0268811987399036
 20
1.146274509803922
 10
1.0261432231446859
 20
1.1152941176470592
 10
1.0313315926892952
 20
1.1123173279556267
 10
1.072584856396867
 20
1.0961830937688006
 10
1.1138381201044387
 20
1.0911225786684484
 10
1.1250176462896906
 20
1.0843137254901958
 10
1.1516727989614428
 20
1.0533333333333332
 10
1.1550913838120105
 20
1.0515648808889007
 10
1.177041953092943
 20
1.0223529411764705
 10
1.184980915700093
 20
0.9913725490196079
 10
1.1892386811621827
 20
0.9603921568627453
 10
1.194622829184449
 20
0.9294117647058826
 10
1.1963446475195822
 20
0.9222090486874538
 10
1.2293816949590493
 20
0.89843137254902
 10
1.2375979112271542
 20
0.8973653786752295
 10
1.278851174934726
 20
0.893467658944766
 10
1.3201044386422978
 20
0.8900690887189247
 10
1.3613577023498695
 20
0.883972380668978
 10
1.40005280964386
 20
0.8674509803921573
 10
1.4026109660574413
 20
0.8646354217318155
 10
1.443864229765013
 20
0.8447155949100961
 10
1.4529015485539358
 20
0.8364705882352939
 10
1.4598317244112753
 20
0.8054901960784312
 10
1.4813644098891259
 20
0.7745098039215685
 10
1.4851174934725848
 20
0.7707604735098655
 10
1.5263707571801566
 20
0.7713216993121709
 10
1.5466411044215915
 20
0.7435294117647059
 10
1.5263707571801566
 20
0.7212048934284047
 10
1.4851174934725848
 20
0.7276309635349227
 10
1.443864229765013
 20
0.7355668645793697
 10
1.4026109660574413
 20
0.7126541543008164
 10
1.4024641839643734
 20
0.7125490196078432
 10
1.3753699488640465
 20
0.6815686274509807
 10
1.396615084040283
 20
0.650588235294118
 10
1.4026109660574413
 20
0.6440242474143679
 10
1.443864229765013
 20
0.6300006037093869
 10
1.4851174934725848
 20
0.6221812018117331
 10
1.5263707571801566
 20
0.623458141554738
 10
1.5676240208877286
 20
0.6376658526314422
 10
1.6088772845953003
 20
0.6356029953573903
 10
1.6297152599555522
 20
0.6196078431372554
 10
1.650130548302872
 20
0.593715668742225
 10
1.6536937388468698
 20
0.5886274509803918
 10
1.650130548302872
 20
0.5724460713319487
 10
1.645833696718213
 20
0.5576470588235292
 10
1.649158513983347
 20
0.5266666666666666
 10
1.650130548302872
 20
0.5245066715634705
 10
1.6709455181119697
 20
0.49568627450980396
 10
1.682143002407419
 20
0.4647058823529413
 10
1.6913838120104439
 20
0.45893912102563195
 10
1.7326370757180158
 20
0.43883529867165283
 10
1.743575964567321
 20
0.43372549019607864
 10
1.7738903394255876
 20
0.4237452840157682
 10
1.8151436031331594
 20
0.4320298621923722
 10
1.8170161091900672
 20
0.43372549019607864
 10
1.8563968668407311
 20
0.4468974659205129
 10
1.8976501305483031
 20
0.45168448461445493
 10
1.9389033942558749
 20
0.4391105563211373
 10
1.9436716873009692
 20
0.43372549019607864
 10
1.9389033942558749
 20
0.4196473965181006
 10
1.93447447616827
 20
0.40274509803921604
 10
1.9389033942558749
 20
0.40005467402897843
 10
1.9801566579634464
 20
0.3991143507397718
 10
2.0172120068103605
 20
0.3717647058823534
 10
2.0214099216710184
 20
0.3674496814465903
 10
2.0626631853785904
 20
0.3586085338652172
 10
2.103916449086162
 20
0.35492823306984805
 10
2.145169712793734
 20
0.3592023395652114
 10
2.158512834544269
 20
0.3717647058823534
  0
LWPOLYLINE
  5
E1
330
17
100
AcDbEntity
  8
CONDUCTIVE_METASURFACE
100
AcDbPolyline
 90
217
 70
1
 10
3.2221263922096397
 20
0.3717647058823534
 10
3.2590078328981726
 20
0.39905586072526344
 10
3.300261096605744
 20
0.40009852422990005
 10
3.3045967267731937
 20
0.40274509803921604
 10
3.300261096605744
 20
0.4196112438594222
 10
3.295573616613666
 20
0.43372549019607864
 10
3.300261096605744
 20
0.43901665727164757
 10
3.341514360313316
 20
0.4516889789503348
 10
3.3827676240208877
 20
0.4469379457268641
 10
3.422355137984831
 20
0.43372549019607864
 10
3.4240208877284597
 20
0.43222824431756607
 10
3.4652741514360317
 20
0.4239439881963634
 10
3.4952188482390505
 20
0.43372549019607864
 10
3.506527415143603
 20
0.439025483832332
 10
3.547780678851175
 20
0.45928239663760523
 10
3.55644791658076
 20
0.4647058823529413
 10
3.567565940957422
 20
0.49568627450980396
 10
3.5890339425587467
 20
0.5253048367515472
 10
3.589650241589743
 20
0.5266666666666666
 10
3.5930669937570414
 20
0.5576470588235292
 10
3.5890339425587467
 20
0.571854307057162
 10
3.5854082153979516
 20
0.5886274509803918
 10
3.5890339425587467
 20
0.5938171886486345
 10
3.6091362021687248
 20
0.6196078431372554
 10
3.6302872062663187
 20
0.6359386991247717
 10
3.6715404699738903
 20
0.6381699854052869
 10
3.7127937336814623
 20
0.6244658872721094
 10
3.754046997389034
 20
0.6225702793829354
 10
3.7953002610966062
 20
0.6301068719348607
 10
3.8365535248041778
 20
0.6442170799923869
 10
3.842350200844108
 20
0.650588235294118
 10
3.863418032668076
 20
0.6815686274509807
 10
3.8365535248041778
 20
0.7123839571586877
 10
3.8363834041422877
 20
0.7125490196078432
 10
3.7953002610966062
 20
0.7354720146837858
 10
3.754046997389034
 20
0.7273571632707132
 10
3.7127937336814623
 20
0.720657225365562
 10
3.692405465656986
 20
0.7435294117647059
 10
3.7127937336814623
 20
0.7711676356508326
 10
3.754046997389034
 20
0.7706134510108155
 10
3.7580108709983655
 20
0.7745098039215685
 10
3.779495076815116
 20
0.8054901960784312
 10
3.7862336481871885
 20
0.8364705882352939
 10
3.7953002610966062
 20
0.8448662007977986
 10
3.8365535248041778
 20
0.8648836800630713
 10
3.8389083869121134
 20
0.8674509803921573
 10
3.8778067885117498
 20
0.8839354586638067
 10
3.9190600522193213
 20
0.8898974677643147
 10
3.960313315926893
 20
0.8930949687542001
 10
4.001566579634464
 20
0.8971383197233763
 10
4.011157687479259
 20
0.89843137254902
 10
4.042819843342037
 20
0.923241391783568
 10
4.044239353918524
 20
0.9294117647058826
 10
4.049429577284295
 20
0.9603921568627453
 10
4.053955126939573
 20
0.9913725490196079
 10
4.062073403663574
 20
1.0223529411764705
 10
4.084073107049608
 20
1.0514121320025303
 10
4.087822424021654
 20
1.0533333333333332
 10
4.114347373606717
 20
1.0843137254901958
 10
4.125326370757181
 20
1.0911005987414937
 10
4.166579634464752
 20
1.0963050115603974
 10
4.207832898172324
 20
1.1124756549446608
 10
4.212825424726046
 20
1.1152941176470592
 10
4.2120781230745035
 20
1.146274509803922
 10
4.249086161879896
 20
1.161497166910273
 10
4.278813376527446
 20
1.146274509803922
 10
4.270256467507127
 20
1.1152941176470592
 10
4.259689061446861
 20
1.0843137254901958
 10
4.290199438676358
 20
1.0533333333333332
 10
4.290339425587468
 20
1.0532231104152452
 10
4.331592689295039
 20
1.032875859182633
 10
4.372845953002611
 20
1.0488305109398515
 10
4.381586568717567
 20
1.0533333333333332
 10
4.400260309992746
 20
1.0843137254901958
 10
4.41067258718086
 20
1.1152941176470592
 10
4.408972255280009
 20
1.146274509803922
 10
4.390053320936385
 20
1.1772549019607845
 10
4.392800203486907
 20
1.2082352941176473
 10
4.414099216710183
 20
1.2238842022461687
 10
4.448576981729504
 20
1.2392156862745098
 10
4.455352480417755
 20
1.2418916031991645
 10
4.476899627425195
 20
1.2392156862745098
 10
4.496605744125326
 20
1.2359888408478608
 10
4.537859007832898
 20
1.2384857014313138
 10
4.540735263468608
 20
1.2392156862745098
 10
4.57911227154047
 20
1.2548473408288134
 10
4.620365535248042
 20
1.263256369039024
 10
4.6280445545601125
 20
1.2701960784313724
 10
4.654814684263574
 20
1.3011764705882352
 10
4.6616187989556135
 20
1.3093912999140858
 10
4.674908392528116
 20
1.3321568627450977
 10
4.6638766838205115
 20
1.3631372549019614
 10
4.6616187989556135
 20
1.3645434700381327
 10
4.64407911588933
 20
1.394117647058824
 10
4.637704768441426
 20
1.4250980392156865
 10
4.65444814200579
 20
1.4560784313725492
 10
4.6616187989556135
 20
1.4596593009989487
 10
4.680364860504462
 20
1.4560784313725492
 10
4.702872062663185
 20
1.4527523555658959
 10
4.706454655623597
 20
1.4560784313725492
 10
4.707706719770811
 20
1.4870588235294118
 10
4.7441253263707575
 20
1.5148866956057014
 10
4.749871119035009
 20
1.5180392156862745
 10
4.76164392719031
 20
1.549019607843137
 10
4.7665446207685225
 20
1.5799999999999996
 10
4.760853243798677
 20
1.6109803921568633
 10
4.7441253263707575
 20
1.6210008023363571
 10
4.702872062663185
 20
1.6253554292644865
 10
4.66660752515555
 20
1.6109803921568633
 10
4.6616187989556135
 20
1.6055068269965753
 10
4.632174933172073
 20
1.5799999999999996
 10
4.637959502599123
 20
1.549019607843137
 10
4.629893502044416
 20
1.5180392156862745
 10
4.620365535248042
 20
1.50360671230516
 10
4.57911227154047
 20
1.492243043994049
 10
4.559654501110186
 20
1.4870588235294118
 10
4.537859007832898
 20
1.4789607049854112
 10
4.496605744125326
 20
1.4742813672208055
 10
4.455352480417755
 20
1.4747803314977164
 10
4.415822475078226
 20
1.4870588235294118
 10
4.414099216710183
 20
1.4874803163016475
 10
4.372845953002611
 20
1.4933932983815785
 10
4.349981696990449
 20
1.4870588235294118
 10
4.331592689295039
 20
1.4706239327507198
 10
4.319485493324614
 20
1.4560784313725492
 10
4.307328394075535
 20
1.4250980392156865
 10
4.290339425587468
 20
1.412487867288063
 10
4.259294553240814
 20
1.4250980392156865
 10
4.249086161879896
 20
1.4298056785174074
 10
4.2406705900301445
 20
1.4250980392156865
 10
4.207832898172324
 20
1.403778761096641
 10
4.196448087242389
 20
1.394117647058824
 10
4.207832898172324
 20
1.3722521211045586
 10
4.211872561762353
 20
1.3631372549019614
 10
4.217048829314554
 20
1.3321568627450977
 10
4.2377231656084975
 20
1.3011764705882352
 10
4.249086161879896
 20
1.2772149818090988
 10
4.251589052116331
 20
1.2701960784313724
 10
4.258610614802234
 20
1.2392156862745098
 10
4.249086161879896
 20
1.2264960922116794
 10
4.207832898172324
 20
1.216879731853906
 10
4.166579634464752
 20
1.2306754299755807
 10
4.163301789593584
 20
1.2392156862745098
 10
4.14943474651658
 20
1.2701960784313724
 10
4.125326370757181
 20
1.2890086995664825
 10
4.084073107049608
 20
1.2836946770870143
 10
4.042819843342037
 20
1.2825377953350166
 10
4.001566579634464
 20
1.2816008038749034
 10
3.983050881724339
 20
1.2701960784313724
 10
3.96680948697532
 20
1.2392156862745098
 10
3.960313315926893
 20
1.2286186210876062
 10
3.9292834535249703
 20
1.2082352941176473
 10
3.9190600522193213
 20
1.1783890260987158
 10
3.918755449245532
 20
1.1772549019607845
 10
3.9066862210411704
 20
1.146274509803922
 10
3.8778067885117498
 20
1.1163262803231855
 10
3.8725911095434804
 20
1.1152941176470592
 10
3.8365535248041778
 20
1.105121650825254
 10
3.8223617680288755
 20
1.0843137254901958
 10
3.7953002610966062
 20
1.0638638607850672
 10
3.7680929574056354
 20
1.0533333333333332
 10
3.754046997389034
 20
1.0237307895580867
 10
3.753591603924665
 20
1.0223529411764705
 10
3.7127937336814623
 20
1.000311082809555
 10
3.6718400240096822
 20
0.9913725490196079
 10
3.6715404699738903
 20
0.9911227717137934
 10
3.6302872062663187
 20
0.9833671577737865
 10
3.603356434384793
 20
0.9603921568627453
 10
3.5890339425587467
 20
0.9554567542232554
 10
3.547780678851175
 20
0.9433634835726327
 10
3.532550970678317
 20
0.9294117647058826
 10
3.5313439477887023
 20
0.89843137254902
 10
3.529540791631624
 20
0.8674509803921573
 10
3.5221967561429475
 20
0.8364705882352939
 10
3.547780678851175
 20
0.8181671140629593
 10
3.5890339425587467
 20
0.8076242459474515
 10
3.5988272396490744
 20
0.8054901960784312
 10
3.6184817065427746
 20
0.7745098039215685
 10
3.6058084938111907
 20
0.7435294117647059
 10
3.5890339425587467
 20
0.736416387503178
 10
3.547780678851175
 20
0.7417238997809779
 10
3.538786324421868
 20
0.7435294117647059
 10
3.506527415143603
 20
0.7521388018787095
 10
3.4652741514360317
 20
0.767669164337181
 10
3.4240208877284597
 20
0.7714836386468129
 10
3.411919193799037
 20
0.7745098039215685
 10
3.3827676240208877
 20
0.7830767783702244
 10
3.3698883220598534
 20
0.7745098039215685
 10
3.341514360313316
 20
0.7499390258346272
 10
3.3351127035846124
 20
0.7435294117647059
 10
3.341514360313316
 20
0.7356878803348339
 10
3.35812690468214
 20
0.7125490196078432
 10
3.341514360313316
 20
0.699933097264577
 10
3.300261096605744
 20
0.6907866922835053
 10
3.2805663596690047
 20
0.6815686274509807
 10
3.2590078328981726
 20
0.6680765143536271
 10
3.2503720450787204
 20
0.650588235294118
 10
3.2579976698217927
 20
0.6196078431372554
 10
3.2590078328981726
 20
0.6172680728700694
 10
3.274841379192429
 20
0.5886274509803918
 10
3.2755131203821963
 20
0.5576470588235292
 10
3.269079687253402
 20
0.5266666666666666
 10
3.2590078328981726
 20
0.5112860232651316
 10
3.2517113690194206
 20
0.49568627450980396
 10
3.236213221259809
 20
0.4647058823529413
 10
3.2177545691906007
 20
0.45787143659367585
 10
3.176501305483029
 20
0.4519238374340579
 10
3.135248041775457
 20
0.4566050071363029
 10
3.1006038698220033
 20
0.43372549019607864
 10
3.0939947780678856
 20
0.4302866790023056
 10
3.074878445964092
 20
0.40274509803921604
 10
3.0806308579192336
 20
0.3717647058823534
 10
3.0939947780678856
 20
0.35905034036864336
 10
3.135248041775457
 20
0.35451873304622294
 10
3.176501305483029
 20
0.3583143832905582
 10
3.2177545691906007
 20
0.36723901081202165
 10
3.2221263922096397
 20
0.3717647058823534
  0
LWPOLYLINE
  5
E2
330
17
100
AcDbEntity
  8
CONDUCTIVE_METASURFACE
100
AcDbPolyline
 90
217
 70
1
 10
7.43893058911346
 20
0.3717647058823534
 10
7.444729160961366
 20
0.40274509803921604
 10
7.4255874673629245
 20
0.42997908428789183
 10
7.418298974295012
 20
0.43372549019607864
 10
7.384334203655353
 20
0.45583729333788947
 10
7.3430809399477805
 20
0.45149318754112944
 10
7.301827676240209
 20
0.45755063510531063
 10
7.282609636765311
 20
0.4647058823529413
 10
7.26747778864781
 20
0.49568627450980396
 10
7.2605744125326375
 20
0.510298884976524
 10
7.249791127743443
 20
0.5266666666666666
 10
7.243560100549237
 20
0.5576470588235292
 10
7.2442245090999595
 20
0.5886274509803918
 10
7.2605744125326375
 20
0.6183136255853631
 10
7.261135705467089
 20
0.6196078431372554
 10
7.269009376408405
 20
0.650588235294118
 10
7.2605744125326375
 20
0.6677588991576898
 10
7.238689908376975
 20
0.6815686274509807
 10
7.219321148825066
 20
0.6906609227519097
 10
7.1780678851174935
 20
0.6997906582241626
 10
7.161276308162473
 20
0.7125490196078432
 10
7.1780678851174935
 20
0.7358630770524697
 10
7.184336567657112
 20
0.7435294117647059
 10
7.1780678851174935
 20
0.749849372908097
 10
7.14967934795811
 20
0.7745098039215685
 10
7.136814621409922
 20
0.783059613004883
 10
7.107698513044504
 20
0.7745098039215685
 10
7.09556135770235
 20
0.7714761277199433
 10
7.054308093994779
 20
0.7675888028030138
 10
7.013054830287206
 20
0.7520628038927889
 10
6.981147900044961
 20
0.7435294117647059
 10
6.971801566579635
 20
0.741649785532469
 10
6.930548302872063
 20
0.7363767293440656
 10
6.913610987610787
 20
0.7435294117647059
 10
6.9008059124805445
 20
0.7745098039215685
 10
6.919176200856527
 20
0.8054901960784312
 10
6.930548302872063
 20
0.807951789240154
 10
6.971801566579635
 20
0.8183656857192657
 10
6.996852279046589
 20
0.8364705882352939
 10
6.9897761696627425
 20
0.8674509803921573
 10
6.98823568466831
 20
0.89843137254902
 10
6.986987994055243
 20
0.9294117647058826
 10
6.971801566579635
 20
0.9433166783433771
 10
6.930548302872063
 20
0.955513660635525
 10
6.916437358294786
 20
0.9603921568627453
 10
6.889295039164492
 20
0.9836949972440151
 10
6.849551896389538
 20
0.9913725490196079
 10
6.848041775456919
 20
0.991601288437275
 10
6.806788511749347
 20
1.0006650339598382
 10
6.7669096036951375
 20
1.0223529411764705
 10
6.765535248041775
 20
1.0262696127242856
 10
6.751989543281644
 20
1.0533333333333332
 10
6.724281984334204
 20
1.0639910419797298
 10
6.697051008309335
 20
1.0843137254901958
 10
6.683028720626632
 20
1.104745736884876
 10
6.643609685830603
 20
1.1152941176470592
 10
6.64177545691906
 20
1.1156360154668106
 10
6.612424611183227
 20
1.146274509803922
 10
6.600522193211488
 20
1.1770300075370121
 10
6.6001896933246496
 20
1.1772549019607845
 10
6.589862313584744
 20
1.2082352941176473
 10
6.559268929503917
 20
1.2284598443490362
 10
6.5526970214231
 20
1.2392156862745098
 10
6.536593722520025
 20
1.2701960784313724
 10
6.518015665796345
 20
1.281633329048997
 10
6.476762402088773
 20
1.2825397932390878
 10
6.435509138381201
 20
1.2838939454835592
 10
6.39425587467363
 20
1.289409166495443
 10
6.36988303955263
 20
1.2701960784313724
 10
6.355844220159108
 20
1.2392156862745098
 10
6.353002610966058
 20
1.2318612816676615
 10
6.311749347258486
 20
1.2171009900788774
 10
6.270496083550914
 20
1.2266183703203
 10
6.261024467082341
 20
1.2392156862745098
 10
6.268091933209452
 20
1.2701960784313724
 10
6.270496083550914
 20
1.2769504860970218
 10
6.281960376127888
 20
1.3011764705882352
 10
6.302640495213564
 20
1.3321568627450977
 10
6.307719770944258
 20
1.3631372549019614
 10
6.311749347258486
 20
1.3722252990435628
 10
6.32315711333524
 20
1.394117647058824
 10
6.311749347258486
 20
1.4037897922289266
 10
6.279031170142845
 20
1.4250980392156865
 10
6.270496083550914
 20
1.42990560659711
 10
6.260054250009123
 20
1.4250980392156865
 10
6.229242819843343
 20
1.4126223727384568
 10
6.2124435954639905
 20
1.4250980392156865
 10
6.200264276116797
 20
1.4560784313725492
 10
6.187989556135771
 20
1.4708687975596006
 10
6.170023564105864
 20
1.4870588235294118
 10
6.146736292428199
 20
1.4935441360824282
 10
6.105483028720626
 20
1.4878174434886917
 10
6.102367377576901
 20
1.4870588235294118
 10
6.064229765013055
 20
1.4751681460618065
 10
6.022976501305483
 20
1.4746636901430275
 10
5.981723237597912
 20
1.4794950853867797
 10
5.961242534159713
 20
1.4870588235294118
 10
5.940469973890339
 20
1.4925383315511054
 10
5.899216710182768
 20
1.5041771001833002
 10
5.890115988958328
 20
1.5180392156862745
 10
5.882196273518784
 20
1.549019607843137
 10
5.888429721783822
 20
1.5799999999999996
 10
5.857963446475196
 20
1.606017165072113
 10
5.853384410971952
 20
1.6109803921568633
 10
5.816710182767625
 20
1.6253363903048994
 10
5.775456919060052
 20
1.621016448488476
 10
5.758526549792148
 20
1.6109803921568633
 10
5.752492311755284
 20
1.5799999999999996
 10
5.7575465798506915
 20
1.549019607843137
 10
5.769430586893264
 20
1.5180392156862745
 10
5.775456919060052
 20
1.5147560856402085
 10
5.8117976567264105
 20
1.4870588235294118
 10
5.813186093824509
 20
1.4560784313725492
 10
5.816710182767625
 20
1.4528225221710604
 10
5.839168668972266
 20
1.4560784313725492
 10
5.857963446475196
 20
1.4595986864813955
 10
5.865009226085634
 20
1.4560784313725492
 10
5.881883548815685
 20
1.4250980392156865
 10
5.875557111334016
 20
1.394117647058824
 10
5.857963446475196
 20
1.3643881303800731
 10
5.855969833931915
 20
1.3631372549019614
 10
5.844938515252381
 20
1.3321568627450977
 10
5.857963446475196
 20
1.3096690661358255
 10
5.865020943926241
 20
1.3011764705882352
 10
5.891994909528718
 20
1.2701960784313724
 10
5.899216710182768
 20
1.2636872194401305
 10
5.940469973890339
 20
1.2553377343792207
 10
5.979909835251918
 20
1.2392156862745098
 10
5.981723237597912
 20
1.2387528576790432
 10
6.022976501305483
 20
1.236186932732608
 10
6.041894766586139
 20
1.2392156862745098
 10
6.064229765013055
 20
1.2419385483022987
 10
6.071140400662239
 20
1.2392156862745098
 10
6.105483028720626
 20
1.2241192626516544
 10
6.127229050724404
 20
1.2082352941176473
 10
6.130200200212567
 20
1.1772549019607845
 10
6.111951899648124
 20
1.146274509803922
 10
6.109427721198157
 20
1.1152941176470592
 10
6.1194634470667175
 20
1.0843137254901958
 10
6.138252445953581
 20
1.0533333333333332
 10
6.146736292428199
 20
1.048980111727959
 10
6.187989556135771
 20
1.033158602166495
 10
6.229023045471569
 20
1.0533333333333332
 10
6.229242819843343
 20
1.0534610781126943
 10
6.259766940151533
 20
1.0843137254901958
 10
6.2489612830143155
 20
1.1152941176470592
 10
6.240039678400473
 20
1.146274509803922
 10
6.270496083550914
 20
1.1615856454685771
 10
6.307298953309094
 20
1.146274509803922
 10
6.306560977713876
 20
1.1152941176470592
 10
6.311749347258486
 20
1.1123173279556267
 10
6.353002610966058
 20
1.0961830937688006
 10
6.39425587467363
 20
1.0911225786684484
 10
6.405435400858882
 20
1.0843137254901958
 10
6.432090553530633
 20
1.0533333333333332
 10
6.435509138381201
 20
1.0515648808889007
 10
6.457459707662134
 20
1.0223529411764705
 10
6.465398670269284
 20
0.9913725490196079
 10
6.469656435731373
 20
0.9603921568627453
 10
6.475040583753639
 20
0.9294117647058826
 10
6.476762402088773
 20
0.9222090486874538
 10
6.50979944952824
 20
0.89843137254902
 10
6.518015665796345
 20
0.8973653786752295
 10
6.559268929503917
 20
0.893467658944766
 10
6.600522193211488
 20
0.8900690887189247
 10
6.64177545691906
 20
0.883972380668978
 10
6.680470564213051
 20
0.8674509803921573
 10
6.683028720626632
 20
0.8646354217318155
 10
6.724281984334204
 20
0.8447155949100961
 10
6.733319303123126
 20
0.8364705882352939
 10
6.7402494789804654
 20
0.8054901960784312
 10
6.7617821644583165
 20
0.7745098039215685
 10
6.765535248041775
 20
0.7707604735098655
 10
6.806788511749347
 20
0.7713216993121709
 10
6.827058858990783
 20
0.7435294117647059
 10
6.806788511749347
 20
0.7212048934284047
 10
6.765535248041775
 20
0.7276309635349227
 10
6.724281984334204
 20
0.7355668645793697
 10
6.683028720626632
 20
0.7126541543008164
 10
6.682881938533565
 20
0.7125490196078432
 10
6.655787703433236
 20
0.6815686274509807
 10
6.677032838609474
 20
0.650588235294118
 10
6.683028720626632
 20
0.6440242474143679
 10
6.724281984334204
 20
0.6300006037093869
 10
6.765535248041775
 20
0.6221812018117331
 10
6.806788511749347
 20
0.623458141554738
 10
6.848041775456919
 20
0.6376658526314422
 10
6.889295039164492
 20
0.6356029953573903
 10
6.910133014524743
 20
0.6196078431372554
 10
6.930548302872063
 20
0.593715668742225
 10
6.934111493416061
 20
0.5886274509803918
 10
6.930548302872063
 20
0.5724460713319487
 10
6.926251451287404
 20
0.5576470588235292
 10
6.929576268552538
 20
0.5266666666666666
 10
6.930548302872063
 20
0.5245066715634705
 10
6.95136327268116
 20
0.49568627450980396
 10
6.96256075697661
 20
0.4647058823529413
 10
6.971801566579635
 20
0.45893912102563195
 10
7.013054830287206
 20
0.43883529867165283
 10
7.023993719136512
 20
0.43372549019607864
 10
7.054308093994779
 20
0.4237452840157682
 10
7.09556135770235
 20
0.4320298621923722
 10
7.097433863759258
 20
0.43372549019607864
 10
7.136814621409922
 20
0.4468974659205129
 10
7.1780678851174935
 20
0.45168448461445493
 10
7.219321148825066
 20
0.4391105563211373
 10
7.22408944187016
 20
0.43372549019607864
 10
7.219321148825066
 20
0.4196473965181006
 10
7.214892230737462
 20
0.40274509803921604
 10
7.219321148825066
 20
0.40005467402897843
 10
7.2605744125326375
 20
0.3991143507397718
 10
7.297629761379551
 20
0.3717647058823534
 10
7.301827676240209
 20
0.3674496814465903
 10
7.3430809399477805
 20
0.3586085338652172
 10
7.384334203655353
 20
0.35492823306984805
 10
7.4255874673629245
 20
0.3592023395652114
 10
7.43893058911346
 20
0.3717647058823534
  0
LWPOLYLINE
  5
E3
330
17
100
AcDbEntity
  8
CONDUCTIVE_METASURFACE
100
AcDbPolyline
 90
217
 70
1
 10
8.502544146778831
 20
0.3717647058823534
 10
8.539425587467363
 20
0.39905586072526344
 10
8.580678851174936
 20
0.40009852422990005
 10
8.585014481342386
 20
0.40274509803921604
 10
8.580678851174936
 20
0.4196112438594222
 10
8.575991371182855
 20
0.43372549019607864
 10
8.580678851174936
 20
0.43901665727164757
 10
8.621932114882506
 20
0.4516889789503348
 10
8.663185378590079
 20
0.4469379457268641
 10
8.702772892554023
 20
0.43372549019607864
 10
8.70443864229765
 20
0.43222824431756607
 10
8.745691906005222
 20
0.4239439881963634
 10
8.775636602808241
 20
0.43372549019607864
 10
8.786945169712794
 20
0.439025483832332
 10
8.828198433420367
 20
0.45928239663760523
 10
8.836865671149951
 20
0.4647058823529413
 10
8.847983695526612
 20
0.49568627450980396
 10
8.869451697127937
 20
0.5253048367515472
 10
8.870067996158934
 20
0.5266666666666666
 10
8.87348474832623
 20
0.5576470588235292
 10
8.869451697127937
 20
0.571854307057162
 10
8.865825969967142
 20
0.5886274509803918
 10
8.869451697127937
 20
0.5938171886486345
 10
8.889553956737917
 20
0.6196078431372554
 10
8.91070496083551
 20
0.6359386991247717
 10
8.951958224543082
 20
0.6381699854052869
 10
8.993211488250653
 20
0.6244658872721094
 10
9.034464751958225
 20
0.6225702793829354
 10
9.075718015665796
 20
0.6301068719348607
 10
9.116971279373368
 20
0.6442170799923869
 10
9.1227679554133
 20
0.650588235294118
 10
9.143835787237267
 20
0.6815686274509807
 10
9.116971279373368
 20
0.7123839571586877
 10
9.116801158711478
 20
0.7125490196078432
 10
9.075718015665796
 20
0.7354720146837858
 10
9.034464751958225
 20
0.7273571632707132
 10
8.993211488250653
 20
0.720657225365562
 10
8.972823220226177
 20
0.7435294117647059
 10
8.993211488250653
 20
0.7711676356508326
 10
9.034464751958225
 20
0.7706134510108155
 10
9.038428625567557
 20
0.7745098039215685
 10
9.059912831384306
 20
0.8054901960784312
 10
9.06665140275638
 20
0.8364705882352939
 10
9.075718015665796
 20
0.8448662007977986
 10
9.116971279373368
 20
0.8648836800630713
 10
9.119326141481304
 20
0.8674509803921573
 10
9.15822454308094
 20
0.8839354586638067
 10
9.199477806788513
 20
0.8898974677643147
 10
9.240731070496084
 20
0.8930949687542001
 10
9.281984334203656
 20
0.8971383197233763
 10
9.291575442048451
 20
0.89843137254902
 10
9.323237597911227
 20
0.923241391783568
 10
9.324657108487715
 20
0.9294117647058826
 10
9.329847331853486
 20
0.9603921568627453
 10
9.334372881508765
 20
0.9913725490196079
 10
9.342491158232765
 20
1.0223529411764705
 10
9.3644908616188
 20
1.0514121320025303
 10
9.368240178590844
 20
1.0533333333333332
 10
9.394765128175907
 20
1.0843137254901958
 10
9.40574412532637
 20
1.0911005987414937
 10
9.446997389033942
 20
1.0963050115603974
 10
9.488250652741515
 20
1.1124756549446608
 10
9.493243179295236
 20
1.1152941176470592
 10
9.492495877643695
 20
1.146274509803922
 10
9.529503916449087
 20
1.161497166910273
 10
9.559231131096638
 20
1.146274509803922
 10
9.550674222076317
 20
1.1152941176470592
 10
9.540106816016053
 20
1.0843137254901958
 10
9.570617193245548
 20
1.0533333333333332
 10
9.570757180156658
 20
1.0532231104152452
 10
9.61201044386423
 20
1.032875859182633
 10
9.653263707571803
 20
1.0488305109398515
 10
9.662004323286759
 20
1.0533333333333332
 10
9.680678064561938
 20
1.0843137254901958
 10
9.691090341750051
 20
1.1152941176470592
 10
9.689390009849198
 20
1.146274509803922
 10
9.670471075505578
 20
1.1772549019607845
 10
9.673217958056098
 20
1.2082352941176473
 10
9.694516971279374
 20
1.2238842022461687
 10
9.728994736298695
 20
1.2392156862745098
 10
9.735770234986946
 20
1.2418916031991645
 10
9.757317381994387
 20
1.2392156862745098
 10
9.777023498694517
 20
1.2359888408478608
 10
9.818276762402089
 20
1.2384857014313138
 10
9.8211530180378
 20
1.2392156862745098
 10
9.859530026109661
 20
1.2548473408288134
 10
9.900783289817234
 20
1.263256369039024
 10
9.908462309129304
 20
1.2701960784313724
 10
9.935232438832765
 20
1.3011764705882352
 10
9.942036553524805
 20
1.3093912999140858
 10
9.955326147097308
 20
1.3321568627450977
 10
9.944294438389704
 20
1.3631372549019614
 10
9.942036553524805
 20
1.3645434700381327
 10
9.92449687045852
 20
1.394117647058824
 10
9.918122523010618
 20
1.4250980392156865
 10
9.934865896574982
 20
1.4560784313725492
 10
9.942036553524805
 20
1.4596593009989487
 10
9.960782615073652
 20
1.4560784313725492
 10
9.983289817232377
 20
1.4527523555658959
 10
9.98687241019279
 20
1.4560784313725492
 10
9.988124474340001
 20
1.4870588235294118
 10
10.024543080939948
 20
1.5148866956057014
 10
10.0302888736042
 20
1.5180392156862745
 10
10.042061681759503
 20
1.549019607843137
 10
10.046962375337714
 20
1.5799999999999996
 10
10.04127099836787
 20
1.6109803921568633
 10
10.024543080939948
 20
1.6210008023363571
 10
9.983289817232377
 20
1.6253554292644865
 10
9.947025279724743
 20
1.6109803921568633
 10
9.942036553524805
 20
1.6055068269965753
 10
9.912592687741263
 20
1.5799999999999996
 10
9.918377257168313
 20
1.549019607843137
 10
9.910311256613607
 20
1.5180392156862745
 10
9.900783289817234
 20
1.50360671230516
 10
9.859530026109661
 20
1.492243043994049
 10
9.840072255679377
 20
1.4870588235294118
 10
9.818276762402089
 20
1.4789607049854112
 10
9.777023498694517
 20
1.4742813672208055
 10
9.735770234986946
 20
1.4747803314977164
 10
9.696240229647417
 20
1.4870588235294118
 10
9.694516971279374
 20
1.4874803163016475
 10
9.653263707571803
 20
1.4933932983815785
 10
9.630399451559638
 20
1.4870588235294118
 10
9.61201044386423
 20
1.4706239327507198
 10
9.599903247893804
 20
1.4560784313725492
 10
9.587746148644726
 20
1.4250980392156865
 10
9.570757180156658
 20
1.412487867288063
 10
9.539712307810005
 20
1.4250980392156865
 10
9.529503916449087
 20
1.4298056785174074
 10
9.521088344599335
 20
1.4250980392156865
 10
9.488250652741515
 20
1.403778761096641
 10
9.476865841811579
 20
1.394117647058824
 10
9.488250652741515
 20
1.3722521211045586
 10
9.492290316331545
 20
1.3631372549019614
 10
9.497466583883746
 20
1.3321568627450977
 10
9.518140920177688
 20
1.3011764705882352
 10
9.529503916449087
 20
1.2772149818090988
 10
9.532006806685521
 20
1.2701960784313724
 10
9.539028369371426
 20
1.2392156862745098
 10
9.529503916449087
 20
1.2264960922116794
 10
9.488250652741515
 20
1.216879731853906
 10
9.446997389033942
 20
1.2306754299755807
 10
9.443719544162775
 20
1.2392156862745098
 10
9.429852501085772
 20
1.2701960784313724
 10
9.40574412532637
 20
1.2890086995664825
 10
9.3644908616188
 20
1.2836946770870143
 10
9.323237597911227
 20
1.2825377953350166
 10
9.281984334203656
 20
1.2816008038749034
 10
9.26346863629353
 20
1.2701960784313724
 10
9.247227241544511
 20
1.2392156862745098
 10
9.240731070496084
 20
1.2286186210876062
 10
9.209701208094161
 20
1.2082352941176473
 10
9.199477806788513
 20
1.1783890260987158
 10
9.199173203814723
 20
1.1772549019607845
 10
9.187103975610361
 20
1.146274509803922
 10
9.15822454308094
 20
1.1163262803231855
 10
9.153008864112673
 20
1.1152941176470592
 10
9.116971279373368
 20
1.105121650825254
 10
9.102779522598064
 20
1.0843137254901958
 10
9.075718015665796
 20
1.0638638607850672
 10
9.048510711974826
 20
1.0533333333333332
 10
9.034464751958225
 20
1.0237307895580867
 10
9.034009358493856
 20
1.0223529411764705
 10
8.993211488250653
 20
1.000311082809555
 10
8.952257778578874
 20
0.9913725490196079
 10
8.951958224543082
 20
0.9911227717137934
 10
8.91070496083551
 20
0.9833671577737865
 10
8.883774188953982
 20
0.9603921568627453
 10
8.869451697127937
 20
0.9554567542232554
 10
8.828198433420367
 20
0.9433634835726327
 10
8.81296872524751
 20
0.9294117647058826
 10
8.811761702357893
 20
0.89843137254902
 10
8.809958546200814
 20
0.8674509803921573
 10
8.802614510712138
 20
0.8364705882352939
 10
8.828198433420367
 20
0.8181671140629593
 10
8.869451697127937
 20
0.8076242459474515
 10
8.879244994218265
 20
0.8054901960784312
 10
8.898899461111965
 20
0.7745098039215685
 10
8.886226248380382
 20
0.7435294117647059
 10
8.869451697127937
 20
0.736416387503178
 10
8.828198433420367
 20
0.7417238997809779
 10
8.819204078991058
 20
0.7435294117647059
 10
8.786945169712794
 20
0.7521388018787095
 10
8.745691906005222
 20
0.767669164337181
 10
8.70443864229765
 20
0.7714836386468129
 10
8.692336948368228
 20
0.7745098039215685
 10
8.663185378590079
 20
0.7830767783702244
 10
8.650306076629045
 20
0.7745098039215685
 10
8.621932114882506
 20
0.7499390258346272
 10
8.615530458153804
 20
0.7435294117647059
 10
8.621932114882506
 20
0.7356878803348339
 10
8.63854465925133
 20
0.7125490196078432
 10
8.621932114882506
 20
0.699933097264577
 10
8.580678851174936
 20
0.6907866922835053
 10
8.560984114238195
 20
0.6815686274509807
 10
8.539425587467363
 20
0.6680765143536271
 10
8.530789799647911
 20
0.650588235294118
 10
8.538415424390985
 20
0.6196078431372554
 10
8.539425587467363
 20
0.6172680728700694
 10
8.55525913376162
 20
0.5886274509803918
 10
8.555930874951388
 20
0.5576470588235292
 10
8.549497441822593
 20
0.5266666666666666
 10
8.539425587467363
 20
0.5112860232651316
 10
8.532129123588613
 20
0.49568627450980396
 10
8.516630975828999
 20
0.4647058823529413
 10
8.498172323759793
 20
0.45787143659367585
 10
8.45691906005222
 20
0.4519238374340579
 10
8.415665796344648
 20
0.4566050071363029
 10
8.381021624391193
 20
0.43372549019607864
 10
8.374412532637075
 20
0.4302866790023056
 10
8.355296200533282
 20
0.40274509803921604
 10
8.361048612488425
 20
0.3717647058823534
 10
8.374412532637075
 20
0.35905034036864336
 10
8.415665796344648
 20
0.35451873304622294
 10
8.45691906005222
 20
0.3583143832905582
 10
8.498172323759793
 20
0.36723901081202165
 10
8.502544146778831
 20
0.3717647058823534
  0
LWPOLYLINE
  5
E4
330
17
100
AcDbEntity
  8
CONDUCTIVE_METASURFACE
100
AcDbPolyline
 90
217
 70
1
 10
12.71934834368265
 20
0.3717647058823534
 10
12.725146915530557
 20
0.40274509803921604
 10
12.706005221932116
 20
0.42997908428789183
 10
12.698716728864204
 20
0.43372549019607864
 10
12.664751958224544
 20
0.45583729333788947
 10
12.623498694516972
 20
0.45149318754112944
 10
12.5822454308094
 20
0.45755063510531063
 10
12.563027391334503
 20
0.4647058823529413
 10
12.547895543217
 20
0.49568627450980396
 10
12.540992167101829
 20
0.510298884976524
 10
12.530208882312632
 20
0.5266666666666666
 10
12.523977855118426
 20
0.5576470588235292
 10
12.524642263669152
 20
0.5886274509803918
 10
12.540992167101829
 20
0.6183136255853631
 10
12.54155346003628
 20
0.6196078431372554
 10
12.549427130977595
 20
0.650588235294118
 10
12.540992167101829
 20
0.6677588991576898
 10
12.519107662946167
 20
0.6815686274509807
 10
12.499738903394256
 20
0.6906609227519097
 10
12.458485639686685
 20
0.6997906582241626
 10
12.441694062731663
 20
0.7125490196078432
 10
12.458485639686685
 20
0.7358630770524697
 10
12.464754322226302
 20
0.7435294117647059
 10
12.458485639686685
 20
0.749849372908097
 10
12.4300971025273
 20
0.7745098039215685
 10
12.417232375979113
 20
0.783059613004883
 10
12.388116267613693
 20
0.7745098039215685
 10
12.375979112271542
 20
0.7714761277199433
 10
12.33472584856397
 20
0.7675888028030138
 10
12.293472584856397
 20
0.7520628038927889
 10
12.261565654614154
 20
0.7435294117647059
 10
12.252219321148825
 20
0.741649785532469
 10
12.210966057441253
 20
0.7363767293440656
 10
12.194028742179977
 20
0.7435294117647059
 10
12.181223667049734
 20
0.7745098039215685
 10
12.199593955425716
 20
0.8054901960784312
 10
12.210966057441253
 20
0.807951789240154
 10
12.252219321148825
 20
0.8183656857192657
 10
12.277270033615778
 20
0.8364705882352939
 10
12.270193924231933
 20
0.8674509803921573
 10
12.268653439237502
 20
0.89843137254902
 10
12.267405748624434
 20
0.9294117647058826
 10
12.252219321148825
 20
0.9433166783433771
 10
12.210966057441253
 20
0.955513660635525
 10
12.196855112863975
 20
0.9603921568627453
 10
12.169712793733682
 20
0.9836949972440151
 10
12.129969650958728
 20
0.9913725490196079
 10
12.12845953002611
 20
0.991601288437275
 10
12.087206266318539
 20
1.0006650339598382
 10
12.047327358264328
 20
1.0223529411764705
 10
12.045953002610966
 20
1.0262696127242856
 10
12.032407297850837
 20
1.0533333333333332
 10
12.004699738903396
 20
1.0639910419797298
 10
11.977468762878527
 20
1.0843137254901958
 10
11.963446475195823
 20
1.104745736884876
 10
11.924027440399794
 20
1.1152941176470592
 10
11.922193211488251
 20
1.1156360154668106
 10
11.892842365752418
 20
1.146274509803922
 10
11.880939947780679
 20
1.1770300075370121
 10
11.88060744789384
 20
1.1772549019607845
 10
11.870280068153935
 20
1.2082352941176473
 10
11.839686684073108
 20
1.2284598443490362
 10
11.833114775992291
 20
1.2392156862745098
 10
11.817011477089217
 20
1.2701960784313724
 10
11.798433420365535
 20
1.281633329048997
 10
11.757180156657965
 20
1.2825397932390878
 10
11.715926892950392
 20
1.2838939454835592
 10
11.67467362924282
 20
1.289409166495443
 10
11.650300794121822
 20
1.2701960784313724
 10
11.6362619747283
 20
1.2392156862745098
 10
11.63342036553525
 20
1.2318612816676615
 10
11.592167101827677
 20
1.2171009900788774
 10
11.550913838120104
 20
1.2266183703203
 10
11.54144222165153
 20
1.2392156862745098
 10
11.548509687778642
 20
1.2701960784313724
 10
11.550913838120104
 20
1.2769504860970218
 10
11.56237813069708
 20
1.3011764705882352
 10
11.583058249782754
 20
1.3321568627450977
 10
11.588137525513451
 20
1.3631372549019614
 10
11.592167101827677
 20
1.3722252990435628
 10
11.60357486790443
 20
1.394117647058824
 10
11.592167101827677
 20
1.4037897922289266
 10
11.559448924712035
 20
1.4250980392156865
 10
11.550913838120104
 20
1.42990560659711
 10
11.540472004578314
 20
1.4250980392156865
 10
11.509660574412532
 20
1.4126223727384568
 10
11.492861350033182
 20
1.4250980392156865
 10
11.480682030685989
 20
1.4560784313725492
 10
11.468407310704961
 20
1.4708687975596006
 10
11.450441318675054
 20
1.4870588235294118
 10
11.427154046997389
 20
1.4935441360824282
 10
11.385900783289818
 20
1.4878174434886917
 10
11.382785132146092
 20
1.4870588235294118
 10
11.344647519582246
 20
1.4751681460618065
 10
11.303394255874675
 20
1.4746636901430275
 10
11.262140992167103
 20
1.4794950853867797
 10
11.241660288728903
 20
1.4870588235294118
 10
11.22088772845953
 20
1.4925383315511054
 10
11.179634464751958
 20
1.5041771001833002
 10
11.17053374352752
 20
1.5180392156862745
 10
11.162614028087974
 20
1.549019607843137
 10
11.168847476353013
 20
1.5799999999999996
 10
11.138381201044387
 20
1.606017165072113
 10
11.133802165541141
 20
1.6109803921568633
 10
11.097127937336815
 20
1.6253363903048994
 10
11.055874673629244
 20
1.621016448488476
 10
11.038944304361337
 20
1.6109803921568633
 10
11.032910066324476
 20
1.5799999999999996
 10
11.03796433441988
 20
1.549019607843137
 10
11.049848341462457
 20
1.5180392156862745
 10
11.055874673629244
 20
1.5147560856402085
 10
11.092215411295602
 20
1.4870588235294118
 10
11.0936038483937
 20
1.4560784313725492
 10
11.097127937336815
 20
1.4528225221710604
 10
11.11958642354146
 20
1.4560784313725492
 10
11.138381201044387
 20
1.4595986864813955
 10
11.145426980654825
 20
1.4560784313725492
 10
11.162301303384874
 20
1.4250980392156865
 10
11.155974865903206
 20
1.394117647058824
 10
11.138381201044387
 20
1.3643881303800731
 10
11.136387588501107
 20
1.3631372549019614
 10
11.125356269821573
 20
1.3321568627450977
 10
11.138381201044387
 20
1.3096690661358255
 10
11.14543869849543
 20
1.3011764705882352
 10
11.172412664097907
 20
1.2701960784313724
 10
11.179634464751958
 20
1.2636872194401305
 10
11.22088772845953
 20
1.2553377343792207
 10
11.26032758982111
 20
1.2392156862745098
 10
11.262140992167103
 20
1.2387528576790432
 10
11.303394255874675
 20
1.236186932732608
 10
11.322312521155329
 20
1.2392156862745098
 10
11.344647519582246
 20
1.2419385483022987
 10
11.351558155231428
 20
1.2392156862745098
 10
11.385900783289818
 20
1.2241192626516544
 10
11.407646805293593
 20
1.2082352941176473
 10
11.410617954781758
 20
1.1772549019607845
 10
11.392369654217315
 20
1.146274509803922
 10
11.389845475767347
 20
1.1152941176470592
 10
11.39988120163591
 20
1.0843137254901958
 10
11.418670200522772
 20
1.0533333333333332
 10
11.427154046997389
 20
1.048980111727959
 10
11.468407310704961
 20
1.033158602166495
 10
11.509440800040759
 20
1.0533333333333332
 10
11.509660574412532
 20
1.0534610781126943
 10
11.540184694720724
 20
1.0843137254901958
 10
11.529379037583507
 20
1.1152941176470592
 10
11.520457432969664
 20
1.146274509803922
 10
11.550913838120104
 20
1.1615856454685771
 10
11.587716707878286
 20
1.146274509803922
 10
11.586978732283068
 20
1.1152941176470592
 10
11.592167101827677
 20
1.1123173279556267
 10
11.63342036553525
 20
1.0961830937688006
 10
11.67467362924282
 20
1.0911225786684484
 10
11.685853155428072
 20
1.0843137254901958
 10
11.712508308099824
 20
1.0533333333333332
 10
11.715926892950392
 20
1.0515648808889007
 10
11.737877462231326
 20
1.0223529411764705
 10
11.745816424838473
 20
0.9913725490196079
 10
11.750074190300564
 20
0.9603921568627453
 10
11.75545833832283
 20
0.9294117647058826
 10
11.757180156657965
 20
0.9222090486874538
 10
11.79021720409743
 20
0.89843137254902
 10
11.798433420365535
 20
0.8973653786752295
 10
11.839686684073108
 20
0.893467658944766
 10
11.880939947780679
 20
0.8900690887189247
 10
11.922193211488251
 20
0.883972380668978
 10
11.960888318782242
 20
0.8674509803921573
 10
11.963446475195823
 20
0.8646354217318155
 10
12.004699738903396
 20
0.8447155949100961
 10
12.013737057692317
 20
0.8364705882352939
 10
12.02066723354966
 20
0.8054901960784312
 10
12.042199919027508
 20
0.7745098039215685
 10
12.045953002610966
 20
0.7707604735098655
 10
12.087206266318539
 20
0.7713216993121709
 10
12.107476613559973
 20
0.7435294117647059
 10
12.087206266318539
 20
0.7212048934284047
 10
12.045953002610966
 20
0.7276309635349227
 10
12.004699738903396
 20
0.7355668645793697
 10
11.963446475195823
 20
0.7126541543008164
 10
11.963299693102757
 20
0.7125490196078432
 10
11.936205458002428
 20
0.6815686274509807
 10
11.957450593178665
 20
0.650588235294118
 10
11.963446475195823
 20
0.6440242474143679
 10
12.004699738903396
 20
0.6300006037093869
 10
12.045953002610966
 20
0.6221812018117331
 10
12.087206266318539
 20
0.623458141554738
 10
12.12845953002611
 20
0.6376658526314422
 10
12.169712793733682
 20
0.6356029953573903
 10
12.190550769093933
 20
0.6196078431372554
 10
12.210966057441253
 20
0.593715668742225
 10
12.214529247985253
 20
0.5886274509803918
 10
12.210966057441253
 20
0.5724460713319487
 10
12.206669205856594
 20
0.5576470588235292
 10
12.209994023121727
 20
0.5266666666666666
 10
12.210966057441253
 20
0.5245066715634705
 10
12.231781027250353
 20
0.49568627450980396
 10
12.242978511545802
 20
0.4647058823529413
 10
12.252219321148825
 20
0.45893912102563195
 10
12.293472584856397
 20
0.43883529867165283
 10
12.3044114737057
 20
0.43372549019607864
 10
12.33472584856397
 20
0.4237452840157682
 10
12.375979112271542
 20
0.4320298621923722
 10
12.377851618328448
 20
0.43372549019607864
 10
12.417232375979113
 20
0.4468974659205129
 10
12.458485639686685
 20
0.45168448461445493
 10
12.499738903394256
 20
0.4391105563211373
 10
12.504507196439349
 20
0.43372549019607864
 10
12.499738903394256
 20
0.4196473965181006
 10
12.495309985306651
 20
0.40274509803921604
 10
12.499738903394256
 20
0.40005467402897843
 10
12.540992167101829
 20
0.3991143507397718
 10
12.578047515948743
 20
0.3717647058823534
 10
12.5822454308094
 20
0.3674496814465903
 10
12.623498694516972
 20
0.3586085338652172
 10
12.664751958224544
 20
0.35492823306984805
 10
12.706005221932116
 20
0.3592023395652114
 10
12.71934834368265
 20
0.3717647058823534
  0
LWPOLYLINE
  5
E5
330
17
100
AcDbEntity
  8
CONDUCTIVE_METASURFACE
100
AcDbPolyline
 90
217
 70
1
 10
13.78296190134802
 20
0.3717647058823534
 10
13.819843342036554
 20
0.39905586072526344
 10
13.861096605744127
 20
0.40009852422990005
 10
13.865432235911577
 20
0.40274509803921604
 10
13.861096605744127
 20
0.4196112438594222
 10
13.856409125752046
 20
0.43372549019607864
 10
13.861096605744127
 20
0.43901665727164757
 10
13.902349869451697
 20
0.4516889789503348
 10
13.94360313315927
 20
0.4469379457268641
 10
13.983190647123214
 20
0.43372549019607864
 10
13.98485639686684
 20
0.43222824431756607
 10
14.026109660574413
 20
0.4239439881963634
 10
14.05605435737743
 20
0.43372549019607864
 10
14.067362924281985
 20
0.439025483832332
 10
14.108616187989558
 20
0.45928239663760523
 10
14.11728342571914
 20
0.4647058823529413
 10
14.128401450095803
 20
0.49568627450980396
 10
14.149869451697128
 20
0.5253048367515472
 10
14.150485750728125
 20
0.5266666666666666
 10
14.153902502895422
 20
0.5576470588235292
 10
14.149869451697128
 20
0.571854307057162
 10
14.146243724536331
 20
0.5886274509803918
 10
14.149869451697128
 20
0.5938171886486345
 10
14.169971711307108
 20
0.6196078431372554
 10
14.1911227154047
 20
0.6359386991247717
 10
14.232375979112271
 20
0.6381699854052869
 10
14.273629242819844
 20
0.6244658872721094
 10
14.314882506527415
 20
0.6225702793829354
 10
14.356135770234987
 20
0.6301068719348607
 10
14.39738903394256
 20
0.6442170799923869
 10
14.403185709982491
 20
0.650588235294118
 10
14.42425354180646
 20
0.6815686274509807
 10
14.39738903394256
 20
0.7123839571586877
 10
14.397218913280671
 20
0.7125490196078432
 10
14.356135770234987
 20
0.7354720146837858
 10
14.314882506527415
 20
0.7273571632707132
 10
14.273629242819844
 20
0.720657225365562
 10
14.253240974795368
 20
0.7435294117647059
 10
14.273629242819844
 20
0.7711676356508326
 10
14.314882506527415
 20
0.7706134510108155
 10
14.318846380136748
 20
0.7745098039215685
 10
14.340330585953499
 20
0.8054901960784312
 10
14.34706915732557
 20
0.8364705882352939
 10
14.356135770234987
 20
0.8448662007977986
 10
14.39738903394256
 20
0.8648836800630713
 10
14.399743896050495
 20
0.8674509803921573
 10
14.438642297650132
 20
0.8839354586638067
 10
14.479895561357704
 20
0.8898974677643147
 10
14.521148825065275
 20
0.8930949687542001
 10
14.562402088772847
 20
0.8971383197233763
 10
14.571993196617642
 20
0.89843137254902
 10
14.603655352480418
 20
0.923241391783568
 10
14.605074863056906
 20
0.9294117647058826
 10
14.610265086422675
 20
0.9603921568627453
 10
14.614790636077956
 20
0.9913725490196079
 10
14.622908912801957
 20
1.0223529411764705
 10
14.64490861618799
 20
1.0514121320025303
 10
14.648657933160036
 20
1.0533333333333332
 10
14.6751828827451
 20
1.0843137254901958
 10
14.686161879895561
 20
1.0911005987414937
 10
14.727415143603134
 20
1.0963050115603974
 10
14.768668407310706
 20
1.1124756549446608
 10
14.773660933864429
 20
1.1152941176470592
 10
14.772913632212886
 20
1.146274509803922
 10
14.809921671018278
 20
1.161497166910273
 10
14.839648885665829
 20
1.146274509803922
 10
14.831091976645508
 20
1.1152941176470592
 10
14.820524570585242
 20
1.0843137254901958
 10
14.851034947814739
 20
1.0533333333333332
 10
14.851174934725849
 20
1.0532231104152452
 10
14.892428198433421
 20
1.032875859182633
 10
14.933681462140992
 20
1.0488305109398515
 10
14.942422077855948
 20
1.0533333333333332
 10
14.96109581913113
 20
1.0843137254901958
 10
14.97150809631924
 20
1.1152941176470592
 10
14.96980776441839
 20
1.146274509803922
 10
14.950888830074767
 20
1.1772549019607845
 10
14.953635712625289
 20
1.2082352941176473
 10
14.974934725848565
 20
1.2238842022461687
 10
15.009412490867884
 20
1.2392156862745098
 10
15.016187989556135
 20
1.2418916031991645
 10
15.037735136563576
 20
1.2392156862745098
 10
15.057441253263708
 20
1.2359888408478608
 10
15.09869451697128
 20
1.2384857014313138
 10
15.10157077260699
 20
1.2392156862745098
 10
15.139947780678852
 20
1.2548473408288134
 10
15.181201044386425
 20
1.263256369039024
 10
15.188880063698495
 20
1.2701960784313724
 10
15.215650193401956
 20
1.3011764705882352
 10
15.222454308093996
 20
1.3093912999140858
 10
15.235743901666497
 20
1.3321568627450977
 10
15.224712192958894
 20
1.3631372549019614
 10
15.222454308093996
 20
1.3645434700381327
 10
15.20491462502771
 20
1.394117647058824
 10
15.19854027757981
 20
1.4250980392156865
 10
15.215283651144171
 20
1.4560784313725492
 10
15.222454308093996
 20
1.4596593009989487
 10
15.241200369642844
 20
1.4560784313725492
 10
15.263707571801568
 20
1.4527523555658959
 10
15.26729016476198
 20
1.4560784313725492
 10
15.268542228909194
 20
1.4870588235294118
 10
15.304960835509139
 20
1.5148866956057014
 10
15.310706628173389
 20
1.5180392156862745
 10
15.322479436328692
 20
1.549019607843137
 10
15.327380129906905
 20
1.5799999999999996
 10
15.321688752937057
 20
1.6109803921568633
 10
15.304960835509139
 20
1.6210008023363571
 10
15.263707571801568
 20
1.6253554292644865
 10
15.227443034293932
 20
1.6109803921568633
 10
15.222454308093996
 20
1.6055068269965753
 10
15.193010442310456
 20
1.5799999999999996
 10
15.198795011737506
 20
1.549019607843137
 10
15.190729011182798
 20
1.5180392156862745
 10
15.181201044386425
 20
1.50360671230516
 10
15.139947780678852
 20
1.492243043994049
 10
15.120490010248568
 20
1.4870588235294118
 10
15.09869451697128
 20
1.4789607049854112
 10
15.057441253263708
 20
1.4742813672208055
 10
15.016187989556135
 20
1.4747803314977164
 10
14.976657984216608
 20
1.4870588235294118
 10
14.974934725848565
 20
1.4874803163016475
 10
14.933681462140992
 20
1.4933932983815785
 10
14.910817206128831
 20
1.4870588235294118
 10
14.892428198433421
 20
1.4706239327507198
 10
14.880321002462995
 20
1.4560784313725492
 10
14.868163903213917
 20
1.4250980392156865
 10
14.851174934725849
 20
1.412487867288063
 10
14.820130062379194
 20
1.4250980392156865
 10
14.809921671018278
 20
1.4298056785174074
 10
14.801506099168526
 20
1.4250980392156865
 10
14.768668407310706
 20
1.403778761096641
 10
14.75728359638077
 20
1.394117647058824
 10
14.768668407310706
 20
1.3722521211045586
 10
14.772708070900734
 20
1.3631372549019614
 10
14.777884338452935
 20
1.3321568627450977
 10
14.798558674746879
 20
1.3011764705882352
 10
14.809921671018278
 20
1.2772149818090988
 10
14.81242456125471
 20
1.2701960784313724
 10
14.819446123940617
 20
1.2392156862745098
 10
14.809921671018278
 20
1.2264960922116794
 10
14.768668407310706
 20
1.216879731853906
 10
14.727415143603134
 20
1.2306754299755807
 10
14.724137298731966
 20
1.2392156862745098
 10
14.710270255654962
 20
1.2701960784313724
 10
14.686161879895561
 20
1.2890086995664825
 10
14.64490861618799
 20
1.2836946770870143
 10
14.603655352480418
 20
1.2825377953350166
 10
14.562402088772847
 20
1.2816008038749034
 10
14.543886390862722
 20
1.2701960784313724
 10
14.527644996113702
 20
1.2392156862745098
 10
14.521148825065275
 20
1.2286186210876062
 10
14.49011896266335
 20
1.2082352941176473
 10
14.479895561357704
 20
1.1783890260987158
 10
14.479590958383913
 20
1.1772549019607845
 10
14.46752173017955
 20
1.146274509803922
 10
14.438642297650132
 20
1.1163262803231855
 10
14.433426618681862
 20
1.1152941176470592
 10
14.39738903394256
 20
1.105121650825254
 10
14.383197277167257
 20
1.0843137254901958
 10
14.356135770234987
 20
1.0638638607850672
 10
14.328928466544017
 20
1.0533333333333332
 10
14.314882506527415
 20
1.0237307895580867
 10
14.314427113063047
 20
1.0223529411764705
 10
14.273629242819844
 20
1.000311082809555
 10
14.232675533148063
 20
0.9913725490196079
 10
14.232375979112271
 20
0.9911227717137934
 10
14.1911227154047
 20
0.9833671577737865
 10
14.164191943523175
 20
0.9603921568627453
 10
14.149869451697128
 20
0.9554567542232554
 10
14.108616187989558
 20
0.9433634835726327
 10
14.093386479816699
 20
0.9294117647058826
 10
14.092179456927084
 20
0.89843137254902
 10
14.090376300770004
 20
0.8674509803921573
 10
14.083032265281329
 20
0.8364705882352939
 10
14.108616187989558
 20
0.8181671140629593
 10
14.149869451697128
 20
0.8076242459474515
 10
14.159662748787456
 20
0.8054901960784312
 10
14.179317215681156
 20
0.7745098039215685
 10
14.166644002949573
 20
0.7435294117647059
 10
14.149869451697128
 20
0.736416387503178
 10
14.108616187989558
 20
0.7417238997809779
 10
14.09962183356025
 20
0.7435294117647059
 10
14.067362924281985
 20
0.7521388018787095
 10
14.026109660574413
 20
0.767669164337181
 10
13.98485639686684
 20
0.7714836386468129
 10
13.97275470293742
 20
0.7745098039215685
 10
13.94360313315927
 20
0.7830767783702244
 10
13.930723831198236
 20
0.7745098039215685
 10
13.902349869451697
 20
0.7499390258346272
 10
13.895948212722995
 20
0.7435294117647059
 10
13.902349869451697
 20
0.7356878803348339
 10
13.918962413820521
 20
0.7125490196078432
 10
13.902349869451697
 20
0.699933097264577
 10
13.861096605744127
 20
0.6907866922835053
 10
13.841401868807386
 20
0.6815686274509807
 10
13.819843342036554
 20
0.6680765143536271
 10
13.811207554217102
 20
0.650588235294118
 10
13.818833178960173
 20
0.6196078431372554
 10
13.819843342036554
 20
0.6172680728700694
 10
13.835676888330811
 20
0.5886274509803918
 10
13.836348629520579
 20
0.5576470588235292
 10
13.829915196391784
 20
0.5266666666666666
 10
13.819843342036554
 20
0.5112860232651316
 10
13.812546878157802
 20
0.49568627450980396
 10
13.797048730398192
 20
0.4647058823529413
 10
13.778590078328984
 20
0.45787143659367585
 10
13.737336814621411
 20
0.4519238374340579
 10
13.696083550913839
 20
0.4566050071363029
 10
13.661439378960386
 20
0.43372549019607864
 10
13.654830287206266
 20
0.4302866790023056
 10
13.635713955102473
 20
0.40274509803921604
 10
13.641466367057616
 20
0.3717647058823534
 10
13.654830287206266
 20
0.35905034036864336
 10
13.696083550913839
 20
0.35451873304622294
 10
13.737336814621411
 20
0.3583143832905582
 10
13.778590078328984
 20
0.36723901081202165
 10
13.78296190134802
 20
0.3717647058823534
  0
LWPOLYLINE
  5
E6
330
17
100
AcDbEntity
  8
CONDUCTIVE_METASURFACE
100
AcDbPolyline
 90
23
 70
1
 10
2.1789013939738595
 20
1.394117647058824
 10
2.1621945264259
 20
1.4250980392156865
 10
2.1864229765013055
 20
1.443023242408566
 10
2.2276762402088774
 20
1.4475981302924534
 10
2.231692239949068
 20
1.4560784313725492
 10
2.2276762402088774
 20
1.4662240133232787
 10
2.2155081425051706
 20
1.4870588235294118
 10
2.1864229765013055
 20
1.5084719476822184
 10
2.171087635165656
 20
1.5180392156862745
 10
2.145169712793734
 20
1.5319255632358046
 10
2.103916449086162
 20
1.5246447400082355
 10
2.098552639464157
 20
1.5180392156862745
 10
2.103916449086162
 20
1.5078145226001862
 10
2.145169712793734
 20
1.4915395250264754
 10
2.149840527380652
 20
1.4870588235294118
 10
2.172854624263798
 20
1.4560784313725492
 10
2.145169712793734
 20
1.4350440880527382
 10
2.1269214113294295
 20
1.4250980392156865
 10
2.103916449086162
 20
1.4049797508282684
 10
2.0984676830640914
 20
1.394117647058824
 10
2.103916449086162
 20
1.3876172774039761
 10
2.145169712793734
 20
1.3767127385930333
 10
2.1789013939738595
 20
1.394117647058824
  0
LWPOLYLINE
  5
E7
330
17
100
AcDbEntity
  8
CONDUCTIVE_METASURFACE
100
AcDbPolyline
 90
23
 70
1
 10
3.1411973976469367
 20
1.394117647058824
 10
3.135248041775457
 20
1.4059503993524713
 10
3.1134005222350223
 20
1.4250980392156865
 10
3.0939947780678856
 20
1.4356399132272541
 10
3.06665534928798
 20
1.4560784313725492
 10
3.089721140108009
 20
1.4870588235294118
 10
3.0939947780678856
 20
1.4911256256316545
 10
3.135248041775457
 20
1.507159317902583
 10
3.1409231493155367
 20
1.5180392156862745
 10
3.135248041775457
 20
1.5250275664917112
 10
3.0939947780678856
 20
1.5321619404407634
 10
3.0678138760241884
 20
1.5180392156862745
 10
3.052741514360313
 20
1.508568475925343
 10
3.0234150109795426
 20
1.4870588235294118
 10
3.0114882506527416
 20
1.4666729280876636
 10
3.007276816077756
 20
1.4560784313725492
 10
3.0114882506527416
 20
1.44711552825554
 10
3.052741514360313
 20
1.4424786592084542
 10
3.0757493714647763
 20
1.4250980392156865
 10
3.0589875924029237
 20
1.394117647058824
 10
3.0939947780678856
 20
1.3763027444893114
 10
3.135248041775457
 20
1.387027225286037
 10
3.1411973976469367
 20
1.394117647058824
  0
LWPOLYLINE
  5
E8
330
17
100
AcDbEntity
  8
CONDUCTIVE_METASURFACE
100
AcDbPolyline
 90
23
 70
1
 10
7.459319148543051
 20
1.394117647058824
 10
7.442612280995091
 20
1.4250980392156865
 10
7.466840731070496
 20
1.443023242408566
 10
7.508093994778068
 20
1.4475981302924534
 10
7.512109994518259
 20
1.4560784313725492
 10
7.508093994778068
 20
1.4662240133232787
 10
7.495925897074362
 20
1.4870588235294118
 10
7.466840731070496
 20
1.5084719476822184
 10
7.451505389734847
 20
1.5180392156862745
 10
7.4255874673629245
 20
1.5319255632358046
 10
7.384334203655353
 20
1.5246447400082355
 10
7.378970394033348
 20
1.5180392156862745
 10
7.384334203655353
 20
1.5078145226001862
 10
7.4255874673629245
 20
1.4915395250264754
 10
7.430258281949842
 20
1.4870588235294118
 10
7.45327237883299
 20
1.4560784313725492
 10
7.4255874673629245
 20
1.4350440880527382
 10
7.4073391658986205
 20
1.4250980392156865
 10
7.384334203655353
 20
1.4049797508282684
 10
7.378885437633282
 20
1.394117647058824
 10
7.384334203655353
 20
1.3876172774039761
 10
7.4255874673629245
 20
1.3767127385930333
 10
7.459319148543051
 20
1.394117647058824
  0
LWPOLYLINE
  5
E9
330
17
100
AcDbEntity
  8
CONDUCTIVE_METASURFACE
100
AcDbPolyline
 90
23
 70
1
 10
8.421615152216129
 20
1.394117647058824
 10
8.415665796344648
 20
1.4059503993524713
 10
8.393818276804211
 20
1.4250980392156865
 10
8.374412532637075
 20
1.4356399132272541
 10
8.347073103857172
 20
1.4560784313725492
 10
8.370138894677199
 20
1.4870588235294118
 10
8.374412532637075
 20
1.4911256256316545
 10
8.415665796344648
 20
1.507159317902583
 10
8.421340903884728
 20
1.5180392156862745
 10
8.415665796344648
 20
1.5250275664917112
 10
8.374412532637075
 20
1.5321619404407634
 10
8.34823163059338
 20
1.5180392156862745
 10
8.333159268929505
 20
1.508568475925343
 10
8.303832765548734
 20
1.4870588235294118
 10
8.291906005221932
 20
1.4666729280876636
 10
8.287694570646947
 20
1.4560784313725492
 10
8.291906005221932
 20
1.44711552825554
 10
8.333159268929505
 20
1.4424786592084542
 10
8.356167126033966
 20
1.4250980392156865
 10
8.339405346972116
 20
1.394117647058824
 10
8.374412532637075
 20
1.3763027444893114
 10
8.415665796344648
 20
1.387027225286037
 10
8.421615152216129
 20
1.394117647058824
  0
LWPOLYLINE
  5
EA
330
17
100
AcDbEntity
  8
CONDUCTIVE_METASURFACE
100
AcDbPolyline
 90
23
 70
1
 10
12.739736903112242
 20
1.394117647058824
 10
12.723030035564284
 20
1.4250980392156865
 10
12.747258485639687
 20
1.443023242408566
 10
12.78851174934726
 20
1.4475981302924534
 10
12.79252774908745
 20
1.4560784313725492
 10
12.78851174934726
 20
1.4662240133232787
 10
12.776343651643552
 20
1.4870588235294118
 10
12.747258485639687
 20
1.5084719476822184
 10
12.731923144304035
 20
1.5180392156862745
 10
12.706005221932116
 20
1.5319255632358046
 10
12.664751958224544
 20
1.5246447400082355
 10
12.659388148602536
 20
1.5180392156862745
 10
12.664751958224544
 20
1.5078145226001862
 10
12.706005221932116
 20
1.4915395250264754
 10
12.710676036519034
 20
1.4870588235294118
 10
12.733690133402181
 20
1.4560784313725492
 10
12.706005221932116
 20
1.4350440880527382
 10
12.68775692046781
 20
1.4250980392156865
 10
12.664751958224544
 20
1.4049797508282684
 10
12.659303192202474
 20
1.394117647058824
 10
12.664751958224544
 20
1.3876172774039761
 10
12.706005221932116
 20
1.3767127385930333
 10
12.739736903112242
 20
1.394117647058824
  0
LWPOLYLINE
  5
EB
330
17
100
AcDbEntity
  8
CONDUCTIVE_METASURFACE
100
AcDbPolyline
 90
23
 70
1
 10
13.702032906785318
 20
1.394117647058824
 10
13.696083550913839
 20
1.4059503993524713
 10
13.674236031373404
 20
1.4250980392156865
 10
13.654830287206266
 20
1.4356399132272541
 10
13.627490858426361
 20
1.4560784313725492
 10
13.65055664924639
 20
1.4870588235294118
 10
13.654830287206266
 20
1.4911256256316545
 10
13.696083550913839
 20
1.507159317902583
 10
13.701758658453919
 20
1.5180392156862745
 10
13.696083550913839
 20
1.5250275664917112
 10
13.654830287206266
 20
1.5321619404407634
 10
13.62864938516257
 20
1.5180392156862745
 10
13.613577023498694
 20
1.508568475925343
 10
13.584250520117925
 20
1.4870588235294118
 10
13.572323759791123
 20
1.4666729280876636
 10
13.56811232521614
 20
1.4560784313725492
 10
13.572323759791123
 20
1.44711552825554
 10
13.613577023498694
 20
1.4424786592084542
 10
13.636584880603158
 20
1.4250980392156865
 10
13.619823101541307
 20
1.394117647058824
 10
13.654830287206266
 20
1.3763027444893114
 10
13.696083550913839
 20
1.387027225286037
 10
13.702032906785318
 20
1.394117647058824
  0
LWPOLYLINE
  5
EC
330
17
100
AcDbEntity
  8
CONDUCTIVE_METASURFACE
100
AcDbPolyline
 90
7
 70
1
 10
1.278851174934726
 20
1.0505292884070068
 10
1.2736101076868906
 20
1.0533333333333332
 10
1.251587393374431
 20
1.0843137254901958
 10
1.278851174934726
 20
1.1114237384614503
 10
1.2923964675841
 20
1.0843137254901958
 10
1.2830933001825298
 20
1.0533333333333332
 10
1.278851174934726
 20
1.0505292884070068
  0
LWPOLYLINE
  5
ED
330
17
100
AcDbEntity
  8
CONDUCTIVE_METASURFACE
100
AcDbPolyline
 90
7
 70
1
 10
3.960313315926893
 20
1.0506066657797029
 10
3.9562459196371766
 20
1.0533333333333332
 10
3.947368681237921
 20
1.0843137254901958
 10
3.960313315926893
 20
1.1103871704479027
 10
3.986671149215968
 20
1.0843137254901958
 10
3.9653658356245653
 20
1.0533333333333332
 10
3.960313315926893
 20
1.0506066657797029
  0
LWPOLYLINE
  5
EE
330
17
100
AcDbEntity
  8
CONDUCTIVE_METASURFACE
100
AcDbPolyline
 90
7
 70
1
 10
6.559268929503917
 20
1.0505292884070068
 10
6.554027862256081
 20
1.0533333333333332
 10
6.5320051479436225
 20
1.0843137254901958
 10
6.559268929503917
 20
1.1114237384614503
 10
6.57281422215329
 20
1.0843137254901958
 10
6.563511054751721
 20
1.0533333333333332
 10
6.559268929503917
 20
1.0505292884070068
  0
LWPOLYLINE
  5
EF
330
17
100
AcDbEntity
  8
CONDUCTIVE_METASURFACE
100
AcDbPolyline
 90
7
 70
1
 10
9.240731070496084
 20
1.0506066657797029
 10
9.236663674206367
 20
1.0533333333333332
 10
9.227786435807113
 20
1.0843137254901958
 10
9.240731070496084
 20
1.1103871704479027
 10
9.267088903785158
 20
1.0843137254901958
 10
9.245783590193758
 20
1.0533333333333332
 10
9.240731070496084
 20
1.0506066657797029
  0
LWPOLYLINE
  5
F0
330
17
100
AcDbEntity
  8
CONDUCTIVE_METASURFACE
100
AcDbPolyline
 90
7
 70
1
 10
11.839686684073108
 20
1.0505292884070068
 10
11.834445616825272
 20
1.0533333333333332
 10
11.812422902512813
 20
1.0843137254901958
 10
11.839686684073108
 20
1.1114237384614503
 10
11.853231976722482
 20
1.0843137254901958
 10
11.843928809320913
 20
1.0533333333333332
 10
11.839686684073108
 20
1.0505292884070068
  0
LWPOLYLINE
  5
F1
330
17
100
AcDbEntity
  8
CONDUCTIVE_METASURFACE
100
AcDbPolyline
 90
7
 70
1
 10
14.521148825065275
 20
1.0506066657797029
 10
14.517081428775558
 20
1.0533333333333332
 10
14.508204190376302
 20
1.0843137254901958
 10
14.521148825065275
 20
1.1103871704479027
 10
14.54750665835435
 20
1.0843137254901958
 10
14.526201344762947
 20
1.0533333333333332
 10
14.521148825065275
 20
1.0506066657797029
  0
LWPOLYLINE
  5
F2
330
17
100
AcDbEntity
  8
CONDUCTIVE_METASURFACE
100
AcDbPolyline
 90
7
 70
1
 10
1.443864229765013
 20
0.9405978327673568
 10
1.4026109660574413
 20
0.9565977125767733
 10
1.3989800657353322
 20
0.9603921568627453
 10
1.4026109660574413
 20
0.9634467699913137
 10
1.443864229765013
 20
0.9701133516117165
 10
1.4785833572834097
 20
0.9603921568627453
 10
1.443864229765013
 20
0.9405978327673568
  0
LWPOLYLINE
  5
F3
330
17
100
AcDbEntity
  8
CONDUCTIVE_METASURFACE
100
AcDbPolyline
 90
7
 70
1
 10
3.8365535248041778
 20
0.9564562110993501
 10
3.7953002610966062
 20
0.939917525769626
 10
3.759200713746876
 20
0.9603921568627453
 10
3.7953002610966062
 20
0.9705643766363435
 10
3.8365535248041778
 20
0.9635778859016254
 10
3.840287373657051
 20
0.9603921568627453
 10
3.8365535248041778
 20
0.9564562110993501
  0
LWPOLYLINE
  5
F4
330
17
100
AcDbEntity
  8
CONDUCTIVE_METASURFACE
100
AcDbPolyline
 90
7
 70
1
 10
6.724281984334204
 20
0.9405978327673568
 10
6.683028720626632
 20
0.9565977125767733
 10
6.679397820304524
 20
0.9603921568627453
 10
6.683028720626632
 20
0.9634467699913137
 10
6.724281984334204
 20
0.9701133516117165
 10
6.7590011118526
 20
0.9603921568627453
 10
6.724281984334204
 20
0.9405978327673568
  0
LWPOLYLINE
  5
F5
330
17
100
AcDbEntity
  8
CONDUCTIVE_METASURFACE
100
AcDbPolyline
 90
7
 70
1
 10
9.116971279373368
 20
0.9564562110993501
 10
9.075718015665796
 20
0.939917525769626
 10
9.039618468316066
 20
0.9603921568627453
 10
9.075718015665796
 20
0.9705643766363435
 10
9.116971279373368
 20
0.9635778859016254
 10
9.120705128226243
 20
0.9603921568627453
 10
9.116971279373368
 20
0.9564562110993501
  0
LWPOLYLINE
  5
F6
330
17
100
AcDbEntity
  8
CONDUCTIVE_METASURFACE
100
AcDbPolyline
 90
7
 70
1
 10
12.004699738903396
 20
0.9405978327673568
 10
11.963446475195823
 20
0.9565977125767733
 10
11.959815574873712
 20
0.9603921568627453
 10
11.963446475195823
 20
0.9634467699913137
 10
12.004699738903396
 20
0.9701133516117165
 10
12.039418866421792
 20
0.9603921568627453
 10
12.004699738903396
 20
0.9405978327673568
  0
LWPOLYLINE
  5
F7
330
17
100
AcDbEntity
  8
CONDUCTIVE_METASURFACE
100
AcDbPolyline
 90
7
 70
1
 10
14.39738903394256
 20
0.9564562110993501
 10
14.356135770234987
 20
0.939917525769626
 10
14.320036222885259
 20
0.9603921568627453
 10
14.356135770234987
 20
0.9705643766363435
 10
14.39738903394256
 20
0.9635778859016254
 10
14.401122882795434
 20
0.9603921568627453
 10
14.39738903394256
 20
0.9564562110993501
  0
LWPOLYLINE
  5
F8
330
17
100
AcDbEntity
  8
CONDUCTIVE_METASURFACE
100
AcDbPolyline
 90
5
 70
1
 10
1.2375979112271542
 20
0.9000721188375735
 10
1.1989754188959298
 20
0.9294117647058826
 10
1.2375979112271542
 20
0.9476562817094536
 10
1.2621051346052028
 20
0.9294117647058826
 10
1.2375979112271542
 20
0.9000721188375735
  0
LWPOLYLINE
  5
F9
330
17
100
AcDbEntity
  8
CONDUCTIVE_METASURFACE
100
AcDbPolyline
 90
5
 70
1
 10
4.001566579634464
 20
0.9004070368464178
 10
3.9772723413437303
 20
0.9294117647058826
 10
4.001566579634464
 20
0.9478161537447561
 10
4.040634971767374
 20
0.9294117647058826
 10
4.001566579634464
 20
0.9004070368464178
  0
LWPOLYLINE
  5
FA
330
17
100
AcDbEntity
  8
CONDUCTIVE_METASURFACE
100
AcDbPolyline
 90
5
 70
1
 10
6.518015665796345
 20
0.9000721188375735
 10
6.4793931734651204
 20
0.9294117647058826
 10
6.518015665796345
 20
0.9476562817094536
 10
6.542522889174394
 20
0.9294117647058826
 10
6.518015665796345
 20
0.9000721188375735
  0
LWPOLYLINE
  5
FB
330
17
100
AcDbEntity
  8
CONDUCTIVE_METASURFACE
100
AcDbPolyline
 90
5
 70
1
 10
9.281984334203656
 20
0.9004070368464178
 10
9.25769009591292
 20
0.9294117647058826
 10
9.281984334203656
 20
0.9478161537447561
 10
9.321052726336562
 20
0.9294117647058826
 10
9.281984334203656
 20
0.9004070368464178
  0
LWPOLYLINE
  5
FC
330
17
100
AcDbEntity
  8
CONDUCTIVE_METASURFACE
100
AcDbPolyline
 90
5
 70
1
 10
11.798433420365535
 20
0.9000721188375735
 10
11.759810928034312
 20
0.9294117647058826
 10
11.798433420365535
 20
0.9476562817094536
 10
11.822940643743582
 20
0.9294117647058826
 10
11.798433420365535
 20
0.9000721188375735
  0
LWPOLYLINE
  5
FD
330
17
100
AcDbEntity
  8
CONDUCTIVE_METASURFACE
100
AcDbPolyline
 90
5
 70
1
 10
14.562402088772847
 20
0.9004070368464178
 10
14.538107850482112
 20
0.9294117647058826
 10
14.562402088772847
 20
0.9478161537447561
 10
14.601470480905753
 20
0.9294117647058826
 10
14.562402088772847
 20
0.9004070368464178
  0
LWPOLYLINE
  5
FE
330
17
100
AcDbEntity
  8
CONDUCTIVE_METASURFACE
100
AcDbPolyline
 90
5
 70
1
 10
0.04909310717463138
 20
0.8674509803921573
 10
0.041253263707571805
 20
0.8716090845820471
 10
0.030943127089508908
 20
0.8674509803921573
 10
0.041253263707571805
 20
0.8440873158780031
 10
0.04909310717463138
 20
0.8674509803921573
  0
LWPOLYLINE
  5
FF
330
17
100
AcDbEntity
  8
CONDUCTIVE_METASURFACE
100
AcDbPolyline
 90
5
 70
1
 10
5.208005441408955
 20
0.8674509803921573
 10
5.197911227154047
 20
0.8715131699527862
 10
5.1902778171857005
 20
0.8674509803921573
 10
5.197911227154047
 20
0.8443838169109796
 10
5.208005441408955
 20
0.8674509803921573
  0
LWPOLYLINE
  5
100
330
17
100
AcDbEntity
  8
CONDUCTIVE_METASURFACE
100
AcDbPolyline
 90
5
 70
1
 10
5.329510861743822
 20
0.8674509803921573
 10
5.321671018276763
 20
0.8716090845820471
 10
5.3113608816587
 20
0.8674509803921573
 10
5.321671018276763
 20
0.8440873158780031
 10
5.329510861743822
 20
0.8674509803921573
  0
LWPOLYLINE
  5
101
330
17
100
AcDbEntity
  8
CONDUCTIVE_METASURFACE
100
AcDbPolyline
 90
5
 70
1
 10
10.488423195978145
 20
0.8674509803921573
 10
10.478328981723237
 20
0.8715131699527862
 10
10.47069557175489
 20
0.8674509803921573
 10
10.478328981723237
 20
0.8443838169109796
 10
10.488423195978145
 20
0.8674509803921573
  0
LWPOLYLINE
  5
102
330
17
100
AcDbEntity
  8
CONDUCTIVE_METASURFACE
100
AcDbPolyline
 90
5
 70
1
 10
10.609928616313013
 20
0.8674509803921573
 10
10.602088772845955
 20
0.8716090845820471
 10
10.591778636227891
 20
0.8674509803921573
 10
10.602088772845955
 20
0.8440873158780031
 10
10.609928616313013
 20
0.8674509803921573
  0
LWPOLYLINE
  5
103
330
17
100
AcDbEntity
  8
CONDUCTIVE_METASURFACE
100
AcDbPolyline
 90
5
 70
1
 10
15.768840950547336
 20
0.8674509803921573
 10
15.758746736292428
 20
0.8715131699527862
 10
15.75111332632408
 20
0.8674509803921573
 10
15.758746736292428
 20
0.8443838169109796
 10
15.768840950547336
 20
0.8674509803921573
  0
LWPOLYLINE
  5
104
330
17
100
AcDbEntity
  8
CONDUCTIVE_METASURFACE
100
AcDbPolyline
 90
13
 70
1
 10
0.5437141667555
 20
0.3717647058823534
 10
0.5775456919060052
 20
0.38597439648916165
 10
0.5847257410027508
 20
0.40274509803921604
 10
0.5775456919060052
 20
0.41770004253133913
 10
0.5562426616107348
 20
0.43372549019607864
 10
0.5362924281984335
 20
0.4391533204864072
 10
0.513700431875284
 20
0.43372549019607864
 10
0.4950391644908616
 20
0.4084707796441539
 10
0.4931962378261589
 20
0.40274509803921604
 10
0.4950391644908616
 20
0.394266123215718
 10
0.5250920285728699
 20
0.3717647058823534
 10
0.5362924281984335
 20
0.37039657277441856
 10
0.5437141667555
 20
0.3717647058823534
  0
LWPOLYLINE
  5
105
330
17
100
AcDbEntity
  8
CONDUCTIVE_METASURFACE
100
AcDbPolyline
 90
13
 70
1
 10
4.714162704540156
 20
0.3717647058823534
 10
4.7441253263707575
 20
0.3943338160681192
 10
4.745947121879405
 20
0.40274509803921604
 10
4.7441253263707575
 20
0.40831867251357434
 10
4.725203791128202
 20
0.43372549019607864
 10
4.702872062663185
 20
0.4391175610059742
 10
4.6829582224864215
 20
0.43372549019607864
 10
4.6616187989556135
 20
0.41772728908029794
 10
4.654391147125238
 20
0.40274509803921604
 10
4.6616187989556135
 20
0.385778961094198
 10
4.69524771623981
 20
0.3717647058823534
 10
4.702872062663185
 20
0.3703806863843158
 10
4.714162704540156
 20
0.3717647058823534
  0
LWPOLYLINE
  5
106
330
17
100
AcDbEntity
  8
CONDUCTIVE_METASURFACE
100
AcDbPolyline
 90
13
 70
1
 10
5.824131921324692
 20
0.3717647058823534
 10
5.857963446475196
 20
0.38597439648916165
 10
5.8651434955719415
 20
0.40274509803921604
 10
5.857963446475196
 20
0.41770004253133913
 10
5.836660416179925
 20
0.43372549019607864
 10
5.816710182767625
 20
0.4391533204864072
 10
5.794118186444475
 20
0.43372549019607864
 10
5.775456919060052
 20
0.4084707796441539
 10
5.77361399239535
 20
0.40274509803921604
 10
5.775456919060052
 20
0.394266123215718
 10
5.805509783142061
 20
0.3717647058823534
 10
5.816710182767625
 20
0.37039657277441856
 10
5.824131921324692
 20
0.3717647058823534
  0
LWPOLYLINE
  5
107
330
17
100
AcDbEntity
  8
CONDUCTIVE_METASURFACE
100
AcDbPolyline
 90
13
 70
1
 10
9.994580459109347
 20
0.3717647058823534
 10
10.024543080939948
 20
0.3943338160681192
 10
10.026364876448595
 20
0.40274509803921604
 10
10.024543080939948
 20
0.40831867251357434
 10
10.005621545697393
 20
0.43372549019607864
 10
9.983289817232377
 20
0.4391175610059742
 10
9.963375977055613
 20
0.43372549019607864
 10
9.942036553524805
 20
0.41772728908029794
 10
9.934808901694428
 20
0.40274509803921604
 10
9.942036553524805
 20
0.385778961094198
 10
9.975665470809
 20
0.3717647058823534
 10
9.983289817232377
 20
0.3703806863843158
 10
9.994580459109347
 20
0.3717647058823534
  0
LWPOLYLINE
  5
108
330
17
100
AcDbEntity
  8
CONDUCTIVE_METASURFACE
100
AcDbPolyline
 90
13
 70
1
 10
11.104549675893882
 20
0.3717647058823534
 10
11.138381201044387
 20
0.38597439648916165
 10
11.145561250141133
 20
0.40274509803921604
 10
11.138381201044387
 20
0.41770004253133913
 10
11.117078170749117
 20
0.43372549019607864
 10
11.097127937336815
 20
0.4391533204864072
 10
11.074535941013666
 20
0.43372549019607864
 10
11.055874673629244
 20
0.4084707796441539
 10
11.054031746964538
 20
0.40274509803921604
 10
11.055874673629244
 20
0.394266123215718
 10
11.085927537711251
 20
0.3717647058823534
 10
11.097127937336815
 20
0.37039657277441856
 10
11.104549675893882
 20
0.3717647058823534
  0
LWPOLYLINE
  5
109
330
17
100
AcDbEntity
  8
CONDUCTIVE_METASURFACE
100
AcDbPolyline
 90
13
 70
1
 10
15.274998213678538
 20
0.3717647058823534
 10
15.304960835509139
 20
0.3943338160681192
 10
15.306782631017787
 20
0.40274509803921604
 10
15.304960835509139
 20
0.40831867251357434
 10
15.286039300266584
 20
0.43372549019607864
 10
15.263707571801568
 20
0.4391175610059742
 10
15.243793731624802
 20
0.43372549019607864
 10
15.222454308093996
 20
0.41772728908029794
 10
15.215226656263619
 20
0.40274509803921604
 10
15.222454308093996
 20
0.385778961094198
 10
15.256083225378193
 20
0.3717647058823534
 10
15.263707571801568
 20
0.3703806863843158
 10
15.274998213678538
 20
0.3717647058823534
  0
LWPOLYLINE
  5
10A
330
17
100
AcDbEntity
  8
CONDUCTIVE_METASURFACE
100
AcDbPolyline
 90
5
 70
1
 10
1.1605005371343433
 20
0.030980392156862636
 10
1.1550913838120105
 20
0.03671290787424319
 10
1.1243754032537692
 20
0.030980392156862636
 10
1.1550913838120105
 20
0.023399874122436905
 10
1.1605005371343433
 20
0.030980392156862636
  0
LWPOLYLINE
  5
10B
330
17
100
AcDbEntity
  8
CONDUCTIVE_METASURFACE
100
AcDbPolyline
 90
5
 70
1
 10
4.115184025514526
 20
0.030980392156862636
 10
4.084073107049608
 20
0.036867972071356316
 10
4.078536202737989
 20
0.030980392156862636
 10
4.084073107049608
 20
0.023237677533518897
 10
4.115184025514526
 20
0.030980392156862636
  0
LWPOLYLINE
  5
10C
330
17
100
AcDbEntity
  8
CONDUCTIVE_METASURFACE
100
AcDbPolyline
 90
5
 70
1
 10
6.440918291703535
 20
0.030980392156862636
 10
6.435509138381201
 20
0.03671290787424319
 10
6.404793157822961
 20
0.030980392156862636
 10
6.435509138381201
 20
0.023399874122436905
 10
6.440918291703535
 20
0.030980392156862636
  0
LWPOLYLINE
  5
10D
330
17
100
AcDbEntity
  8
CONDUCTIVE_METASURFACE
100
AcDbPolyline
 90
5
 70
1
 10
9.395601780083718
 20
0.030980392156862636
 10
9.3644908616188
 20
0.036867972071356316
 10
9.358953957307179
 20
0.030980392156862636
 10
9.3644908616188
 20
0.023237677533518897
 10
9.395601780083718
 20
0.030980392156862636
  0
LWPOLYLINE
  5
10E
330
17
100
AcDbEntity
  8
CONDUCTIVE_METASURFACE
100
AcDbPolyline
 90
5
 70
1
 10
11.721336046272725
 20
0.030980392156862636
 10
11.715926892950392
 20
0.03671290787424319
 10
11.685210912392153
 20
0.030980392156862636
 10
11.715926892950392
 20
0.023399874122436905
 10
11.721336046272725
 20
0.030980392156862636
  0
LWPOLYLINE
  5
10F
330
17
100
AcDbEntity
  8
CONDUCTIVE_METASURFACE
100
AcDbPolyline
 90
5
 70
1
 10
14.676019534652909
 20
0.030980392156862636
 10
14.64490861618799
 20
0.036867972071356316
 10
14.639371711876372
 20
0.030980392156862636
 10
14.64490861618799
 20
0.023237677533518897
 10
14.676019534652909
 20
0.030980392156862636
  0
ENDSEC
  0
SECTION
  2
OBJECTS
  0
DICTIONARY
  5
A
330
0
100
AcDbDictionary
281
1
  3
ACAD_COLOR
350
B
  3
ACAD_GROUP
350
C
  3
ACAD_LAYOUT
350
D
  3
ACAD_MATERIAL
350
E
  3
ACAD_MLEADERSTYLE
350
F
  3
ACAD_MLINESTYLE
350
10
  3
ACAD_PLOTSETTINGS
350
11
  3
ACAD_PLOTSTYLENAME
350
12
  3
ACAD_SCALELIST
350
14
  3
ACAD_TABLESTYLE
350
15
  3
ACAD_VISUALSTYLE
350
16
  3
EZDXF_META
350
2D
  0
DICTIONARY
  5
B
330
A
100
AcDbDictionary
281
1
  0
DICTIONARY
  5
C
330
A
100
AcDbDictionary
281
1
  0
DICTIONARY
  5
D
330
A
100
AcDbDictionary
281
1
  3
Model
350
1A
  3
Layout1
350
1E
  0
DICTIONARY
  5
E
330
A
100
AcDbDictionary
281
1
  3
ByBlock
350
1F
  3
ByLayer
350
20
  3
Global
350
21
  0
DICTIONARY
  5
F
330
A
100
AcDbDictionary
281
1
  3
Standard
350
2C
  0
DICTIONARY
  5
10
330
A
100
AcDbDictionary
281
1
  3
Standard
350
22
  0
DICTIONARY
  5
11
330
A
100
AcDbDictionary
281
1
  0
ACDBDICTIONARYWDFLT
  5
12
330
A
100
AcDbDictionary
281
1
  3
Normal
350
13
100
AcDbDictionaryWithDefault
340
13
  0
ACDBPLACEHOLDER
  5
13
330
12
  0
DICTIONARY
  5
14
330
A
100
AcDbDictionary
281
1
  0
DICTIONARY
  5
15
330
A
100
AcDbDictionary
281
1
  0
DICTIONARY
  5
16
330
A
100
AcDbDictionary
281
1
  0
LAYOUT
  5
1A
330
D
100
AcDbPlotSettings
  1

  4
A3
  6

 40
7.5
 41
20.0
 42
7.5
 43
20.0
 44
420.0
 45
297.0
 46
0.0
 47
0.0
 48
0.0
 49
0.0
140
0.0
141
0.0
142
1.0
143
1.0
 70
1024
 72
1
 73
0
 74
5
  7

 75
16
 76
0
 77
2
 78
300
147
1.0
148
0.0
149
0.0
100
AcDbLayout
  1
Model
 70
1
 71
0
 10
0.0
 20
0.0
 11
420.0
 21
297.0
 12
0.0
 22
0.0
 32
0.0
 14
1e+20
 24
1e+20
 34
1e+20
 15
-1e+20
 25
-1e+20
 35
-1e+20
146
0.0
 13
0.0
 23
0.0
 33
0.0
 16
1.0
 26
0.0
 36
0.0
 17
0.0
 27
1.0
 37
0.0
 76
1
330
17
  0
LAYOUT
  5
1E
330
D
100
AcDbPlotSettings
  1

  4
A3
  6

 40
7.5
 41
20.0
 42
7.5
 43
20.0
 44
420.0
 45
297.0
 46
0.0
 47
0.0
 48
0.0
 49
0.0
140
0.0
141
0.0
142
1.0
143
1.0
 70
0
 72
1
 73
0
 74
5
  7

 75
16
 76
0
 77
2
 78
300
147
1.0
148
0.0
149
0.0
100
AcDbLayout
  1
Layout1
 70
1
 71
1
 10
0.0
 20
0.0
 11
420.0
 21
297.0
 12
0.0
 22
0.0
 32
0.0
 14
1e+20
 24
1e+20
 34
1e+20
 15
-1e+20
 25
-1e+20
 35
-1e+20
146
0.0
 13
0.0
 23
0.0
 33
0.0
 16
1.0
 26
0.0
 36
0.0
 17
0.0
 27
1.0
 37
0.0
 76
1
330
1B
  0
MATERIAL
  5
1F
102
{ACAD_REACTORS
330
E
102
}
330
E
100
AcDbMaterial
  1
ByBlock
  2

 70
0
 40
1.0
 71
1
 41
1.0
 91
-1023410177
 42
1.0
 72
1
  3

 73
1
 74
1
 75
1
 44
0.5
 73
0
 45
1.0
 46
1.0
 77
1
  4

 78
1
 79
1
170
1
 48
1.0
171
1
  6

172
1
173
1
174
1
140
1.0
141
1.0
175
1
  7

176
1
177
1
178
1
143
1.0
179
1
  8

270
1
271
1
272
1
145
1.0
146
1.0
273
1
  9

274
1
275
1
276
1
 42
1.0
 72
1
  3

 73
1
 74
1
 75
1
 94
63
  0
MATERIAL
  5
20
102
{ACAD_REACTORS
330
E
102
}
330
E
100
AcDbMaterial
  1
ByLayer
  2

 70
0
 40
1.0
 71
1
 41
1.0
 91
-1023410177
 42
1.0
 72
1
  3

 73
1
 74
1
 75
1
 44
0.5
 73
0
 45
1.0
 46
1.0
 77
1
  4

 78
1
 79
1
170
1
 48
1.0
171
1
  6

172
1
173
1
174
1
140
1.0
141
1.0
175
1
  7

176
1
177
1
178
1
143
1.0
179
1
  8

270
1
271
1
272
1
145
1.0
146
1.0
273
1
  9

274
1
275
1
276
1
 42
1.0
 72
1
  3

 73
1
 74
1
 75
1
 94
63
  0
MATERIAL
  5
21
102
{ACAD_REACTORS
330
E
102
}
330
E
100
AcDbMaterial
  1
Global
  2

 70
0
 40
1.0
 71
1
 41
1.0
 91
-1023410177
 42
1.0
 72
1
  3

 73
1
 74
1
 75
1
 44
0.5
 73
0
 45
1.0
 46
1.0
 77
1
  4

 78
1
 79
1
170
1
 48
1.0
171
1
  6

172
1
173
1
174
1
140
1.0
141
1.0
175
1
  7

176
1
177
1
178
1
143
1.0
179
1
  8

270
1
271
1
272
1
145
1.0
146
1.0
273
1
  9

274
1
275
1
276
1
 42
1.0
 72
1
  3

 73
1
 74
1
 75
1
 94
63
  0
MLINESTYLE
  5
22
102
{ACAD_REACTORS
330
10
102
}
330
10
100
AcDbMlineStyle
  2
Standard
 70
0
  3

 62
256
 51
90.0
 52
90.0
 71
2
 49
0.5
 62
256
  6
BYLAYER
 49
-0.5
 62
256
  6
BYLAYER
  0
MLEADERSTYLE
  5
2C
102
{ACAD_REACTORS
330
F
102
}
330
F
100
AcDbMLeaderStyle
179
2
170
2
171
1
172
0
 90
2
 40
0.0
 41
0.0
173
1
 91
-1056964608
 92
-2
290
1
 42
2.0
291
1
 43
8.0
  3
Standard
 44
4.0
300

342
29
174
1
175
1
176
0
178
1
 93
-1056964608
 45
4.0
292
0
297
0
 46
4.0
 94
-1056964608
 47
1.0
 49
1.0
140
1.0
294
1
141
0.0
177
0
142
1.0
295
0
296
0
143
3.75
271
0
272
9
273
9
  0
DICTIONARY
  5
2D
330
A
100
AcDbDictionary
280
1
281
1
  3
CREATED_BY_EZDXF
350
2E
  3
WRITTEN_BY_EZDXF
350
112
  0
DICTIONARYVAR
  5
2E
330
2D
100
DictionaryVariables
280
0
  1
1.4.4 @ 2026-09-08T05:49:38.162994+00:00
  0
DICTIONARYVAR
  5
112
330
2D
100
DictionaryVariables
280
0
  1
1.4.4 @ 2026-09-08T05:49:38.188193+00:00
  0
ENDSEC
  0
EOF
