  0
SECTION
  2
HEADER
  9
$ACADVER
  1
AC1032
  9
$ACADMAINTVER
 90
4
  9
$DWGCODEPAGE
  3
ANSI_1252
  9
$LASTSAVEDBY
  1
ezdxf
  9
$REQUIREDVERSIONS
160
0
  9
$INSBASE
 10
0.0
 20
0.0
 30
0.0
  9
$EXTMIN
 10
1e+20
 20
1e+20
 30
1e+20
  9
$EXTMAX
 10
-1e+20
 20
-1e+20
 30
-1e+20
  9
$LIMMIN
 10
0.0
 20
0.0
  9
$LIMMAX
 10
420.0
 20
297.0
  9
$ORTHOMODE
 70
0
  9
$REGENMODE
 70
1
  9
$FILLMODE
 70
1
  9
$QTEXTMODE
 70
0
  9
$MIRRTEXT
 70
1
  9
$LTSCALE
 40
1.0
  9
$ATTMODE
 70
1
  9
$TEXTSIZE
 40
2.5
  9
$TRACEWID
 40
1.0
  9
$TEXTSTYLE
  7
Standard
  9
$CLAYER
  8
0
  9
$CELTYPE
  6
ByLayer
  9
$CECOLOR
 62
256
  9
$CELTSCALE
 40
1.0
  9
$DISPSILH
 70
0
  9
$DIMSCALE
 40
1.0
  9
$DIMASZ
 40
2.5
  9
$DIMEXO
 40
0.625
  9
$DIMDLI
 40
3.75
  9
$DIMRND
 40
0.0
  9
$DIMDLE
 40
0.0
  9
$DIMEXE
 40
1.25
  9
$DIMTP
 40
0.0
  9
$DIMTM
 40
0.0
  9
$DIMTXT
 40
2.5
  9
$DIMCEN
 40
2.5
  9
$DIMTSZ
 40
0.0
  9
$DIMTOL
 70
0
  9
$DIMLIM
 70
0
  9
$DIMTIH
 70
0
  9
$DIMTOH
 70
0
  9
$DIMSE1
 70
0
  9
$DIMSE2
 70
0
  9
$DIMTAD
 70
1
  9
$DIMZIN
 70
8
  9
$DIMBLK
  1

  9
$DIMASO
 70
1
  9
$DIMSHO
 70
1
  9
$DIMPOST
  1

  9
$DIMAPOST
  1

  9
$DIMALT
 70
0
  9
$DIMALTD
 70
3
  9
$DIMALTF
 40
0.03937007874
  9
$DIMLFAC
 40
1.0
  9
$DIMTOFL
 70
1
  9
$DIMTVP
 40
0.0
  9
$DIMTIX
 70
0
  9
$DIMSOXD
 70
0
  9
$DIMSAH
 70
0
  9
$DIMBLK1
  1

  9
$DIMBLK2
  1

  9
$DIMSTYLE
  2
ISO-25
  9
$DIMCLRD
 70
0
  9
$DIMCLRE
 70
0
  9
$DIMCLRT
 70
0
  9
$DIMTFAC
 40
1.0
  9
$DIMGAP
 40
0.625
  9
$DIMJUST
 70
0
  9
$DIMSD1
 70
0
  9
$DIMSD2
 70
0
  9
$DIMTOLJ
 70
0
  9
$DIMTZIN
 70
8
  9
$DIMALTZ
 70
0
  9
$DIMALTTZ
 70
0
  9
$DIMUPT
 70
0
  9
$DIMDEC
 70
2
  9
$DIMTDEC
 70
2
  9
$DIMALTU
 70
2
  9
$DIMALTTD
 70
3
  9
$DIMTXSTY
  7
Standard
  9
$DIMAUNIT
 70
0
  9
$DIMADEC
 70
0
  9
$DIMALTRND
 40
0.0
  9
$DIMAZIN
 70
0
  9
$DIMDSEP
 70
44
  9
$DIMATFIT
 70
3
  9
$DIMFRAC
 70
0
  9
$DIMLDRBLK
  1

  9
$DIMLUNIT
 70
2
  9
$DIMLWD
 70
-2
  9
$DIMLWE
 70
-2
  9
$DIMTMOVE
 70
0
  9
$DIMFXL
 40
1.0
  9
$DIMFXLON
 70
0
  9
$DIMJOGANG
 40
0.785398163397
  9
$DIMTFILL
 70
0
  9
$DIMTFILLCLR
 70
0
  9
$DIMARCSYM
 70
0
  9
$DIMLTYPE
  6

  9
$DIMLTEX1
  6

  9
$DIMLTEX2
  6

  9
$DIMTXTDIRECTION
 70
0
  9
$LUNITS
 70
2
  9
$LUPREC
 70
4
  9
$SKETCHINC
 40
1.0
  9
$FILLETRAD
 40
10.0
  9
$AUNITS
 70
0
  9
$AUPREC
 70
2
  9
$MENU
  1
.
  9
$ELEVATION
 40
0.0
  9
$PELEVATION
 40
0.0
  9
$THICKNESS
 40
0.0
  9
$LIMCHECK
 70
0
  9
$CHAMFERA
 40
0.0
  9
$CHAMFERB
 40
0.0
  9
$CHAMFERC
 40
0.0
  9
$CHAMFERD
 40
0.0
  9
$SKPOLY
 70
0
  9
$TDCREATE
 40
2461283.9349537035
  9
$TDUCREATE
 40
2458532.153996898
  9
$TDUPDATE
 40
2461283.9349537035
  9
$TDUUPDATE
 40
2458532.1544311
  9
$TDINDWG
 40
0.0
  9
$TDUSRTIMER
 40
0.0
  9
$USRTIMER
 70
1
  9
$ANGBASE
 50
0.0
  9
$ANGDIR
 70
0
  9
$PDMODE
 70
0
  9
$PDSIZE
 40
0.0
  9
$PLINEWID
 40
0.0
  9
$SPLFRAME
 70
0
  9
$SPLINETYPE
 70
6
  9
$SPLINESEGS
 70
8
  9
$HANDSEED
  5
15D
  9
$SURFTAB1
 70
6
  9
$SURFTAB2
 70
6
  9
$SURFTYPE
 70
6
  9
$SURFU
 70
6
  9
$SURFV
 70
6
  9
$UCSBASE
  2

  9
$UCSNAME
  2

  9
$UCSORG
 10
0.0
 20
0.0
 30
0.0
  9
$UCSXDIR
 10
1.0
 20
0.0
 30
0.0
  9
$UCSYDIR
 10
0.0
 20
1.0
 30
0.0
  9
$UCSORTHOREF
  2

  9
$UCSORTHOVIEW
 70
0
  9
$UCSORGTOP
 10
0.0
 20
0.0
 30
0.0
  9
$UCSORGBOTTOM
 10
0.0
 20
0.0
 30
0.0
  9
$UCSORGLEFT
 10
0.0
 20
0.0
 30
0.0
  9
$UCSORGRIGHT
 10
0.0
 20
0.0
 30
0.0
  9
$UCSORGFRONT
 10
0.0
 20
0.0
 30
0.0
  9
$UCSORGBACK
 10
0.0
 20
0.0
 30
0.0
  9
$PUCSBASE
  2

  9
$PUCSNAME
  2

  9
$PUCSORG
 10
0.0
 20
0.0
 30
0.0
  9
$PUCSXDIR
 10
1.0
 20
0.0
 30
0.0
  9
$PUCSYDIR
 10
0.0
 20
1.0
 30
0.0
  9
$PUCSORTHOREF
  2

  9
$PUCSORTHOVIEW
 70
0
  9
$PUCSORGTOP
 10
0.0
 20
0.0
 30
0.0
  9
$PUCSORGBOTTOM
 10
0.0
 20
0.0
 30
0.0
  9
$PUCSORGLEFT
 10
0.0
 20
0.0
 30
0.0
  9
$PUCSORGRIGHT
 10
0.0
 20
0.0
 30
0.0
  9
$PUCSORGFRONT
 10
0.0
 20
0.0
 30
0.0
  9
$PUCSORGBACK
 10
0.0
 20
0.0
 30
0.0
  9
$USERI1
 70
0
  9
$USERI2
 70
0
  9
$USERI3
 70
0
  9
$USERI4
 70
0
  9
$USERI5
 70
0
  9
$USERR1
 40
0.0
  9
$USERR2
 40
0.0
  9
$USERR3
 40
0.0
  9
$USERR4
 40
0.0
  9
$USERR5
 40
0.0
  9
$WORLDVIEW
 70
1
  9
$SHADEDGE
 70
3
  9
$SHADEDIF
 70
70
  9
$TILEMODE
 70
1
  9
$MAXACTVP
 70
64
  9
$PINSBASE
 10
0.0
 20
0.0
 30
0.0
  9
$PLIMCHECK
 70
0
  9
$PEXTMIN
 10
1e+20
 20
1e+20
 30
1e+20
  9
$PEXTMAX
 10
-1e+20
 20
-1e+20
 30
-1e+20
  9
$PLIMMIN
 10
0.0
 20
0.0
  9
$PLIMMAX
 10
420.0
 20
297.0
  9
$UNITMODE
 70
0
  9
$VISRETAIN
 70
1
  9
$PLINEGEN
 70
0
  9
$PSLTSCALE
 70
1
  9
$TREEDEPTH
 70
3020
  9
$CMLSTYLE
  2
Standard
  9
$CMLJUST
 70
0
  9
$CMLSCALE
 40
20.0
  9
$PROXYGRAPHICS
 70
1
  9
$MEASUREMENT
 70
1
  9
$CELWEIGHT
370
-1
  9
$ENDCAPS
280
0
  9
$JOINSTYLE
280
0
  9
$LWDISPLAY
290
0
  9
$INSUNITS
 70
6
  9
$HYPERLINKBASE
  1

  9
$STYLESHEET
  1

  9
$XEDIT
290
1
  9
$CEPSNTYPE
380
0
  9
$PSTYLEMODE
290
1
  9
$FINGERPRINTGUID
  2
{2C455796-DC72-447F-B8CA-4CC81F897285}
  9
$VERSIONGUID
  2
{E42960B8-B202-487D-A329-E1F89F77E6B2}
  9
$EXTNAMES
290
1
  9
$PSVPSCALE
 40
0.0
  9
$OLESTARTUP
290
0
  9
$SORTENTS
280
127
  9
$INDEXCTL
280
0
  9
$HIDETEXT
280
1
  9
$XCLIPFRAME
280
1
  9
$HALOGAP
280
0
  9
$OBSCOLOR
 70
257
  9
$OBSLTYPE
280
0
  9
$INTERSECTIONDISPLAY
280
0
  9
$INTERSECTIONCOLOR
 70
257
  9
$DIMASSOC
280
2
  9
$PROJECTNAME
  1

  9
$CAMERADISPLAY
290
0
  9
$LENSLENGTH
 40
50.0
  9
$CAMERAHEIGHT
 40
0.0
  9
$STEPSPERSEC
 40
24.0
  9
$STEPSIZE
 40
100.0
  9
$3DDWFPREC
 40
2.0
  9
$PSOLWIDTH
 40
0.005
  9
$PSOLHEIGHT
 40
0.08
  9
$LOFTANG1
 40
1.570796326795
  9
$LOFTANG2
 40
1.570796326795
  9
$LOFTMAG1
 40
0.0
  9
$LOFTMAG2
 40
0.0
  9
$LOFTPARAM
 70
7
  9
$LOFTNORMALS
280
1
  9
$LATITUDE
 40
37.795
  9
$LONGITUDE
 40
-122.394
  9
$NORTHDIRECTION
 40
0.0
  9
$TIMEZONE
 70
-8000
  9
$LIGHTGLYPHDISPLAY
280
1
  9
$TILEMODELIGHTSYNCH
280
1
  9
$CMATERIAL
347
20
  9
$SOLIDHIST
280
0
  9
$SHOWHIST
280
1
  9
$DWFFRAME
280
2
  9
$DGNFRAME
280
2
  9
$REALWORLDSCALE
290
1
  9
$INTERFERECOLOR
 62
256
  9
$CSHADOW
280
0
  9
$SHADOWPLANELOCATION
 40
0.0
  0
ENDSEC
  0
SECTION
  2
CLASSES
  0
CLASS
  1
ACDBDICTIONARYWDFLT
  2
AcDbDictionaryWithDefault
  3
ObjectDBX Classes
 90
0
 91
0
280
0
281
0
  0
CLASS
  1
SUN
  2
AcDbSun
  3
SCENEOE
 90
1153
 91
0
280
0
281
0
  0
CLASS
  1
VISUALSTYLE
  2
AcDbVisualStyle
  3
ObjectDBX Classes
 90
4095
 91
0
280
0
281
0
  0
CLASS
  1
MATERIAL
  2
AcDbMaterial
  3
ObjectDBX Classes
 90
1153
 91
0
280
0
281
0
  0
CLASS
  1
SCALE
  2
AcDbScale
  3
ObjectDBX Classes
 90
1153
 91
0
280
0
281
0
  0
CLASS
  1
TABLESTYLE
  2
AcDbTableStyle
  3
ObjectDBX Classes
 90
4095
 91
0
280
0
281
0
  0
CLASS
  1
MLEADERSTYLE
  2
AcDbMLeaderStyle
  3
ACDB_MLEADERSTYLE_CLASS
 90
4095
 91
0
280
0
281
0
  0
CLASS
  1
DICTIONARYVAR
  2
AcDbDictionaryVar
  3
ObjectDBX Classes
 90
0
 91
0
280
0
281
0
  0
CLASS
  1
CELLSTYLEMAP
  2
AcDbCellStyleMap
  3
ObjectDBX Classes
 90
1152
 91
0
280
0
281
0
  0
CLASS
  1
MENTALRAYRENDERSETTINGS
  2
AcDbMentalRayRenderSettings
  3
SCENEOE
 90
1024
 91
0
280
0
281
0
  0
CLASS
  1
ACDBDETAILVIEWSTYLE
  2
AcDbDetailViewStyle
  3
ObjectDBX Classes
 90
1025
 91
0
280
0
281
0
  0
CLASS
  1
ACDBSECTIONVIEWSTYLE
  2
AcDbSectionViewStyle
  3
ObjectDBX Classes
 90
1025
 91
0
280
0
281
0
  0
CLASS
  1
RASTERVARIABLES
  2
AcDbRasterVariables
  3
ISM
 90
0
 91
0
280
0
281
0
  0
CLASS
  1
ACDBPLACEHOLDER
  2
AcDbPlaceHolder
  3
ObjectDBX Classes
 90
0
 91
0
280
0
281
0
  0
CLASS
  1
LAYOUT
  2
AcDbLayout
  3
ObjectDBX Classes
 90
0
 91
0
280
0
281
0
  0
ENDSEC
  0
SECTION
  2
TABLES
  0
TABLE
  2
VPORT
  5
8
330
0
100
AcDbSymbolTable
 70
1
  0
VPORT
  5
23
330
8
100
AcDbSymbolTableRecord
100
AcDbViewportTableRecord
  2
*Active
 70
0
 10
0.0
 20
0.0
 11
1.0
 21
1.0
 12
0.0
 22
0.0
 13
0.0
 23
0.0
 14
0.5
 24
0.5
 15
0.5
 25
0.5
 16
0.0
 26
0.0
 36
1.0
 17
0.0
 27
0.0
 37
0.0
 40
1000.0
 41
1.34
 42
50.0
 43
0.0
 44
0.0
 50
0.0
 51
0.0
 71
0
 72
1000
 73
1
 74
3
 75
0
 76
0
 77
0
 78
0
281
0
 65
0
146
0.0
  0
ENDTAB
  0
TABLE
  2
LTYPE
  5
2
330
0
100
AcDbSymbolTable
 70
3
  0
LTYPE
  5
24
330
2
100
AcDbSymbolTableRecord
100
AcDbLinetypeTableRecord
  2
ByBlock
 70
0
  3

 72
65
 73
0
 40
0.0
  0
LTYPE
  5
25
330
2
100
AcDbSymbolTableRecord
100
AcDbLinetypeTableRecord
  2
ByLayer
 70
0
  3

 72
65
 73
0
 40
0.0
  0
LTYPE
  5
26
330
2
100
AcDbSymbolTableRecord
100
AcDbLinetypeTableRecord
  2
Continuous
 70
0
  3

 72
65
 73
0
 40
0.0
  0
ENDTAB
  0
TABLE
  2
LAYER
  5
1
330
0
100
AcDbSymbolTable
 70
4
  0
LAYER
  5
27
330
1
100
AcDbSymbolTableRecord
100
AcDbLayerTableRecord
  2
0
 70
0
 62
7
  6
Continuous
370
-3
390
13
347
21
  0
LAYER
  5
28
330
1
100
AcDbSymbolTableRecord
100
AcDbLayerTableRecord
  2
Defpoints
 70
0
 62
7
  6
Continuous
290
0
370
-3
390
13
347
21
  0
LAYER
  5
2F
330
1
100
AcDbSymbolTableRecord
100
AcDbLayerTableRecord
  2
CONDUCTIVE_METASURFACE
 70
0
 62
1
  6
Continuous
370
-3
390
13
347
21
  0
LAYER
  5
30
330
1
100
AcDbSymbolTableRecord
100
AcDbLayerTableRecord
  2
APERTURE_BOUNDING_BOX
 70
0
 62
7
  6
Continuous
370
-3
390
13
347
21
  0
ENDTAB
  0
TABLE
  2
STYLE
  5
5
330
0
100
AcDbSymbolTable
 70
1
  0
STYLE
  5
29
330
5
100
AcDbSymbolTableRecord
100
AcDbTextStyleTableRecord
  2
Standard
 70
0
 40
0.0
 41
1.0
 50
0.0
 71
0
 42
2.5
  3
txt
  4

  0
ENDTAB
  0
TABLE
  2
VIEW
  5
7
330
0
100
AcDbSymbolTable
 70
0
  0
ENDTAB
  0
TABLE
  2
UCS
  5
6
330
0
100
AcDbSymbolTable
 70
0
  0
ENDTAB
  0
TABLE
  2
APPID
  5
3
330
0
100
AcDbSymbolTable
 70
3
  0
APPID
  5
2A
330
3
100
AcDbSymbolTableRecord
100
AcDbRegAppTableRecord
  2
ACAD
 70
0
  0
APPID
  5
15A
330
3
100
AcDbSymbolTableRecord
100
AcDbRegAppTableRecord
  2
HATCHBACKGROUNDCOLOR
 70
0
  0
APPID
  5
15B
330
3
100
AcDbSymbolTableRecord
100
AcDbRegAppTableRecord
  2
EZDXF
 70
0
  0
ENDTAB
  0
TABLE
  2
DIMSTYLE
  5
4
330
0
100
AcDbSymbolTable
 70
1
100
AcDbDimStyleTable
  0
DIMSTYLE
105
2B
330
4
100
AcDbSymbolTableRecord
100
AcDbDimStyleTableRecord
  2
Standard
 70
0
 40
1.0
 41
2.5
 42
0.625
 43
3.75
 44
1.25
 45
0.0
 46
0.0
 47
0.0
 48
0.0
 49
2.5
140
2.5
141
2.5
142
0.0
143
0.03937007874
144
1.0
145
0.0
146
1.0
147
0.625
148
0.0
 69
0
 70
0
 71
0
 72
0
 73
0
 74
0
 75
0
 76
0
 77
1
 78
8
 79
3
170
0
171
3
172
1
173
0
174
0
175
0
176
0
177
0
178
0
179
2
271
2
272
2
273
2
274
3
275
0
276
0
277
2
278
44
279
0
280
0
281
0
282
0
283
0
284
8
285
0
286
0
288
0
289
3
290
0
371
-2
372
-2
  0
ENDTAB
  0
TABLE
  2
BLOCK_RECORD
  5
9
330
0
100
AcDbSymbolTable
 70
2
  0
BLOCK_RECORD
  5
17
330
9
100
AcDbSymbolTableRecord
100
AcDbBlockTableRecord
  2
*Model_Space
340
1A
 70
0
280
1
281
0
  0
BLOCK_RECORD
  5
1B
330
9
100
AcDbSymbolTableRecord
100
AcDbBlockTableRecord
  2
*Paper_Space
340
1E
 70
0
280
1
281
0
  0
ENDTAB
  0
ENDSEC
  0
SECTION
  2
BLOCKS
  0
BLOCK
  5
18
330
17
100
AcDbEntity
  8
0
100
AcDbBlockBegin
  2
*Model_Space
 70
0
 10
0.0
 20
0.0
 30
0.0
  3
*Model_Space
  1

  0
ENDBLK
  5
19
330
17
100
AcDbEntity
  8
0
100
AcDbBlockEnd
  0
BLOCK
  5
1C
330
1B
100
AcDbEntity
  8
0
100
AcDbBlockBegin
  2
*Paper_Space
 70
0
 10
0.0
 20
0.0
 30
0.0
  3
*Paper_Space
  1

  0
ENDBLK
  5
1D
330
1B
100
AcDbEntity
  8
0
100
AcDbBlockEnd
  0
ENDSEC
  0
SECTION
  2
ENTITIES
  0
LWPOLYLINE
  5
31
330
17
100
AcDbEntity
  8
APERTURE_BOUNDING_BOX
100
AcDbPolyline
 90
5
 70
0
 10
0.0
 20
0.0
 10
22.86
 20
0.0
 10
22.86
 20
10.16
 10
0.0
 20
10.16
 10
0.0
 20
0.0
  0
LWPOLYLINE
  5
32
330
17
100
AcDbEntity
  8
CONDUCTIVE_METASURFACE
100
AcDbPolyline
 90
5
 70
1
 10
1.2586070876208855
 20
10.120156862745098
 10
1.2526027397260273
 20
10.130114614070823
 10
1.2188653674944445
 20
10.120156862745098
 10
1.2526027397260273
 20
10.112584969499004
 10
1.2586070876208855
 20
10.120156862745098
  0
LWPOLYLINE
  5
33
330
17
100
AcDbEntity
  8
CONDUCTIVE_METASURFACE
100
AcDbPolyline
 90
5
 70
1
 10
4.462154460525849
 20
10.120156862745098
 10
4.428845401174168
 20
10.129906028046747
 10
4.422979581085087
 20
10.120156862745098
 10
4.428845401174168
 20
10.112784387970406
 10
4.462154460525849
 20
10.120156862745098
  0
LWPOLYLINE
  5
34
330
17
100
AcDbEntity
  8
CONDUCTIVE_METASURFACE
100
AcDbPolyline
 90
5
 70
1
 10
6.984791040654154
 20
10.120156862745098
 10
6.978786692759295
 20
10.130114614070823
 10
6.945049320527713
 20
10.120156862745098
 10
6.978786692759295
 20
10.112584969499004
 10
6.984791040654154
 20
10.120156862745098
  0
LWPOLYLINE
  5
35
330
17
100
AcDbEntity
  8
CONDUCTIVE_METASURFACE
100
AcDbPolyline
 90
5
 70
1
 10
10.18833841355912
 20
10.120156862745098
 10
10.155029354207436
 20
10.129906028046747
 10
10.149163534118355
 20
10.120156862745098
 10
10.155029354207436
 20
10.112784387970406
 10
10.18833841355912
 20
10.120156862745098
  0
LWPOLYLINE
  5
36
330
17
100
AcDbEntity
  8
CONDUCTIVE_METASURFACE
100
AcDbPolyline
 90
5
 70
1
 10
12.71097499368742
 20
10.120156862745098
 10
12.704970645792562
 20
10.130114614070823
 10
12.671233273560983
 20
10.120156862745098
 10
12.704970645792562
 20
10.112584969499004
 10
12.71097499368742
 20
10.120156862745098
  0
LWPOLYLINE
  5
37
330
17
100
AcDbEntity
  8
CONDUCTIVE_METASURFACE
100
AcDbPolyline
 90
5
 70
1
 10
15.914522366592385
 20
10.120156862745098
 10
15.881213307240705
 20
10.129906028046747
 10
15.875347487151625
 20
10.120156862745098
 10
15.881213307240705
 20
10.112784387970406
 10
15.914522366592385
 20
10.120156862745098
  0
LWPOLYLINE
  5
38
330
17
100
AcDbEntity
  8
CONDUCTIVE_METASURFACE
100
AcDbPolyline
 90
5
 70
1
 10
18.43715894672069
 20
10.120156862745098
 10
18.43115459882583
 20
10.130114614070823
 10
18.39741722659425
 20
10.120156862745098
 10
18.43115459882583
 20
10.112584969499004
 10
18.43715894672069
 20
10.120156862745098
  0
LWPOLYLINE
  5
39
330
17
100
AcDbEntity
  8
CONDUCTIVE_METASURFACE
100
AcDbPolyline
 90
5
 70
1
 10
21.640706319625654
 20
10.120156862745098
 10
21.607397260273974
 20
10.129906028046747
 10
21.601531440184893
 20
10.120156862745098
 10
21.607397260273974
 20
10.112784387970406
 10
21.640706319625654
 20
10.120156862745098
  0
LWPOLYLINE
  5
3A
330
17
100
AcDbEntity
  8
CONDUCTIVE_METASURFACE
100
AcDbPolyline
 90
13
 70
1
 10
0.6031605909010248
 20
9.602196078431373
 10
0.6263013698630137
 20
9.622770878731417
 10
0.6341392128115073
 20
9.642039215686275
 10
0.6263013698630137
 20
9.663859062099828
 10
0.5898337475133777
 20
9.681882352941177
 10
0.5815655577299412
 20
9.683662349260565
 10
0.5693214753848544
 20
9.681882352941177
 10
0.5368297455968688
 20
9.652856895462008
 10
0.5348541391380122
 20
9.642039215686275
 10
0.5368297455968688
 20
9.634871120172583
 10
0.5573485634829985
 20
9.602196078431373
 10
0.5815655577299412
 20
9.595261438323227
 10
0.6031605909010248
 20
9.602196078431373
  0
LWPOLYLINE
  5
3B
330
17
100
AcDbEntity
  8
CONDUCTIVE_METASURFACE
100
AcDbPolyline
 90
217
 70
1
 10
0.6208915566826765
 20
8.088156862745098
 10
0.6263013698630137
 20
8.095196217442513
 10
0.6582308439003047
 20
8.128
 10
0.6519579875102578
 20
8.167843137254902
 10
0.6607049504125243
 20
8.207686274509804
 10
0.6710371819960861
 20
8.226247446400587
 10
0.7157729941291584
 20
8.240862041415518
 10
0.7368735561229729
 20
8.247529411764706
 10
0.7605088062622308
 20
8.257944166240303
 10
0.8052446183953033
 20
8.263962182658055
 10
0.8499804305283757
 20
8.26332047354216
 10
0.8928473887614238
 20
8.247529411764706
 10
0.8947162426614481
 20
8.246987305424506
 10
0.9394520547945204
 20
8.239382768532188
 10
0.9642465817571109
 20
8.247529411764706
 10
0.9841878669275929
 20
8.2686658587
 10
0.9973171681945371
 20
8.287372549019608
 10
1.010500548041321
 20
8.32721568627451
 10
1.0289236790606653
 20
8.343433284236134
 10
1.0625892580230298
 20
8.32721568627451
 10
1.0736594911937376
 20
8.3211612710916
 10
1.082785549844995
 20
8.32721568627451
 10
1.1183953033268101
 20
8.354633823227001
 10
1.1307412945979007
 20
8.367058823529412
 10
1.1183953033268101
 20
8.395179767605129
 10
1.1140147011866295
 20
8.406901960784314
 10
1.1084013659387006
 20
8.446745098039216
 10
1.0859817410083152
 20
8.486588235294118
 10
1.0736594911937376
 20
8.517404534452085
 10
1.070945311076084
 20
8.52643137254902
 10
1.063331016481239
 20
8.566274509803922
 10
1.0736594911937376
 20
8.582632869992374
 10
1.1183953033268101
 20
8.595000276683981
 10
1.1631311154598825
 20
8.57725790292366
 10
1.1666856597462738
 20
8.566274509803922
 10
1.1817233478759652
 20
8.52643137254902
 10
1.207866927592955
 20
8.502236923196635
 10
1.2526027397260273
 20
8.509071132438674
 10
1.2973385518590996
 20
8.510558978296473
 10
1.3420743639921722
 20
8.511764010075932
 10
1.3621531772790656
 20
8.52643137254902
 10
1.3797656713898496
 20
8.566274509803922
 10
1.3868101761252445
 20
8.579903014527533
 10
1.4204595487521372
 20
8.606117647058824
 10
1.4315459882583168
 20
8.644502361504063
 10
1.4318762720179306
 20
8.645960784313726
 10
1.4449643335741862
 20
8.685803921568628
 10
1.4762818003913893
 20
8.72431968453365
 10
1.4819375040327196
 20
8.72564705882353
 10
1.5210176125244617
 20
8.738729697809413
 10
1.5364074023507968
 20
8.765490196078431
 10
1.5657534246575342
 20
8.791790371254336
 10
1.5952572582803017
 20
8.805333333333333
 10
1.6104892367906065
 20
8.843404821195081
 10
1.610982975482875
 20
8.845176470588235
 10
1.6552250489236788
 20
8.873524046799611
 10
1.6996359761811684
 20
8.885019607843137
 10
1.6999608610567514
 20
8.885340877840784
 10
1.7446966731898237
 20
8.895315086618686
 10
1.773900967706115
 20
8.92486274509804
 10
1.7894324853228962
 20
8.931210029436912
 10
1.8341682974559685
 20
8.946762872236414
 10
1.8506837250343333
 20
8.964705882352941
 10
1.8519926502465272
 20
9.004549019607843
 10
1.853948044064971
 20
9.044392156862745
 10
1.861912023126346
 20
9.084235294117647
 10
1.8341682974559685
 20
9.107774946994427
 10
1.7894324853228962
 20
9.121333872439749
 10
1.7788124466929498
 20
9.12407843137255
 10
1.757498802785914
 20
9.163921568627451
 10
1.7712418829310848
 20
9.203764705882353
 10
1.7894324853228962
 20
9.21291259575911
 10
1.8341682974559685
 20
9.206086707906312
 10
1.8439218298508435
 20
9.203764705882353
 10
1.8789041095890409
 20
9.19269234235052
 10
1.9236399217221134
 20
9.172719096973465
 10
1.9683757338551857
 20
9.167813385980578
 10
1.9814988098405044
 20
9.163921568627451
 10
2.013111545988258
 20
9.152903693368927
 10
2.0270782362868354
 20
9.163921568627451
 10
2.0578473581213306
 20
9.195521275416088
 10
2.064789589502782
 20
9.203764705882353
 10
2.0578473581213306
 20
9.213849708440726
 10
2.0398324559343712
 20
9.243607843137255
 10
2.0578473581213306
 20
9.259832813981296
 10
2.102583170254403
 20
9.271595787260305
 10
2.1239406053339054
 20
9.283450980392157
 10
2.147318982387475
 20
9.30080278924333
 10
2.156683835036577
 20
9.323294117647059
 10
2.148414470706605
 20
9.363137254901961
 10
2.147318982387475
 20
9.366146509940572
 10
2.130148847327265
 20
9.402980392156863
 10
2.1294204103047685
 20
9.442823529411765
 10
2.136396988914386
 20
9.482666666666667
 10
2.147318982387475
 20
9.50244714097513
 10
2.1552314821097753
 20
9.522509803921569
 10
2.1720379609548104
 20
9.56235294117647
 10
2.1920547945205477
 20
9.57114252111179
 10
2.2367906066536203
 20
9.578791572048427
 10
2.2815264187866924
 20
9.572771225475162
 10
2.319095245079158
 20
9.602196078431373
 10
2.326262230919765
 20
9.606618627258241
 10
2.346992365162144
 20
9.642039215686275
 10
2.340754378923347
 20
9.681882352941177
 10
2.326262230919765
 20
9.698234044310327
 10
2.2815264187866924
 20
9.70406201953764
 10
2.2367906066536203
 20
9.699180534687212
 10
2.1920547945205477
 20
9.687702780492904
 10
2.1873138688364246
 20
9.681882352941177
 10
2.147318982387475
 20
9.646783855329373
 10
2.102583170254403
 20
9.645442850207079
 10
2.0978816211449205
 20
9.642039215686275
 10
2.102583170254403
 20
9.620348489476124
 10
2.1076664747369573
 20
9.602196078431373
 10
2.102583170254403
 20
9.59539109772898
 10
2.0578473581213306
 20
9.579093624066795
 10
2.013111545988258
 20
9.585203822196734
 10
1.9701819987011813
 20
9.602196078431373
 10
1.9683757338551857
 20
9.604121539488798
 10
1.9236399217221134
 20
9.61477576378612
 10
1.8911675014776033
 20
9.602196078431373
 10
1.8789041095890409
 20
9.595379808390504
 10
1.8341682974559685
 20
9.569327875458567
 10
1.8247694843752025
 20
9.56235294117647
 10
1.81271281366623
 20
9.522509803921569
 10
1.7894324853228962
 20
9.484418027320974
 10
1.7887641794184508
 20
9.482666666666667
 10
1.7850590354824818
 20
9.442823529411765
 10
1.7894324853228962
 20
9.424552219965488
 10
1.7933643464047397
 20
9.402980392156863
 10
1.7894324853228962
 20
9.39630591344642
 10
1.7676332130348742
 20
9.363137254901961
 10
1.7446966731898237
 20
9.342134566002342
 10
1.6999608610567514
 20
9.339264975935825
 10
1.6552250489236788
 20
9.356889536935345
 10
1.6104892367906065
 20
9.359327414507451
 10
1.5657534246575342
 20
9.349634755559872
 10
1.5210176125244617
 20
9.331487942036189
 10
1.5147315602765234
 20
9.323294117647059
 10
1.4918852530470434
 20
9.283450980392157
 10
1.5210176125244617
 20
9.243820144053622
 10
1.5212021101637492
 20
9.243607843137255
 10
1.5657534246575342
 20
9.214127119991215
 10
1.6104892367906065
 20
9.224563415181997
 10
1.6552250489236788
 20
9.233180032016882
 10
1.6773343860338117
 20
9.203764705882353
 10
1.6552250489236788
 20
9.168219871937652
 10
1.6104892367906065
 20
9.168932609987252
 10
1.6061907150798924
 20
9.163921568627451
 10
1.5828928731984047
 20
9.12407843137255
 10
1.575585481326385
 20
9.084235294117647
 10
1.5657534246575342
 20
9.073437870126478
 10
1.5210176125244617
 20
9.047693819083948
 10
1.5184640189471634
 20
9.044392156862745
 10
1.4762818003913893
 20
9.023191827730997
 10
1.4315459882583168
 20
9.015524201843943
 10
1.3868101761252445
 20
9.011412013234608
 10
1.3420743639921722
 20
9.006211966793762
 10
1.3316737495792006
 20
9.004549019607843
 10
1.2973385518590996
 20
8.972641174958145
 10
1.2957992599639137
 20
8.964705882352941
 10
1.2901709418669516
 20
8.92486274509804
 10
1.285263343450959
 20
8.885019607843137
 10
1.27645970884433
 20
8.845176470588235
 10
1.2526027397260273
 20
8.807804023219868
 10
1.248537107434704
 20
8.805333333333333
 10
1.2197727644047005
 20
8.765490196078431
 10
1.207866927592955
 20
8.756761775654669
 10
1.1631311154598825
 20
8.750068479189332
 10
1.1183953033268101
 20
8.729271814846298
 10
1.1129813041519676
 20
8.72564705882353
 10
1.1137917857439064
 20
8.685803921568628
 10
1.0736594911937376
 20
8.666226434685639
 10
1.041422828493036
 20
8.685803921568628
 10
1.0507020542559642
 20
8.72564705882353
 10
1.0621615036434007
 20
8.765490196078431
 10
1.0290754755177198
 20
8.805333333333333
 10
1.0289236790606653
 20
8.805475081089428
 10
0.9841878669275929
 20
8.831643205447392
 10
0.9394520547945204
 20
8.811124293822063
 10
0.9299735907779371
 20
8.805333333333333
 10
0.9097233972323843
 20
8.765490196078431
 10
0.8984321181944754
 20
8.72564705882353
 10
0.900276012888429
 20
8.685803921568628
 10
0.9207920332200401
 20
8.645960784313726
 10
0.9178132996611577
 20
8.606117647058824
 10
0.8947162426614481
 20
8.585991955568971
 10
0.8573278968720367
 20
8.566274509803922
 10
0.8499804305283757
 20
8.56283308240838
 10
0.8266142533833578
 20
8.566274509803922
 10
0.8052446183953033
 20
8.570424450225968
 10
0.7605088062622308
 20
8.567213294661592
 10
0.7573898416666491
 20
8.566274509803922
 10
0.7157729941291584
 20
8.546170972790922
 10
0.6710371819960861
 20
8.535356322552296
 10
0.6627099518754132
 20
8.52643137254902
 10
0.6336800014940155
 20
8.486588235294118
 10
0.6263013698630137
 20
8.476023152433033
 10
0.6118900134750626
 20
8.446745098039216
 10
0.6238530192391876
 20
8.406901960784314
 10
0.6263013698630137
 20
8.405093568612992
 10
0.6453218065904169
 20
8.367058823529412
 10
0.6522343321334146
 20
8.32721568627451
 10
0.6340775972970485
 20
8.287372549019608
 10
0.6263013698630137
 20
8.282767164185175
 10
0.6059721493490914
 20
8.287372549019608
 10
0.5815655577299412
 20
8.291650008903083
 10
0.5776806361942871
 20
8.287372549019608
 10
0.5763227777227935
 20
8.247529411764706
 10
0.5368297455968688
 20
8.211740646599074
 10
0.5305989121595316
 20
8.207686274509804
 10
0.5178322226330793
 20
8.167843137254902
 10
0.5125178775786184
 20
8.128
 10
0.5186896758191829
 20
8.088156862745098
 10
0.5368297455968688
 20
8.075269838428326
 10
0.5815655577299412
 20
8.069669443443244
 10
0.6208915566826765
 20
8.088156862745098
  0
LWPOLYLINE
  5
3C
330
17
100
AcDbEntity
  8
CONDUCTIVE_METASURFACE
100
AcDbPolyline
 90
217
 70
1
 10
5.162977979480072
 20
8.088156862745098
 10
5.169521609673019
 20
8.128
 10
5.164040698025404
 20
8.167843137254902
 10
5.151153481520061
 20
8.207686274509804
 10
5.144618395303326
 20
8.211908644917456
 10
5.105209862406607
 20
8.247529411764706
 10
5.103704219146317
 20
8.287372549019608
 10
5.099882583170254
 20
8.291559949316799
 10
5.075527807680151
 20
8.287372549019608
 10
5.055146771037181
 20
8.282845317986062
 10
5.047506362298088
 20
8.287372549019608
 10
5.029207435289643
 20
8.32721568627451
 10
5.036067958552108
 20
8.367058823529412
 10
5.055146771037181
 20
8.405293090659706
 10
5.057308880329991
 20
8.406901960784314
 10
5.069271329487907
 20
8.446745098039216
 10
5.055146771037181
 20
8.475666292111027
 10
5.047493612680999
 20
8.486588235294118
 10
5.018242493116318
 20
8.52643137254902
 10
5.010410958904109
 20
8.534802333897044
 10
4.965675146771037
 20
8.545540381283049
 10
4.922905903636608
 20
8.566274509803922
 10
4.920939334637964
 20
8.566869767387685
 10
4.876203522504892
 20
8.570169729423782
 10
4.855688136491197
 20
8.566274509803922
 10
4.83146771037182
 20
8.56277271610204
 10
4.8239737081304375
 20
8.566274509803922
 10
4.786731898238747
 20
8.58568966741969
 10
4.763150133190478
 20
8.606117647058824
 10
4.759928172903499
 20
8.645960784313726
 10
4.779717081399541
 20
8.685803921568628
 10
4.782454206026432
 20
8.72564705882353
 10
4.771571280457772
 20
8.765490196078431
 10
4.751196022615532
 20
8.805333333333333
 10
4.741996086105675
 20
8.810931833819536
 10
4.697260273972602
 20
8.831279487965695
 10
4.6527629638595105
 20
8.805333333333333
 10
4.65252446183953
 20
8.805168923702604
 10
4.619423569316486
 20
8.765490196078431
 10
4.631141415808829
 20
8.72564705882353
 10
4.6408161139671025
 20
8.685803921568628
 10
4.607788649706458
 20
8.666112658239697
 10
4.567878947097674
 20
8.685803921568628
 10
4.568679172016861
 20
8.72564705882353
 10
4.563052837573385
 20
8.729475416226396
 10
4.518317025440313
 20
8.750225272794314
 10
4.473581213307241
 20
8.756733436448748
 10
4.461457828488449
 20
8.765490196078431
 10
4.432552455996179
 20
8.805333333333333
 10
4.428845401174168
 20
8.807607622750027
 10
4.40504171520132
 20
8.845176470588235
 10
4.39643257771793
 20
8.885019607843137
 10
4.391815381613995
 20
8.92486274509804
 10
4.385976773888152
 20
8.964705882352941
 10
4.3841095890410955
 20
8.973969197035132
 10
4.348283638147907
 20
9.004549019607843
 10
4.339373776908023
 20
9.00591997295372
 10
4.29463796477495
 20
9.010932764258968
 10
4.249902152641878
 20
9.015303641894167
 10
4.205166340508806
 20
9.02314445517845
 10
4.1632047769337
 20
9.044392156862745
 10
4.160430528375733
 20
9.048013347186883
 10
4.115694716242661
 20
9.073631700555095
 10
4.105894561644691
 20
9.084235294117647
 10
4.098379283053631
 20
9.12407843137255
 10
4.075028857237512
 20
9.163921568627451
 10
4.070958904109589
 20
9.16874353444725
 10
4.026223091976516
 20
9.168021742172307
 10
4.004241567704462
 20
9.203764705882353
 10
4.026223091976516
 20
9.232475688618202
 10
4.070958904109589
 20
9.224211300346342
 10
4.115694716242661
 20
9.214005141638358
 10
4.160430528375733
 20
9.243472590246801
 10
4.160589750705559
 20
9.243607843137255
 10
4.189971260202056
 20
9.283450980392157
 10
4.166932648779548
 20
9.323294117647059
 10
4.160430528375733
 20
9.331735994977397
 10
4.115694716242661
 20
9.34977141236156
 10
4.070958904109589
 20
9.35982777795664
 10
4.026223091976516
 20
9.358185580739994
 10
3.981487279843444
 20
9.33991332838923
 10
3.9367514677103714
 20
9.342566305309594
 10
3.9141544153972556
 20
9.363137254901961
 10
3.892015655577299
 20
9.396436525936528
 10
3.8881516311059245
 20
9.402980392156863
 10
3.892015655577299
 20
9.423791043542778
 10
3.896675203170278
 20
9.442823529411765
 10
3.8930697566564545
 20
9.482666666666667
 10
3.892015655577299
 20
9.485444606252278
 10
3.8694434996497833
 20
9.522509803921569
 10
3.8573008286817947
 20
9.56235294117647
 10
3.847279843444227
 20
9.569769478242629
 10
3.8025440313111543
 20
9.595624443191221
 10
3.790681598329439
 20
9.602196078431373
 10
3.7578082191780817
 20
9.615031352604898
 10
3.7130724070450096
 20
9.604376706972381
 10
3.7110419026003623
 20
9.602196078431373
 10
3.668336594911937
 20
9.585255904933964
 10
3.6236007827788645
 20
9.579099434293838
 10
3.5788649706457925
 20
9.595270435605785
 10
3.5736941157411213
 20
9.602196078431373
 10
3.5788649706457925
 20
9.620301516493118
 10
3.583667829384297
 20
9.642039215686275
 10
3.5788649706457925
 20
9.645499346024828
 10
3.53412915851272
 20
9.646708656731859
 10
3.493945694574547
 20
9.681882352941177
 10
3.4893933463796474
 20
9.687431857948406
 10
3.4446575342465753
 20
9.698802211896057
 10
3.3999217221135027
 20
9.703535360203045
 10
3.35518590998043
 20
9.69803852394437
 10
3.340716337466855
 20
9.681882352941177
 10
3.3344282492595476
 20
9.642039215686275
 10
3.35518590998043
 20
9.607014230297523
 10
3.363089691979071
 20
9.602196078431373
 10
3.3999217221135027
 20
9.573758643468913
 10
3.4446575342465753
 20
9.579345510928945
 10
3.4893933463796474
 20
9.57155516111962
 10
3.5102338119374346
 20
9.56235294117647
 10
3.5266430859848574
 20
9.522509803921569
 10
3.53412915851272
 20
9.50371709142628
 10
3.54582286919033
 20
9.482666666666667
 10
3.5525798945097593
 20
9.442823529411765
 10
3.5518593726301635
 20
9.402980392156863
 10
3.53412915851272
 20
9.36480159371031
 10
3.533520526019148
 20
9.363137254901961
 10
3.524982142650806
 20
9.323294117647059
 10
3.53412915851272
 20
9.301211387404743
 10
3.557861207811274
 20
9.283450980392157
 10
3.5788649706457925
 20
9.271757642729385
 10
3.6236007827788645
 20
9.26001608927993
 10
3.641809902722213
 20
9.243607843137255
 10
3.6236007827788645
 20
9.213624135084345
 10
3.616802956986581
 20
9.203764705882353
 10
3.6236007827788645
 20
9.195636818920315
 10
3.654385896489615
 20
9.163921568627451
 10
3.668336594911937
 20
9.152925897644405
 10
3.699910603048355
 20
9.163921568627451
 10
3.7130724070450096
 20
9.167823113248362
 10
3.7578082191780817
 20
9.172822483176603
 10
3.8025440313111543
 20
9.192790111082967
 10
3.8371445781303626
 20
9.203764705882353
 10
3.847279843444227
 20
9.20618202358454
 10
3.892015655577299
 20
9.212963557353227
 10
3.9103827664836026
 20
9.203764705882353
 10
3.9242688489288797
 20
9.163921568627451
 10
3.9043477036085608
 20
9.12407843137255
 10
3.892015655577299
 20
9.120912661943272
 10
3.847279843444227
 20
9.107519609275895
 10
3.8201143461570948
 20
9.084235294117647
 10
3.8277877860014358
 20
9.044392156862745
 10
3.829458337635196
 20
9.004549019607843
 10
3.8308113589458266
 20
8.964705882352941
 10
3.847279843444227
 20
8.946823064932005
 10
3.892015655577299
 20
8.93113683203348
 10
3.9073177666332475
 20
8.92486274509804
 10
3.9367514677103714
 20
8.894893517639877
 10
3.979849810218079
 20
8.885019607843137
 10
3.981487279843444
 20
8.884725456124897
 10
4.026223091976516
 20
8.873068743851306
 10
4.069468531234042
 20
8.845176470588235
 10
4.070958904109589
 20
8.840139343093838
 10
4.085648120997881
 20
8.805333333333333
 10
4.115694716242661
 20
8.791626713049727
 10
4.145224463554019
 20
8.765490196078431
 10
4.160430528375733
 20
8.739212955212858
 10
4.20317683545446
 20
8.72564705882353
 10
4.205166340508806
 20
8.725207257344714
 10
4.236994894482851
 20
8.685803921568628
 10
4.249902152641878
 20
8.646249986723264
 10
4.250262690226192
 20
8.645960784313726
 10
4.2614619679673895
 20
8.606117647058824
 10
4.29463796477495
 20
8.58010748848885
 10
4.301764749721312
 20
8.566274509803922
 10
4.319227467188574
 20
8.52643137254902
 10
4.339373776908023
 20
8.511722266257053
 10
4.3841095890410955
 20
8.510556482315492
 10
4.428845401174168
 20
8.508814964423008
 10
4.473581213307241
 20
8.501721981456475
 10
4.500011515910355
 20
8.52643137254902
 10
4.515235439648647
 20
8.566274509803922
 10
4.518317025440313
 20
8.575733014645031
 10
4.563052837573385
 20
8.594715668261191
 10
4.607788649706458
 20
8.582475605829424
 10
4.6180598686379115
 20
8.566274509803922
 10
4.6103957693064235
 20
8.52643137254902
 10
4.607788649706458
 20
8.517744612489652
 10
4.595356636513528
 20
8.486588235294118
 10
4.57293070547498
 20
8.446745098039216
 10
4.567422568908642
 20
8.406901960784314
 10
4.563052837573385
 20
8.395214097341961
 10
4.550682012105292
 20
8.367058823529412
 10
4.563052837573385
 20
8.354619688770773
 10
4.5985330306788965
 20
8.32721568627451
 10
4.607788649706458
 20
8.321032773930227
 10
4.61911197203641
 20
8.32721568627451
 10
4.65252446183953
 20
8.34326035858213
 10
4.670741880172231
 20
8.32721568627451
 10
4.683949321410225
 20
8.287372549019608
 10
4.697260273972602
 20
8.268351000101632
 10
4.716742912266044
 20
8.247529411764706
 10
4.741996086105675
 20
8.239188790009388
 10
4.786731898238747
 20
8.246553744916097
 10
4.790110655105007
 20
8.247529411764706
 10
4.83146771037182
 20
8.262821679977083
 10
4.876203522504892
 20
8.263470442517091
 10
4.920939334637964
 20
8.257256868595682
 10
4.943148833265811
 20
8.247529411764706
 10
4.965675146771037
 20
8.240482305330056
 10
5.010410958904109
 20
8.225513923013517
 10
5.020279922390314
 20
8.207686274509804
 10
5.028868297928583
 20
8.167843137254902
 10
5.022108671540945
 20
8.128
 10
5.055146771037181
 20
8.094540061830115
 10
5.060112447207091
 20
8.088156862745098
 10
5.099882583170254
 20
8.069693973919653
 10
5.144618395303326
 20
8.075249737559227
 10
5.162977979480072
 20
8.088156862745098
  0
LWPOLYLINE
  5
3D
330
17
100
AcDbEntity
  8
CONDUCTIVE_METASURFACE
100
AcDbPolyline
 90
13
 70
1
 10
5.124381733274903
 20
9.602196078431373
 10
5.144618395303326
 20
9.634675470738241
 10
5.146616930731183
 20
9.642039215686275
 10
5.144618395303326
 20
9.652943995520497
 10
5.112028629130421
 20
9.681882352941177
 10
5.099882583170254
 20
9.68364188879691
 10
5.091834249057001
 20
9.681882352941177
 10
5.055146771037181
 20
9.663607660456288
 10
5.0473605725903266
 20
9.642039215686275
 10
5.055146771037181
 20
9.622806037854293
 10
5.0782482445021735
 20
9.602196078431373
 10
5.099882583170254
 20
9.595215487056858
 10
5.124381733274903
 20
9.602196078431373
  0
LWPOLYLINE
  5
3E
330
17
100
AcDbEntity
  8
CONDUCTIVE_METASURFACE
100
AcDbPolyline
 90
13
 70
1
 10
6.329344543934293
 20
9.602196078431373
 10
6.352485322896281
 20
9.622770878731417
 10
6.360323165844776
 20
9.642039215686275
 10
6.352485322896281
 20
9.663859062099828
 10
6.316017700546646
 20
9.681882352941177
 10
6.307749510763209
 20
9.683662349260565
 10
6.295505428418122
 20
9.681882352941177
 10
6.263013698630137
 20
9.652856895462008
 10
6.26103809217128
 20
9.642039215686275
 10
6.263013698630137
 20
9.634871120172583
 10
6.283532516516266
 20
9.602196078431373
 10
6.307749510763209
 20
9.595261438323227
 10
6.329344543934293
 20
9.602196078431373
  0
LWPOLYLINE
  5
3F
330
17
100
AcDbEntity
  8
CONDUCTIVE_METASURFACE
100
AcDbPolyline
 90
217
 70
1
 10
6.347075509715945
 20
8.088156862745098
 10
6.352485322896281
 20
8.095196217442513
 10
6.384414796933572
 20
8.128
 10
6.378141940543526
 20
8.167843137254902
 10
6.386888903445794
 20
8.207686274509804
 10
6.397221135029354
 20
8.226247446400587
 10
6.441956947162426
 20
8.240862041415518
 10
6.463057509156242
 20
8.247529411764706
 10
6.486692759295498
 20
8.257944166240303
 10
6.531428571428571
 20
8.263962182658055
 10
6.576164383561643
 20
8.26332047354216
 10
6.619031341794692
 20
8.247529411764706
 10
6.620900195694715
 20
8.246987305424506
 10
6.665636007827788
 20
8.239382768532188
 10
6.690430534790378
 20
8.247529411764706
 10
6.71037181996086
 20
8.2686658587
 10
6.723501121227804
 20
8.287372549019608
 10
6.736684501074589
 20
8.32721568627451
 10
6.7551076320939325
 20
8.343433284236134
 10
6.788773211056299
 20
8.32721568627451
 10
6.7998434442270055
 20
8.3211612710916
 10
6.808969502878262
 20
8.32721568627451
 10
6.844579256360078
 20
8.354633823227001
 10
6.856925247631168
 20
8.367058823529412
 10
6.844579256360078
 20
8.395179767605129
 10
6.840198654219897
 20
8.406901960784314
 10
6.8345853189719685
 20
8.446745098039216
 10
6.8121656940415845
 20
8.486588235294118
 10
6.7998434442270055
 20
8.517404534452085
 10
6.797129264109353
 20
8.52643137254902
 10
6.789514969514507
 20
8.566274509803922
 10
6.7998434442270055
 20
8.582632869992374
 10
6.844579256360078
 20
8.595000276683981
 10
6.889315068493151
 20
8.57725790292366
 10
6.892869612779542
 20
8.566274509803922
 10
6.907907300909233
 20
8.52643137254902
 10
6.934050880626223
 20
8.502236923196635
 10
6.978786692759295
 20
8.509071132438674
 10
7.023522504892368
 20
8.510558978296473
 10
7.06825831702544
 20
8.511764010075932
 10
7.0883371303123335
 20
8.52643137254902
 10
7.1059496244231175
 20
8.566274509803922
 10
7.112994129158512
 20
8.579903014527533
 10
7.146643501785405
 20
8.606117647058824
 10
7.157729941291585
 20
8.644502361504063
 10
7.158060225051199
 20
8.645960784313726
 10
7.171148286607455
 20
8.685803921568628
 10
7.202465753424657
 20
8.72431968453365
 10
7.208121457065987
 20
8.72564705882353
 10
7.247201565557729
 20
8.738729697809413
 10
7.262591355384064
 20
8.765490196078431
 10
7.291937377690802
 20
8.791790371254336
 10
7.321441211313569
 20
8.805333333333333
 10
7.336673189823874
 20
8.843404821195081
 10
7.337166928516143
 20
8.845176470588235
 10
7.381409001956946
 20
8.873524046799611
 10
7.425819929214436
 20
8.885019607843137
 10
7.426144814090019
 20
8.885340877840784
 10
7.470880626223091
 20
8.895315086618686
 10
7.500084920739382
 20
8.92486274509804
 10
7.515616438356163
 20
8.931210029436912
 10
7.560352250489236
 20
8.946762872236414
 10
7.576867678067601
 20
8.964705882352941
 10
7.578176603279796
 20
9.004549019607843
 10
7.580131997098239
 20
9.044392156862745
 10
7.5880959761596145
 20
9.084235294117647
 10
7.560352250489236
 20
9.107774946994427
 10
7.515616438356163
 20
9.121333872439749
 10
7.504996399726217
 20
9.12407843137255
 10
7.483682755819182
 20
9.163921568627451
 10
7.497425835964353
 20
9.203764705882353
 10
7.515616438356163
 20
9.21291259575911
 10
7.560352250489236
 20
9.206086707906312
 10
7.570105782884112
 20
9.203764705882353
 10
7.6050880626223085
 20
9.19269234235052
 10
7.649823874755381
 20
9.172719096973465
 10
7.694559686888454
 20
9.167813385980578
 10
7.707682762873773
 20
9.163921568627451
 10
7.739295499021526
 20
9.152903693368927
 10
7.753262189320103
 20
9.163921568627451
 10
7.784031311154598
 20
9.195521275416088
 10
7.790973542536049
 20
9.203764705882353
 10
7.784031311154598
 20
9.213849708440726
 10
7.766016408967639
 20
9.243607843137255
 10
7.784031311154598
 20
9.259832813981296
 10
7.828767123287671
 20
9.271595787260305
 10
7.850124558367173
 20
9.283450980392157
 10
7.873502935420743
 20
9.30080278924333
 10
7.882867788069845
 20
9.323294117647059
 10
7.874598423739874
 20
9.363137254901961
 10
7.873502935420743
 20
9.366146509940572
 10
7.856332800360533
 20
9.402980392156863
 10
7.8556043633380375
 20
9.442823529411765
 10
7.862580941947654
 20
9.482666666666667
 10
7.873502935420743
 20
9.50244714097513
 10
7.881415435143044
 20
9.522509803921569
 10
7.8982219139880785
 20
9.56235294117647
 10
7.918238747553816
 20
9.57114252111179
 10
7.962974559686888
 20
9.578791572048427
 10
8.007710371819961
 20
9.572771225475162
 10
8.045279198112425
 20
9.602196078431373
 10
8.052446183953032
 20
9.606618627258241
 10
8.073176318195413
 20
9.642039215686275
 10
8.066938331956615
 20
9.681882352941177
 10
8.052446183953032
 20
9.698234044310327
 10
8.007710371819961
 20
9.70406201953764
 10
7.962974559686888
 20
9.699180534687212
 10
7.918238747553816
 20
9.687702780492904
 10
7.913497821869693
 20
9.681882352941177
 10
7.873502935420743
 20
9.646783855329373
 10
7.828767123287671
 20
9.645442850207079
 10
7.824065574178188
 20
9.642039215686275
 10
7.828767123287671
 20
9.620348489476124
 10
7.833850427770225
 20
9.602196078431373
 10
7.828767123287671
 20
9.59539109772898
 10
7.784031311154598
 20
9.579093624066795
 10
7.739295499021526
 20
9.585203822196734
 10
7.6963659517344505
 20
9.602196078431373
 10
7.694559686888454
 20
9.604121539488798
 10
7.649823874755381
 20
9.61477576378612
 10
7.617351454510871
 20
9.602196078431373
 10
7.6050880626223085
 20
9.595379808390504
 10
7.560352250489236
 20
9.569327875458567
 10
7.55095343740847
 20
9.56235294117647
 10
7.538896766699498
 20
9.522509803921569
 10
7.515616438356163
 20
9.484418027320974
 10
7.514948132451718
 20
9.482666666666667
 10
7.51124298851575
 20
9.442823529411765
 10
7.515616438356163
 20
9.424552219965488
 10
7.519548299438007
 20
9.402980392156863
 10
7.515616438356163
 20
9.39630591344642
 10
7.493817166068142
 20
9.363137254901961
 10
7.470880626223091
 20
9.342134566002342
 10
7.426144814090019
 20
9.339264975935825
 10
7.381409001956946
 20
9.356889536935345
 10
7.336673189823874
 20
9.359327414507451
 10
7.291937377690802
 20
9.349634755559872
 10
7.247201565557729
 20
9.331487942036189
 10
7.240915513309792
 20
9.323294117647059
 10
7.218069206080312
 20
9.283450980392157
 10
7.247201565557729
 20
9.243820144053622
 10
7.247386063197016
 20
9.243607843137255
 10
7.291937377690802
 20
9.214127119991215
 10
7.336673189823874
 20
9.224563415181997
 10
7.381409001956946
 20
9.233180032016882
 10
7.403518339067079
 20
9.203764705882353
 10
7.381409001956946
 20
9.168219871937652
 10
7.336673189823874
 20
9.168932609987252
 10
7.332374668113161
 20
9.163921568627451
 10
7.309076826231673
 20
9.12407843137255
 10
7.301769434359653
 20
9.084235294117647
 10
7.291937377690802
 20
9.073437870126478
 10
7.247201565557729
 20
9.047693819083948
 10
7.244647971980431
 20
9.044392156862745
 10
7.202465753424657
 20
9.023191827730997
 10
7.157729941291585
 20
9.015524201843943
 10
7.112994129158512
 20
9.011412013234608
 10
7.06825831702544
 20
9.006211966793762
 10
7.057857702612469
 20
9.004549019607843
 10
7.023522504892368
 20
8.972641174958145
 10
7.021983212997181
 20
8.964705882352941
 10
7.01635489490022
 20
8.92486274509804
 10
7.011447296484228
 20
8.885019607843137
 10
7.002643661877597
 20
8.845176470588235
 10
6.978786692759295
 20
8.807804023219868
 10
6.974721060467972
 20
8.805333333333333
 10
6.945956717437969
 20
8.765490196078431
 10
6.934050880626223
 20
8.756761775654669
 10
6.889315068493151
 20
8.750068479189332
 10
6.844579256360078
 20
8.729271814846298
 10
6.839165257185235
 20
8.72564705882353
 10
6.8399757387771745
 20
8.685803921568628
 10
6.7998434442270055
 20
8.666226434685639
 10
6.767606781526303
 20
8.685803921568628
 10
6.7768860072892325
 20
8.72564705882353
 10
6.788345456676668
 20
8.765490196078431
 10
6.755259428550988
 20
8.805333333333333
 10
6.7551076320939325
 20
8.805475081089428
 10
6.71037181996086
 20
8.831643205447392
 10
6.665636007827788
 20
8.811124293822063
 10
6.656157543811205
 20
8.805333333333333
 10
6.6359073502656525
 20
8.765490196078431
 10
6.624616071227743
 20
8.72564705882353
 10
6.626459965921698
 20
8.685803921568628
 10
6.646975986253309
 20
8.645960784313726
 10
6.643997252694426
 20
8.606117647058824
 10
6.620900195694715
 20
8.585991955568971
 10
6.583511849905304
 20
8.566274509803922
 10
6.576164383561643
 20
8.56283308240838
 10
6.552798206416626
 20
8.566274509803922
 10
6.531428571428571
 20
8.570424450225968
 10
6.486692759295498
 20
8.567213294661592
 10
6.483573794699916
 20
8.566274509803922
 10
6.441956947162426
 20
8.546170972790922
 10
6.397221135029354
 20
8.535356322552296
 10
6.38889390490868
 20
8.52643137254902
 10
6.359863954527283
 20
8.486588235294118
 10
6.352485322896281
 20
8.476023152433033
 10
6.33807396650833
 20
8.446745098039216
 10
6.350036972272456
 20
8.406901960784314
 10
6.352485322896281
 20
8.405093568612992
 10
6.371505759623684
 20
8.367058823529412
 10
6.378418285166682
 20
8.32721568627451
 10
6.360261550330316
 20
8.287372549019608
 10
6.352485322896281
 20
8.282767164185175
 10
6.33215610238236
 20
8.287372549019608
 10
6.307749510763209
 20
8.291650008903083
 10
6.303864589227555
 20
8.287372549019608
 10
6.302506730756062
 20
8.247529411764706
 10
6.263013698630137
 20
8.211740646599074
 10
6.2567828651927995
 20
8.207686274509804
 10
6.2440161756663475
 20
8.167843137254902
 10
6.238701830611887
 20
8.128
 10
6.24487362885245
 20
8.088156862745098
 10
6.263013698630137
 20
8.075269838428326
 10
6.307749510763209
 20
8.069669443443244
 10
6.347075509715945
 20
8.088156862745098
  0
LWPOLYLINE
  5
40
330
17
100
AcDbEntity
  8
CONDUCTIVE_METASURFACE
100
AcDbPolyline
 90
217
 70
1
 10
10.88916193251334
 20
8.088156862745098
 10
10.895705562706288
 20
8.128
 10
10.890224651058672
 20
8.167843137254902
 10
10.87733743455333
 20
8.207686274509804
 10
10.870802348336595
 20
8.211908644917456
 10
10.831393815439874
 20
8.247529411764706
 10
10.829888172179585
 20
8.287372549019608
 10
10.826066536203522
 20
8.291559949316799
 10
10.801711760713419
 20
8.287372549019608
 10
10.781330724070449
 20
8.282845317986062
 10
10.773690315331356
 20
8.287372549019608
 10
10.755391388322911
 20
8.32721568627451
 10
10.762251911585375
 20
8.367058823529412
 10
10.781330724070449
 20
8.405293090659706
 10
10.78349283336326
 20
8.406901960784314
 10
10.795455282521175
 20
8.446745098039216
 10
10.781330724070449
 20
8.475666292111027
 10
10.773677565714268
 20
8.486588235294118
 10
10.744426446149586
 20
8.52643137254902
 10
10.736594911937377
 20
8.534802333897044
 10
10.691859099804304
 20
8.545540381283049
 10
10.649089856669876
 20
8.566274509803922
 10
10.647123287671231
 20
8.566869767387685
 10
10.60238747553816
 20
8.570169729423782
 10
10.581872089524463
 20
8.566274509803922
 10
10.557651663405087
 20
8.56277271610204
 10
10.550157661163706
 20
8.566274509803922
 10
10.512915851272014
 20
8.58568966741969
 10
10.489334086223746
 20
8.606117647058824
 10
10.486112125936767
 20
8.645960784313726
 10
10.505901034432808
 20
8.685803921568628
 10
10.5086381590597
 20
8.72564705882353
 10
10.49775523349104
 20
8.765490196078431
 10
10.4773799756488
 20
8.805333333333333
 10
10.468180039138943
 20
8.810931833819536
 10
10.42344422700587
 20
8.831279487965695
 10
10.37894691689278
 20
8.805333333333333
 10
10.378708414872797
 20
8.805168923702604
 10
10.345607522349754
 20
8.765490196078431
 10
10.357325368842098
 20
8.72564705882353
 10
10.36700006700037
 20
8.685803921568628
 10
10.333972602739726
 20
8.666112658239697
 10
10.29406290013094
 20
8.685803921568628
 10
10.29486312505013
 20
8.72564705882353
 10
10.289236790606653
 20
8.729475416226396
 10
10.24450097847358
 20
8.750225272794314
 10
10.199765166340509
 20
8.756733436448748
 10
10.187641781521718
 20
8.765490196078431
 10
10.158736409029448
 20
8.805333333333333
 10
10.155029354207436
 20
8.807607622750027
 10
10.131225668234588
 20
8.845176470588235
 10
10.122616530751198
 20
8.885019607843137
 10
10.117999334647262
 20
8.92486274509804
 10
10.11216072692142
 20
8.964705882352941
 10
10.110293542074363
 20
8.973969197035132
 10
10.074467591181175
 20
9.004549019607843
 10
10.065557729941291
 20
9.00591997295372
 10
10.020821917808219
 20
9.010932764258968
 10
9.976086105675146
 20
9.015303641894167
 10
9.931350293542074
 20
9.02314445517845
 10
9.889388729966967
 20
9.044392156862745
 10
9.886614481409001
 20
9.048013347186883
 10
9.841878669275928
 20
9.073631700555095
 10
9.832078514677958
 20
9.084235294117647
 10
9.824563236086899
 20
9.12407843137255
 10
9.80121281027078
 20
9.163921568627451
 10
9.797142857142857
 20
9.16874353444725
 10
9.752407045009784
 20
9.168021742172307
 10
9.73042552073773
 20
9.203764705882353
 10
9.752407045009784
 20
9.232475688618202
 10
9.797142857142857
 20
9.224211300346342
 10
9.841878669275928
 20
9.214005141638358
 10
9.886614481409001
 20
9.243472590246801
 10
9.886773703738827
 20
9.243607843137255
 10
9.916155213235323
 20
9.283450980392157
 10
9.893116601812817
 20
9.323294117647059
 10
9.886614481409001
 20
9.331735994977397
 10
9.841878669275928
 20
9.34977141236156
 10
9.797142857142857
 20
9.35982777795664
 10
9.752407045009784
 20
9.358185580739994
 10
9.707671232876711
 20
9.33991332838923
 10
9.66293542074364
 20
9.342566305309594
 10
9.640338368430525
 20
9.363137254901961
 10
9.618199608610567
 20
9.396436525936528
 10
9.614335584139193
 20
9.402980392156863
 10
9.618199608610567
 20
9.423791043542778
 10
9.622859156203546
 20
9.442823529411765
 10
9.619253709689723
 20
9.482666666666667
 10
9.618199608610567
 20
9.485444606252278
 10
9.595627452683052
 20
9.522509803921569
 10
9.583484781715063
 20
9.56235294117647
 10
9.573463796477494
 20
9.569769478242629
 10
9.528727984344423
 20
9.595624443191221
 10
9.516865551362708
 20
9.602196078431373
 10
9.48399217221135
 20
9.615031352604898
 10
9.439256360078277
 20
9.604376706972381
 10
9.43722585563363
 20
9.602196078431373
 10
9.394520547945204
 20
9.585255904933964
 10
9.349784735812133
 20
9.579099434293838
 10
9.30504892367906
 20
9.595270435605785
 10
9.299878068774388
 20
9.602196078431373
 10
9.30504892367906
 20
9.620301516493118
 10
9.309851782417564
 20
9.642039215686275
 10
9.30504892367906
 20
9.645499346024828
 10
9.260313111545987
 20
9.646708656731859
 10
9.220129647607815
 20
9.681882352941177
 10
9.215577299412915
 20
9.687431857948406
 10
9.170841487279842
 20
9.698802211896057
 10
9.12610567514677
 20
9.703535360203045
 10
9.081369863013698
 20
9.69803852394437
 10
9.066900290500124
 20
9.681882352941177
 10
9.060612202292814
 20
9.642039215686275
 10
9.081369863013698
 20
9.607014230297523
 10
9.089273645012339
 20
9.602196078431373
 10
9.12610567514677
 20
9.573758643468913
 10
9.170841487279842
 20
9.579345510928945
 10
9.215577299412915
 20
9.57155516111962
 10
9.236417764970703
 20
9.56235294117647
 10
9.252827039018126
 20
9.522509803921569
 10
9.260313111545987
 20
9.50371709142628
 10
9.272006822223599
 20
9.482666666666667
 10
9.278763847543027
 20
9.442823529411765
 10
9.27804332566343
 20
9.402980392156863
 10
9.260313111545987
 20
9.36480159371031
 10
9.259704479052415
 20
9.363137254901961
 10
9.251166095684075
 20
9.323294117647059
 10
9.260313111545987
 20
9.301211387404743
 10
9.284045160844544
 20
9.283450980392157
 10
9.30504892367906
 20
9.271757642729385
 10
9.349784735812133
 20
9.26001608927993
 10
9.367993855755481
 20
9.243607843137255
 10
9.349784735812133
 20
9.213624135084345
 10
9.34298691001985
 20
9.203764705882353
 10
9.349784735812133
 20
9.195636818920315
 10
9.380569849522884
 20
9.163921568627451
 10
9.394520547945204
 20
9.152925897644405
 10
9.426094556081622
 20
9.163921568627451
 10
9.439256360078277
 20
9.167823113248362
 10
9.48399217221135
 20
9.172822483176603
 10
9.528727984344423
 20
9.192790111082967
 10
9.56332853116363
 20
9.203764705882353
 10
9.573463796477494
 20
9.20618202358454
 10
9.618199608610567
 20
9.212963557353227
 10
9.63656671951687
 20
9.203764705882353
 10
9.650452801962148
 20
9.163921568627451
 10
9.630531656641828
 20
9.12407843137255
 10
9.618199608610567
 20
9.120912661943272
 10
9.573463796477494
 20
9.107519609275895
 10
9.546298299190363
 20
9.084235294117647
 10
9.553971739034703
 20
9.044392156862745
 10
9.555642290668464
 20
9.004549019607843
 10
9.556995311979094
 20
8.964705882352941
 10
9.573463796477494
 20
8.946823064932005
 10
9.618199608610567
 20
8.93113683203348
 10
9.633501719666516
 20
8.92486274509804
 10
9.66293542074364
 20
8.894893517639877
 10
9.706033763251346
 20
8.885019607843137
 10
9.707671232876711
 20
8.884725456124897
 10
9.752407045009784
 20
8.873068743851306
 10
9.79565248426731
 20
8.845176470588235
 10
9.797142857142857
 20
8.840139343093838
 10
9.81183207403115
 20
8.805333333333333
 10
9.841878669275928
 20
8.791626713049727
 10
9.871408416587288
 20
8.765490196078431
 10
9.886614481409001
 20
8.739212955212858
 10
9.929360788487728
 20
8.72564705882353
 10
9.931350293542074
 20
8.725207257344714
 10
9.963178847516119
 20
8.685803921568628
 10
9.976086105675146
 20
8.646249986723264
 10
9.97644664325946
 20
8.645960784313726
 10
9.987645921000658
 20
8.606117647058824
 10
10.020821917808219
 20
8.58010748848885
 10
10.02794870275458
 20
8.566274509803922
 10
10.045411420221841
 20
8.52643137254902
 10
10.065557729941291
 20
8.511722266257053
 10
10.110293542074363
 20
8.510556482315492
 10
10.155029354207436
 20
8.508814964423008
 10
10.199765166340509
 20
8.501721981456475
 10
10.226195468943624
 20
8.52643137254902
 10
10.241419392681914
 20
8.566274509803922
 10
10.24450097847358
 20
8.575733014645031
 10
10.289236790606653
 20
8.594715668261191
 10
10.333972602739726
 20
8.582475605829424
 10
10.34424382167118
 20
8.566274509803922
 10
10.33657972233969
 20
8.52643137254902
 10
10.333972602739726
 20
8.517744612489652
 10
10.321540589546796
 20
8.486588235294118
 10
10.299114658508248
 20
8.446745098039216
 10
10.293606521941909
 20
8.406901960784314
 10
10.289236790606653
 20
8.395214097341961
 10
10.27686596513856
 20
8.367058823529412
 10
10.289236790606653
 20
8.354619688770773
 10
10.324716983712165
 20
8.32721568627451
 10
10.333972602739726
 20
8.321032773930227
 10
10.345295925069678
 20
8.32721568627451
 10
10.378708414872797
 20
8.34326035858213
 10
10.396925833205499
 20
8.32721568627451
 10
10.410133274443492
 20
8.287372549019608
 10
10.42344422700587
 20
8.268351000101632
 10
10.442926865299311
 20
8.247529411764706
 10
10.468180039138943
 20
8.239188790009388
 10
10.512915851272014
 20
8.246553744916097
 10
10.516294608138274
 20
8.247529411764706
 10
10.557651663405087
 20
8.262821679977083
 10
10.60238747553816
 20
8.263470442517091
 10
10.647123287671231
 20
8.257256868595682
 10
10.669332786299078
 20
8.247529411764706
 10
10.691859099804304
 20
8.240482305330056
 10
10.736594911937377
 20
8.225513923013517
 10
10.746463875423583
 20
8.207686274509804
 10
10.75505225096185
 20
8.167843137254902
 10
10.748292624574214
 20
8.128
 10
10.781330724070449
 20
8.094540061830115
 10
10.78629640024036
 20
8.088156862745098
 10
10.826066536203522
 20
8.069693973919653
 10
10.870802348336595
 20
8.075249737559227
 10
10.88916193251334
 20
8.088156862745098
  0
LWPOLYLINE
  5
41
330
17
100
AcDbEntity
  8
CONDUCTIVE_METASURFACE
100
AcDbPolyline
 90
13
 70
1
 10
10.85056568630817
 20
9.602196078431373
 10
10.870802348336595
 20
9.634675470738241
 10
10.87280088376445
 20
9.642039215686275
 10
10.870802348336595
 20
9.652943995520497
 10
10.838212582163688
 20
9.681882352941177
 10
10.826066536203522
 20
9.68364188879691
 10
10.81801820209027
 20
9.681882352941177
 10
10.781330724070449
 20
9.663607660456288
 10
10.773544525623594
 20
9.642039215686275
 10
10.781330724070449
 20
9.622806037854293
 10
10.804432197535442
 20
9.602196078431373
 10
10.826066536203522
 20
9.595215487056858
 10
10.85056568630817
 20
9.602196078431373
  0
LWPOLYLINE
  5
42
330
17
100
AcDbEntity
  8
CONDUCTIVE_METASURFACE
100
AcDbPolyline
 90
13
 70
1
 10
12.05552849696756
 20
9.602196078431373
 10
12.078669275929549
 20
9.622770878731417
 10
12.086507118878044
 20
9.642039215686275
 10
12.078669275929549
 20
9.663859062099828
 10
12.042201653579914
 20
9.681882352941177
 10
12.033933463796478
 20
9.683662349260565
 10
12.021689381451388
 20
9.681882352941177
 10
11.989197651663405
 20
9.652856895462008
 10
11.987222045204549
 20
9.642039215686275
 10
11.989197651663405
 20
9.634871120172583
 10
12.009716469549533
 20
9.602196078431373
 10
12.033933463796478
 20
9.595261438323227
 10
12.05552849696756
 20
9.602196078431373
  0
LWPOLYLINE
  5
43
330
17
100
AcDbEntity
  8
CONDUCTIVE_METASURFACE
100
AcDbPolyline
 90
217
 70
1
 10
12.073259462749212
 20
8.088156862745098
 10
12.078669275929549
 20
8.095196217442513
 10
12.110598749966842
 20
8.128
 10
12.104325893576792
 20
8.167843137254902
 10
12.113072856479059
 20
8.207686274509804
 10
12.123405088062622
 20
8.226247446400587
 10
12.168140900195693
 20
8.240862041415518
 10
12.189241462189507
 20
8.247529411764706
 10
12.212876712328768
 20
8.257944166240303
 10
12.25761252446184
 20
8.263962182658055
 10
12.302348336594912
 20
8.26332047354216
 10
12.345215294827963
 20
8.247529411764706
 10
12.347084148727983
 20
8.246987305424506
 10
12.391819960861056
 20
8.239382768532188
 10
12.416614487823649
 20
8.247529411764706
 10
12.436555772994128
 20
8.2686658587
 10
12.44968507426107
 20
8.287372549019608
 10
12.462868454107857
 20
8.32721568627451
 10
12.481291585127202
 20
8.343433284236134
 10
12.514957164089568
 20
8.32721568627451
 10
12.526027397260274
 20
8.3211612710916
 10
12.53515345591153
 20
8.32721568627451
 10
12.570763209393347
 20
8.354633823227001
 10
12.583109200664437
 20
8.367058823529412
 10
12.570763209393347
 20
8.395179767605129
 10
12.566382607253164
 20
8.406901960784314
 10
12.560769272005237
 20
8.446745098039216
 10
12.538349647074853
 20
8.486588235294118
 10
12.526027397260274
 20
8.517404534452085
 10
12.52331321714262
 20
8.52643137254902
 10
12.515698922547774
 20
8.566274509803922
 10
12.526027397260274
 20
8.582632869992374
 10
12.570763209393347
 20
8.595000276683981
 10
12.615499021526418
 20
8.57725790292366
 10
12.61905356581281
 20
8.566274509803922
 10
12.6340912539425
 20
8.52643137254902
 10
12.66023483365949
 20
8.502236923196635
 10
12.704970645792562
 20
8.509071132438674
 10
12.749706457925637
 20
8.510558978296473
 10
12.794442270058708
 20
8.511764010075932
 10
12.814521083345602
 20
8.52643137254902
 10
12.832133577456386
 20
8.566274509803922
 10
12.839178082191781
 20
8.579903014527533
 10
12.872827454818673
 20
8.606117647058824
 10
12.883913894324852
 20
8.644502361504063
 10
12.884244178084465
 20
8.645960784313726
 10
12.897332239640722
 20
8.685803921568628
 10
12.928649706457925
 20
8.72431968453365
 10
12.934305410099258
 20
8.72564705882353
 10
12.973385518590996
 20
8.738729697809413
 10
12.988775308417335
 20
8.765490196078431
 10
13.018121330724071
 20
8.791790371254336
 10
13.047625164346838
 20
8.805333333333333
 10
13.062857142857142
 20
8.843404821195081
 10
13.063350881549411
 20
8.845176470588235
 10
13.107592954990215
 20
8.873524046799611
 10
13.152003882247705
 20
8.885019607843137
 10
13.152328767123286
 20
8.885340877840784
 10
13.19706457925636
 20
8.895315086618686
 10
13.226268873772652
 20
8.92486274509804
 10
13.24180039138943
 20
8.931210029436912
 10
13.286536203522505
 20
8.946762872236414
 10
13.303051631100868
 20
8.964705882352941
 10
13.304360556313062
 20
9.004549019607843
 10
13.306315950131507
 20
9.044392156862745
 10
13.314279929192882
 20
9.084235294117647
 10
13.286536203522505
 20
9.107774946994427
 10
13.24180039138943
 20
9.121333872439749
 10
13.231180352759488
 20
9.12407843137255
 10
13.20986670885245
 20
9.163921568627451
 10
13.22360978899762
 20
9.203764705882353
 10
13.24180039138943
 20
9.21291259575911
 10
13.286536203522505
 20
9.206086707906312
 10
13.29628973591738
 20
9.203764705882353
 10
13.331272015655577
 20
9.19269234235052
 10
13.37600782778865
 20
9.172719096973465
 10
13.42074363992172
 20
9.167813385980578
 10
13.43386671590704
 20
9.163921568627451
 10
13.465479452054796
 20
9.152903693368927
 10
13.479446142353371
 20
9.163921568627451
 10
13.510215264187865
 20
9.195521275416088
 10
13.517157495569318
 20
9.203764705882353
 10
13.510215264187865
 20
9.213849708440726
 10
13.492200362000906
 20
9.243607843137255
 10
13.510215264187865
 20
9.259832813981296
 10
13.55495107632094
 20
9.271595787260305
 10
13.576308511400441
 20
9.283450980392157
 10
13.599686888454011
 20
9.30080278924333
 10
13.609051741103112
 20
9.323294117647059
 10
13.600782376773141
 20
9.363137254901961
 10
13.599686888454011
 20
9.366146509940572
 10
13.5825167533938
 20
9.402980392156863
 10
13.581788316371304
 20
9.442823529411765
 10
13.588764894980923
 20
9.482666666666667
 10
13.599686888454011
 20
9.50244714097513
 10
13.607599388176311
 20
9.522509803921569
 10
13.624405867021345
 20
9.56235294117647
 10
13.644422700587084
 20
9.57114252111179
 10
13.689158512720155
 20
9.578791572048427
 10
13.73389432485323
 20
9.572771225475162
 10
13.771463151145696
 20
9.602196078431373
 10
13.778630136986301
 20
9.606618627258241
 10
13.799360271228679
 20
9.642039215686275
 10
13.793122284989884
 20
9.681882352941177
 10
13.778630136986301
 20
9.698234044310327
 10
13.73389432485323
 20
9.70406201953764
 10
13.689158512720155
 20
9.699180534687212
 10
13.644422700587084
 20
9.687702780492904
 10
13.63968177490296
 20
9.681882352941177
 10
13.599686888454011
 20
9.646783855329373
 10
13.55495107632094
 20
9.645442850207079
 10
13.550249527211456
 20
9.642039215686275
 10
13.55495107632094
 20
9.620348489476124
 10
13.560034380803492
 20
9.602196078431373
 10
13.55495107632094
 20
9.59539109772898
 10
13.510215264187865
 20
9.579093624066795
 10
13.465479452054796
 20
9.585203822196734
 10
13.422549904767717
 20
9.602196078431373
 10
13.42074363992172
 20
9.604121539488798
 10
13.37600782778865
 20
9.61477576378612
 10
13.34353540754414
 20
9.602196078431373
 10
13.331272015655577
 20
9.595379808390504
 10
13.286536203522505
 20
9.569327875458567
 10
13.277137390441737
 20
9.56235294117647
 10
13.265080719732767
 20
9.522509803921569
 10
13.24180039138943
 20
9.484418027320974
 10
13.241132085484987
 20
9.482666666666667
 10
13.237426941549018
 20
9.442823529411765
 10
13.24180039138943
 20
9.424552219965488
 10
13.245732252471274
 20
9.402980392156863
 10
13.24180039138943
 20
9.39630591344642
 10
13.22000111910141
 20
9.363137254901961
 10
13.19706457925636
 20
9.342134566002342
 10
13.152328767123286
 20
9.339264975935825
 10
13.107592954990215
 20
9.356889536935345
 10
13.062857142857142
 20
9.359327414507451
 10
13.018121330724071
 20
9.349634755559872
 10
12.973385518590996
 20
9.331487942036189
 10
12.967099466343058
 20
9.323294117647059
 10
12.944253159113579
 20
9.283450980392157
 10
12.973385518590996
 20
9.243820144053622
 10
12.973570016230283
 20
9.243607843137255
 10
13.018121330724071
 20
9.214127119991215
 10
13.062857142857142
 20
9.224563415181997
 10
13.107592954990215
 20
9.233180032016882
 10
13.129702292100346
 20
9.203764705882353
 10
13.107592954990215
 20
9.168219871937652
 10
13.062857142857142
 20
9.168932609987252
 10
13.058558621146426
 20
9.163921568627451
 10
13.035260779264942
 20
9.12407843137255
 10
13.027953387392921
 20
9.084235294117647
 10
13.018121330724071
 20
9.073437870126478
 10
12.973385518590996
 20
9.047693819083948
 10
12.970831925013698
 20
9.044392156862745
 10
12.928649706457925
 20
9.023191827730997
 10
12.883913894324852
 20
9.015524201843943
 10
12.839178082191781
 20
9.011412013234608
 10
12.794442270058708
 20
9.006211966793762
 10
12.784041655645737
 20
9.004549019607843
 10
12.749706457925637
 20
8.972641174958145
 10
12.748167166030449
 20
8.964705882352941
 10
12.742538847933488
 20
8.92486274509804
 10
12.737631249517495
 20
8.885019607843137
 10
12.728827614910868
 20
8.845176470588235
 10
12.704970645792562
 20
8.807804023219868
 10
12.700905013501242
 20
8.805333333333333
 10
12.672140670471235
 20
8.765490196078431
 10
12.66023483365949
 20
8.756761775654669
 10
12.615499021526418
 20
8.750068479189332
 10
12.570763209393347
 20
8.729271814846298
 10
12.565349210218503
 20
8.72564705882353
 10
12.566159691810444
 20
8.685803921568628
 10
12.526027397260274
 20
8.666226434685639
 10
12.493790734559573
 20
8.685803921568628
 10
12.503069960322502
 20
8.72564705882353
 10
12.514529409709938
 20
8.765490196078431
 10
12.481443381584253
 20
8.805333333333333
 10
12.481291585127202
 20
8.805475081089428
 10
12.436555772994128
 20
8.831643205447392
 10
12.391819960861056
 20
8.811124293822063
 10
12.382341496844472
 20
8.805333333333333
 10
12.362091303298921
 20
8.765490196078431
 10
12.350800024261012
 20
8.72564705882353
 10
12.352643918954964
 20
8.685803921568628
 10
12.373159939286575
 20
8.645960784313726
 10
12.370181205727691
 20
8.606117647058824
 10
12.347084148727983
 20
8.585991955568971
 10
12.309695802938574
 20
8.566274509803922
 10
12.302348336594912
 20
8.56283308240838
 10
12.278982159449896
 20
8.566274509803922
 10
12.25761252446184
 20
8.570424450225968
 10
12.212876712328768
 20
8.567213294661592
 10
12.209757747733187
 20
8.566274509803922
 10
12.168140900195693
 20
8.546170972790922
 10
12.123405088062622
 20
8.535356322552296
 10
12.115077857941948
 20
8.52643137254902
 10
12.086047907560554
 20
8.486588235294118
 10
12.078669275929549
 20
8.476023152433033
 10
12.064257919541598
 20
8.446745098039216
 10
12.076220925305725
 20
8.406901960784314
 10
12.078669275929549
 20
8.405093568612992
 10
12.097689712656955
 20
8.367058823529412
 10
12.10460223819995
 20
8.32721568627451
 10
12.086445503363585
 20
8.287372549019608
 10
12.078669275929549
 20
8.282767164185175
 10
12.058340055415627
 20
8.287372549019608
 10
12.033933463796478
 20
8.291650008903083
 10
12.030048542260824
 20
8.287372549019608
 10
12.028690683789327
 20
8.247529411764706
 10
11.989197651663405
 20
8.211740646599074
 10
11.982966818226066
 20
8.207686274509804
 10
11.970200128699613
 20
8.167843137254902
 10
11.964885783645155
 20
8.128
 10
11.971057581885718
 20
8.088156862745098
 10
11.989197651663405
 20
8.075269838428326
 10
12.033933463796478
 20
8.069669443443244
 10
12.073259462749212
 20
8.088156862745098
  0
LWPOLYLINE
  5
44
330
17
100
AcDbEntity
  8
CONDUCTIVE_METASURFACE
100
AcDbPolyline
 90
217
 70
1
 10
16.61534588554661
 20
8.088156862745098
 10
16.621889515739554
 20
8.128
 10
16.61640860409194
 20
8.167843137254902
 10
16.603521387586596
 20
8.207686274509804
 10
16.596986301369864
 20
8.211908644917456
 10
16.557577768473145
 20
8.247529411764706
 10
16.55607212521285
 20
8.287372549019608
 10
16.55225048923679
 20
8.291559949316799
 10
16.527895713746688
 20
8.287372549019608
 10
16.507514677103718
 20
8.282845317986062
 10
16.49987426836462
 20
8.287372549019608
 10
16.48157534135618
 20
8.32721568627451
 10
16.488435864618644
 20
8.367058823529412
 10
16.507514677103718
 20
8.405293090659706
 10
16.509676786396525
 20
8.406901960784314
 10
16.521639235554442
 20
8.446745098039216
 10
16.507514677103718
 20
8.475666292111027
 10
16.499861518747537
 20
8.486588235294118
 10
16.470610399182853
 20
8.52643137254902
 10
16.462778864970645
 20
8.534802333897044
 10
16.41804305283757
 20
8.545540381283049
 10
16.375273809703142
 20
8.566274509803922
 10
16.3733072407045
 20
8.566869767387685
 10
16.32857142857143
 20
8.570169729423782
 10
16.308056042557734
 20
8.566274509803922
 10
16.283835616438356
 20
8.56277271610204
 10
16.276341614196976
 20
8.566274509803922
 10
16.239099804305283
 20
8.58568966741969
 10
16.215518039257017
 20
8.606117647058824
 10
16.212296078970034
 20
8.645960784313726
 10
16.232084987466077
 20
8.685803921568628
 10
16.234822112092967
 20
8.72564705882353
 10
16.22393918652431
 20
8.765490196078431
 10
16.203563928682065
 20
8.805333333333333
 10
16.19436399217221
 20
8.810931833819536
 10
16.149628180039137
 20
8.831279487965695
 10
16.105130869926047
 20
8.805333333333333
 10
16.104892367906064
 20
8.805168923702604
 10
16.071791475383023
 20
8.765490196078431
 10
16.083509321875365
 20
8.72564705882353
 10
16.093184020033636
 20
8.685803921568628
 10
16.060156555772995
 20
8.666112658239697
 10
16.02024685316421
 20
8.685803921568628
 10
16.021047078083395
 20
8.72564705882353
 10
16.015420743639922
 20
8.729475416226396
 10
15.970684931506849
 20
8.750225272794314
 10
15.925949119373776
 20
8.756733436448748
 10
15.913825734554985
 20
8.765490196078431
 10
15.884920362062713
 20
8.805333333333333
 10
15.881213307240705
 20
8.807607622750027
 10
15.857409621267855
 20
8.845176470588235
 10
15.848800483784466
 20
8.885019607843137
 10
15.844183287680531
 20
8.92486274509804
 10
15.838344679954687
 20
8.964705882352941
 10
15.836477495107632
 20
8.973969197035132
 10
15.800651544214443
 20
9.004549019607843
 10
15.79174168297456
 20
9.00591997295372
 10
15.747005870841486
 20
9.010932764258968
 10
15.702270058708415
 20
9.015303641894167
 10
15.657534246575342
 20
9.02314445517845
 10
15.615572683000236
 20
9.044392156862745
 10
15.61279843444227
 20
9.048013347186883
 10
15.568062622309196
 20
9.073631700555095
 10
15.558262467711225
 20
9.084235294117647
 10
15.550747189120168
 20
9.12407843137255
 10
15.527396763304047
 20
9.163921568627451
 10
15.523326810176126
 20
9.16874353444725
 10
15.478590998043051
 20
9.168021742172307
 10
15.456609473770998
 20
9.203764705882353
 10
15.478590998043051
 20
9.232475688618202
 10
15.523326810176126
 20
9.224211300346342
 10
15.568062622309196
 20
9.214005141638358
 10
15.61279843444227
 20
9.243472590246801
 10
15.612957656772096
 20
9.243607843137255
 10
15.642339166268592
 20
9.283450980392157
 10
15.619300554846085
 20
9.323294117647059
 10
15.61279843444227
 20
9.331735994977397
 10
15.568062622309196
 20
9.34977141236156
 10
15.523326810176126
 20
9.35982777795664
 10
15.478590998043051
 20
9.358185580739994
 10
15.43385518590998
 20
9.33991332838923
 10
15.389119373776907
 20
9.342566305309594
 10
15.366522321463792
 20
9.363137254901961
 10
15.344383561643836
 20
9.396436525936528
 10
15.34051953717246
 20
9.402980392156863
 10
15.344383561643836
 20
9.423791043542778
 10
15.349043109236815
 20
9.442823529411765
 10
15.34543766272299
 20
9.482666666666667
 10
15.344383561643836
 20
9.485444606252278
 10
15.321811405716316
 20
9.522509803921569
 10
15.30966873474833
 20
9.56235294117647
 10
15.299647749510761
 20
9.569769478242629
 10
15.25491193737769
 20
9.595624443191221
 10
15.243049504395975
 20
9.602196078431373
 10
15.210176125244617
 20
9.615031352604898
 10
15.165440313111546
 20
9.604376706972381
 10
15.1634098086669
 20
9.602196078431373
 10
15.120704500978473
 20
9.585255904933964
 10
15.075968688845402
 20
9.579099434293838
 10
15.031232876712327
 20
9.595270435605785
 10
15.026062021807657
 20
9.602196078431373
 10
15.031232876712327
 20
9.620301516493118
 10
15.036035735450833
 20
9.642039215686275
 10
15.031232876712327
 20
9.645499346024828
 10
14.986497064579256
 20
9.646708656731859
 10
14.946313600641085
 20
9.681882352941177
 10
14.941761252446183
 20
9.687431857948406
 10
14.897025440313111
 20
9.698802211896057
 10
14.852289628180039
 20
9.703535360203045
 10
14.807553816046967
 20
9.69803852394437
 10
14.793084243533391
 20
9.681882352941177
 10
14.786796155326082
 20
9.642039215686275
 10
14.807553816046967
 20
9.607014230297523
 10
14.815457598045608
 20
9.602196078431373
 10
14.852289628180039
 20
9.573758643468913
 10
14.897025440313111
 20
9.579345510928945
 10
14.941761252446183
 20
9.57155516111962
 10
14.96260171800397
 20
9.56235294117647
 10
14.979010992051395
 20
9.522509803921569
 10
14.986497064579256
 20
9.50371709142628
 10
14.998190775256868
 20
9.482666666666667
 10
15.004947800576296
 20
9.442823529411765
 10
15.0042272786967
 20
9.402980392156863
 10
14.986497064579256
 20
9.36480159371031
 10
14.985888432085684
 20
9.363137254901961
 10
14.977350048717343
 20
9.323294117647059
 10
14.986497064579256
 20
9.301211387404743
 10
15.01022911387781
 20
9.283450980392157
 10
15.031232876712327
 20
9.271757642729385
 10
15.075968688845402
 20
9.26001608927993
 10
15.09417780878875
 20
9.243607843137255
 10
15.075968688845402
 20
9.213624135084345
 10
15.069170863053117
 20
9.203764705882353
 10
15.075968688845402
 20
9.195636818920315
 10
15.106753802556149
 20
9.163921568627451
 10
15.120704500978473
 20
9.152925897644405
 10
15.152278509114891
 20
9.163921568627451
 10
15.165440313111546
 20
9.167823113248362
 10
15.210176125244617
 20
9.172822483176603
 10
15.25491193737769
 20
9.192790111082967
 10
15.289512484196898
 20
9.203764705882353
 10
15.299647749510761
 20
9.20618202358454
 10
15.344383561643836
 20
9.212963557353227
 10
15.362750672550138
 20
9.203764705882353
 10
15.376636754995413
 20
9.163921568627451
 10
15.356715609675097
 20
9.12407843137255
 10
15.344383561643836
 20
9.120912661943272
 10
15.299647749510761
 20
9.107519609275895
 10
15.27248225222363
 20
9.084235294117647
 10
15.280155692067972
 20
9.044392156862745
 10
15.281826243701731
 20
9.004549019607843
 10
15.283179265012365
 20
8.964705882352941
 10
15.299647749510761
 20
8.946823064932005
 10
15.344383561643836
 20
8.93113683203348
 10
15.359685672699781
 20
8.92486274509804
 10
15.389119373776907
 20
8.894893517639877
 10
15.432217716284615
 20
8.885019607843137
 10
15.43385518590998
 20
8.884725456124897
 10
15.478590998043051
 20
8.873068743851306
 10
15.521836437300578
 20
8.845176470588235
 10
15.523326810176126
 20
8.840139343093838
 10
15.538016027064417
 20
8.805333333333333
 10
15.568062622309196
 20
8.791626713049727
 10
15.597592369620557
 20
8.765490196078431
 10
15.61279843444227
 20
8.739212955212858
 10
15.655544741520997
 20
8.72564705882353
 10
15.657534246575342
 20
8.725207257344714
 10
15.689362800549388
 20
8.685803921568628
 10
15.702270058708415
 20
8.646249986723264
 10
15.702630596292726
 20
8.645960784313726
 10
15.713829874033925
 20
8.606117647058824
 10
15.747005870841486
 20
8.58010748848885
 10
15.754132655787847
 20
8.566274509803922
 10
15.77159537325511
 20
8.52643137254902
 10
15.79174168297456
 20
8.511722266257053
 10
15.836477495107632
 20
8.510556482315492
 10
15.881213307240705
 20
8.508814964423008
 10
15.925949119373776
 20
8.501721981456475
 10
15.952379421976891
 20
8.52643137254902
 10
15.967603345715183
 20
8.566274509803922
 10
15.970684931506849
 20
8.575733014645031
 10
16.015420743639922
 20
8.594715668261191
 10
16.060156555772995
 20
8.582475605829424
 10
16.07042777470445
 20
8.566274509803922
 10
16.06276367537296
 20
8.52643137254902
 10
16.060156555772995
 20
8.517744612489652
 10
16.047724542580063
 20
8.486588235294118
 10
16.025298611541515
 20
8.446745098039216
 10
16.019790474975178
 20
8.406901960784314
 10
16.015420743639922
 20
8.395214097341961
 10
16.00304991817183
 20
8.367058823529412
 10
16.015420743639922
 20
8.354619688770773
 10
16.050900936745432
 20
8.32721568627451
 10
16.060156555772995
 20
8.321032773930227
 10
16.071479878102945
 20
8.32721568627451
 10
16.104892367906064
 20
8.34326035858213
 10
16.123109786238768
 20
8.32721568627451
 10
16.13631722747676
 20
8.287372549019608
 10
16.149628180039137
 20
8.268351000101632
 10
16.16911081833258
 20
8.247529411764706
 10
16.19436399217221
 20
8.239188790009388
 10
16.239099804305283
 20
8.246553744916097
 10
16.242478561171545
 20
8.247529411764706
 10
16.283835616438356
 20
8.262821679977083
 10
16.32857142857143
 20
8.263470442517091
 10
16.3733072407045
 20
8.257256868595682
 10
16.395516739332347
 20
8.247529411764706
 10
16.41804305283757
 20
8.240482305330056
 10
16.462778864970645
 20
8.225513923013517
 10
16.47264782845685
 20
8.207686274509804
 10
16.48123620399512
 20
8.167843137254902
 10
16.474476577607483
 20
8.128
 10
16.507514677103718
 20
8.094540061830115
 10
16.512480353273624
 20
8.088156862745098
 10
16.55225048923679
 20
8.069693973919653
 10
16.596986301369864
 20
8.075249737559227
 10
16.61534588554661
 20
8.088156862745098
  0
LWPOLYLINE
  5
45
330
17
100
AcDbEntity
  8
CONDUCTIVE_METASURFACE
100
AcDbPolyline
 90
13
 70
1
 10
16.576749639341436
 20
9.602196078431373
 10
16.596986301369864
 20
9.634675470738241
 10
16.59898483679772
 20
9.642039215686275
 10
16.596986301369864
 20
9.652943995520497
 10
16.564396535196956
 20
9.681882352941177
 10
16.55225048923679
 20
9.68364188879691
 10
16.54420215512354
 20
9.681882352941177
 10
16.507514677103718
 20
9.663607660456288
 10
16.499728478656863
 20
9.642039215686275
 10
16.507514677103718
 20
9.622806037854293
 10
16.530616150568708
 20
9.602196078431373
 10
16.55225048923679
 20
9.595215487056858
 10
16.576749639341436
 20
9.602196078431373
  0
LWPOLYLINE
  5
46
330
17
100
AcDbEntity
  8
CONDUCTIVE_METASURFACE
100
AcDbPolyline
 90
13
 70
1
 10
17.78171245000083
 20
9.602196078431373
 10
17.804853228962816
 20
9.622770878731417
 10
17.81269107191131
 20
9.642039215686275
 10
17.804853228962816
 20
9.663859062099828
 10
17.768385606613183
 20
9.681882352941177
 10
17.760117416829747
 20
9.683662349260565
 10
17.747873334484655
 20
9.681882352941177
 10
17.71538160469667
 20
9.652856895462008
 10
17.713405998237818
 20
9.642039215686275
 10
17.71538160469667
 20
9.634871120172583
 10
17.7359004225828
 20
9.602196078431373
 10
17.760117416829747
 20
9.595261438323227
 10
17.78171245000083
 20
9.602196078431373
  0
LWPOLYLINE
  5
47
330
17
100
AcDbEntity
  8
CONDUCTIVE_METASURFACE
100
AcDbPolyline
 90
217
 70
1
 10
17.79944341578248
 20
8.088156862745098
 10
17.804853228962816
 20
8.095196217442513
 10
17.836782703000107
 20
8.128
 10
17.830509846610063
 20
8.167843137254902
 10
17.83925680951233
 20
8.207686274509804
 10
17.84958904109589
 20
8.226247446400587
 10
17.894324853228962
 20
8.240862041415518
 10
17.915425415222774
 20
8.247529411764706
 10
17.939060665362035
 20
8.257944166240303
 10
17.983796477495105
 20
8.263962182658055
 10
18.02853228962818
 20
8.26332047354216
 10
18.07139924786123
 20
8.247529411764706
 10
18.07326810176125
 20
8.246987305424506
 10
18.118003913894324
 20
8.239382768532188
 10
18.142798440856915
 20
8.247529411764706
 10
18.162739726027397
 20
8.2686658587
 10
18.17586902729434
 20
8.287372549019608
 10
18.189052407141123
 20
8.32721568627451
 10
18.20747553816047
 20
8.343433284236134
 10
18.241141117122833
 20
8.32721568627451
 10
18.25221135029354
 20
8.3211612710916
 10
18.261337408944797
 20
8.32721568627451
 10
18.296947162426616
 20
8.354633823227001
 10
18.309293153697705
 20
8.367058823529412
 10
18.296947162426616
 20
8.395179767605129
 10
18.29256656028643
 20
8.406901960784314
 10
18.286953225038502
 20
8.446745098039216
 10
18.26453360010812
 20
8.486588235294118
 10
18.25221135029354
 20
8.517404534452085
 10
18.24949717017589
 20
8.52643137254902
 10
18.24188287558104
 20
8.566274509803922
 10
18.25221135029354
 20
8.582632869992374
 10
18.296947162426616
 20
8.595000276683981
 10
18.341682974559685
 20
8.57725790292366
 10
18.345237518846076
 20
8.566274509803922
 10
18.36027520697577
 20
8.52643137254902
 10
18.386418786692758
 20
8.502236923196635
 10
18.43115459882583
 20
8.509071132438674
 10
18.475890410958904
 20
8.510558978296473
 10
18.520626223091973
 20
8.511764010075932
 10
18.54070503637887
 20
8.52643137254902
 10
18.558317530489653
 20
8.566274509803922
 10
18.56536203522505
 20
8.579903014527533
 10
18.59901140785194
 20
8.606117647058824
 10
18.61009784735812
 20
8.644502361504063
 10
18.610428131117736
 20
8.645960784313726
 10
18.62351619267399
 20
8.685803921568628
 10
18.654833659491192
 20
8.72431968453365
 10
18.660489363132523
 20
8.72564705882353
 10
18.699569471624265
 20
8.738729697809413
 10
18.714959261450602
 20
8.765490196078431
 10
18.74430528375734
 20
8.791790371254336
 10
18.773809117380107
 20
8.805333333333333
 10
18.789041095890408
 20
8.843404821195081
 10
18.78953483458268
 20
8.845176470588235
 10
18.833776908023484
 20
8.873524046799611
 10
18.878187835280972
 20
8.885019607843137
 10
18.878512720156554
 20
8.885340877840784
 10
18.923248532289627
 20
8.895315086618686
 10
18.952452826805917
 20
8.92486274509804
 10
18.9679843444227
 20
8.931210029436912
 10
19.012720156555773
 20
8.946762872236414
 10
19.029235584134135
 20
8.964705882352941
 10
19.03054450934633
 20
9.004549019607843
 10
19.032499903164776
 20
9.044392156862745
 10
19.04046388222615
 20
9.084235294117647
 10
19.012720156555773
 20
9.107774946994427
 10
18.9679843444227
 20
9.121333872439749
 10
18.957364305792755
 20
9.12407843137255
 10
18.936050661885716
 20
9.163921568627451
 10
18.94979374203089
 20
9.203764705882353
 10
18.9679843444227
 20
9.21291259575911
 10
19.012720156555773
 20
9.206086707906312
 10
19.02247368895065
 20
9.203764705882353
 10
19.057455968688846
 20
9.19269234235052
 10
19.10219178082192
 20
9.172719096973465
 10
19.146927592954988
 20
9.167813385980578
 10
19.16005066894031
 20
9.163921568627451
 10
19.19166340508806
 20
9.152903693368927
 10
19.20563009538664
 20
9.163921568627451
 10
19.236399217221134
 20
9.195521275416088
 10
19.243341448602585
 20
9.203764705882353
 10
19.236399217221134
 20
9.213849708440726
 10
19.218384315034175
 20
9.243607843137255
 10
19.236399217221134
 20
9.259832813981296
 10
19.281135029354207
 20
9.271595787260305
 10
19.30249246443371
 20
9.283450980392157
 10
19.32587084148728
 20
9.30080278924333
 10
19.33523569413638
 20
9.323294117647059
 10
19.32696632980641
 20
9.363137254901961
 10
19.32587084148728
 20
9.366146509940572
 10
19.308700706427068
 20
9.402980392156863
 10
19.307972269404573
 20
9.442823529411765
 10
19.31494884801419
 20
9.482666666666667
 10
19.32587084148728
 20
9.50244714097513
 10
19.33378334120958
 20
9.522509803921569
 10
19.350589820054612
 20
9.56235294117647
 10
19.370606653620353
 20
9.57114252111179
 10
19.415342465753422
 20
9.578791572048427
 10
19.460078277886495
 20
9.572771225475162
 10
19.497647104178963
 20
9.602196078431373
 10
19.50481409001957
 20
9.606618627258241
 10
19.52554422426195
 20
9.642039215686275
 10
19.51930623802315
 20
9.681882352941177
 10
19.50481409001957
 20
9.698234044310327
 10
19.460078277886495
 20
9.70406201953764
 10
19.415342465753422
 20
9.699180534687212
 10
19.370606653620353
 20
9.687702780492904
 10
19.365865727936228
 20
9.681882352941177
 10
19.32587084148728
 20
9.646783855329373
 10
19.281135029354207
 20
9.645442850207079
 10
19.276433480244723
 20
9.642039215686275
 10
19.281135029354207
 20
9.620348489476124
 10
19.28621833383676
 20
9.602196078431373
 10
19.281135029354207
 20
9.59539109772898
 10
19.236399217221134
 20
9.579093624066795
 10
19.19166340508806
 20
9.585203822196734
 10
19.148733857800984
 20
9.602196078431373
 10
19.146927592954988
 20
9.604121539488798
 10
19.10219178082192
 20
9.61477576378612
 10
19.06971936057741
 20
9.602196078431373
 10
19.057455968688846
 20
9.595379808390504
 10
19.012720156555773
 20
9.569327875458567
 10
19.003321343475005
 20
9.56235294117647
 10
18.991264672766036
 20
9.522509803921569
 10
18.9679843444227
 20
9.484418027320974
 10
18.967316038518256
 20
9.482666666666667
 10
18.963610894582285
 20
9.442823529411765
 10
18.9679843444227
 20
9.424552219965488
 10
18.97191620550454
 20
9.402980392156863
 10
18.9679843444227
 20
9.39630591344642
 10
18.94618507213468
 20
9.363137254901961
 10
18.923248532289627
 20
9.342134566002342
 10
18.878512720156554
 20
9.339264975935825
 10
18.833776908023484
 20
9.356889536935345
 10
18.789041095890408
 20
9.359327414507451
 10
18.74430528375734
 20
9.349634755559872
 10
18.699569471624265
 20
9.331487942036189
 10
18.693283419376325
 20
9.323294117647059
 10
18.670437112146846
 20
9.283450980392157
 10
18.699569471624265
 20
9.243820144053622
 10
18.69975396926355
 20
9.243607843137255
 10
18.74430528375734
 20
9.214127119991215
 10
18.789041095890408
 20
9.224563415181997
 10
18.833776908023484
 20
9.233180032016882
 10
18.855886245133615
 20
9.203764705882353
 10
18.833776908023484
 20
9.168219871937652
 10
18.789041095890408
 20
9.168932609987252
 10
18.784742574179695
 20
9.163921568627451
 10
18.761444732298212
 20
9.12407843137255
 10
18.754137340426187
 20
9.084235294117647
 10
18.74430528375734
 20
9.073437870126478
 10
18.699569471624265
 20
9.047693819083948
 10
18.697015878046965
 20
9.044392156862745
 10
18.654833659491192
 20
9.023191827730997
 10
18.61009784735812
 20
9.015524201843943
 10
18.56536203522505
 20
9.011412013234608
 10
18.520626223091973
 20
9.006211966793762
 10
18.510225608679004
 20
9.004549019607843
 10
18.475890410958904
 20
8.972641174958145
 10
18.474351119063716
 20
8.964705882352941
 10
18.468722800966756
 20
8.92486274509804
 10
18.463815202550762
 20
8.885019607843137
 10
18.455011567944137
 20
8.845176470588235
 10
18.43115459882583
 20
8.807804023219868
 10
18.42708896653451
 20
8.805333333333333
 10
18.398324623504504
 20
8.765490196078431
 10
18.386418786692758
 20
8.756761775654669
 10
18.341682974559685
 20
8.750068479189332
 10
18.296947162426616
 20
8.729271814846298
 10
18.29153316325177
 20
8.72564705882353
 10
18.29234364484371
 20
8.685803921568628
 10
18.25221135029354
 20
8.666226434685639
 10
18.21997468759284
 20
8.685803921568628
 10
18.22925391335577
 20
8.72564705882353
 10
18.240713362743207
 20
8.765490196078431
 10
18.207627334617523
 20
8.805333333333333
 10
18.20747553816047
 20
8.805475081089428
 10
18.162739726027397
 20
8.831643205447392
 10
18.118003913894324
 20
8.811124293822063
 10
18.10852544987774
 20
8.805333333333333
 10
18.08827525633219
 20
8.765490196078431
 10
18.07698397729428
 20
8.72564705882353
 10
18.078827871988235
 20
8.685803921568628
 10
18.099343892319844
 20
8.645960784313726
 10
18.09636515876096
 20
8.606117647058824
 10
18.07326810176125
 20
8.585991955568971
 10
18.03587975597184
 20
8.566274509803922
 10
18.02853228962818
 20
8.56283308240838
 10
18.005166112483163
 20
8.566274509803922
 10
17.983796477495105
 20
8.570424450225968
 10
17.939060665362035
 20
8.567213294661592
 10
17.935941700766456
 20
8.566274509803922
 10
17.894324853228962
 20
8.546170972790922
 10
17.84958904109589
 20
8.535356322552296
 10
17.841261810975215
 20
8.52643137254902
 10
17.81223186059382
 20
8.486588235294118
 10
17.804853228962816
 20
8.476023152433033
 10
17.790441872574867
 20
8.446745098039216
 10
17.80240487833899
 20
8.406901960784314
 10
17.804853228962816
 20
8.405093568612992
 10
17.823873665690222
 20
8.367058823529412
 10
17.83078619123322
 20
8.32721568627451
 10
17.812629456396852
 20
8.287372549019608
 10
17.804853228962816
 20
8.282767164185175
 10
17.784524008448898
 20
8.287372549019608
 10
17.760117416829747
 20
8.291650008903083
 10
17.756232495294093
 20
8.287372549019608
 10
17.7548746368226
 20
8.247529411764706
 10
17.71538160469667
 20
8.211740646599074
 10
17.709150771259335
 20
8.207686274509804
 10
17.69638408173288
 20
8.167843137254902
 10
17.691069736678422
 20
8.128
 10
17.697241534918987
 20
8.088156862745098
 10
17.71538160469667
 20
8.075269838428326
 10
17.760117416829747
 20
8.069669443443244
 10
17.79944341578248
 20
8.088156862745098
  0
LWPOLYLINE
  5
48
330
17
100
AcDbEntity
  8
CONDUCTIVE_METASURFACE
100
AcDbPolyline
 90
217
 70
1
 10
22.341529838579877
 20
8.088156862745098
 10
22.34807346877282
 20
8.128
 10
22.342592557125208
 20
8.167843137254902
 10
22.329705340619864
 20
8.207686274509804
 10
22.32317025440313
 20
8.211908644917456
 10
22.283761721506412
 20
8.247529411764706
 10
22.282256078246117
 20
8.287372549019608
 10
22.278434442270058
 20
8.291559949316799
 10
22.254079666779955
 20
8.287372549019608
 10
22.233698630136985
 20
8.282845317986062
 10
22.226058221397892
 20
8.287372549019608
 10
22.207759294389447
 20
8.32721568627451
 10
22.214619817651915
 20
8.367058823529412
 10
22.233698630136985
 20
8.405293090659706
 10
22.235860739429796
 20
8.406901960784314
 10
22.24782318858771
 20
8.446745098039216
 10
22.233698630136985
 20
8.475666292111027
 10
22.226045471780804
 20
8.486588235294118
 10
22.19679435221612
 20
8.52643137254902
 10
22.188962818003912
 20
8.534802333897044
 10
22.144227005870842
 20
8.545540381283049
 10
22.101457762736413
 20
8.566274509803922
 10
22.099491193737766
 20
8.566869767387685
 10
22.054755381604696
 20
8.570169729423782
 10
22.034239995591
 20
8.566274509803922
 10
22.010019569471623
 20
8.56277271610204
 10
22.002525567230244
 20
8.566274509803922
 10
21.96528375733855
 20
8.58568966741969
 10
21.941701992290284
 20
8.606117647058824
 10
21.938480032003305
 20
8.645960784313726
 10
21.958268940499345
 20
8.685803921568628
 10
21.961006065126234
 20
8.72564705882353
 10
21.950123139557576
 20
8.765490196078431
 10
21.929747881715336
 20
8.805333333333333
 10
21.920547945205477
 20
8.810931833819536
 10
21.875812133072408
 20
8.831279487965695
 10
21.831314822959314
 20
8.805333333333333
 10
21.83107632093933
 20
8.805168923702604
 10
21.79797542841629
 20
8.765490196078431
 10
21.809693274908632
 20
8.72564705882353
 10
21.819367973066903
 20
8.685803921568628
 10
21.786340508806262
 20
8.666112658239697
 10
21.746430806197477
 20
8.685803921568628
 10
21.747231031116666
 20
8.72564705882353
 10
21.74160469667319
 20
8.729475416226396
 10
21.696868884540116
 20
8.750225272794314
 10
21.652133072407043
 20
8.756733436448748
 10
21.640009687588254
 20
8.765490196078431
 10
21.611104315095982
 20
8.805333333333333
 10
21.607397260273974
 20
8.807607622750027
 10
21.583593574301126
 20
8.845176470588235
 10
21.574984436817733
 20
8.885019607843137
 10
21.570367240713797
 20
8.92486274509804
 10
21.564528632987958
 20
8.964705882352941
 10
21.562661448140897
 20
8.973969197035132
 10
21.52683549724771
 20
9.004549019607843
 10
21.517925636007828
 20
9.00591997295372
 10
21.473189823874755
 20
9.010932764258968
 10
21.42845401174168
 20
9.015303641894167
 10
21.38371819960861
 20
9.02314445517845
 10
21.341756636033505
 20
9.044392156862745
 10
21.33898238747554
 20
9.048013347186883
 10
21.294246575342463
 20
9.073631700555095
 10
21.284446420744494
 20
9.084235294117647
 10
21.276931142153437
 20
9.12407843137255
 10
21.253580716337314
 20
9.163921568627451
 10
21.249510763209393
 20
9.16874353444725
 10
21.20477495107632
 20
9.168021742172307
 10
21.182793426804267
 20
9.203764705882353
 10
21.20477495107632
 20
9.232475688618202
 10
21.249510763209393
 20
9.224211300346342
 10
21.294246575342463
 20
9.214005141638358
 10
21.33898238747554
 20
9.243472590246801
 10
21.339141609805363
 20
9.243607843137255
 10
21.36852311930186
 20
9.283450980392157
 10
21.345484507879352
 20
9.323294117647059
 10
21.33898238747554
 20
9.331735994977397
 10
21.294246575342463
 20
9.34977141236156
 10
21.249510763209393
 20
9.35982777795664
 10
21.20477495107632
 20
9.358185580739994
 10
21.160039138943247
 20
9.33991332838923
 10
21.115303326810174
 20
9.342566305309594
 10
21.09270627449706
 20
9.363137254901961
 10
21.070567514677105
 20
9.396436525936528
 10
21.06670349020573
 20
9.402980392156863
 10
21.070567514677105
 20
9.423791043542778
 10
21.07522706227008
 20
9.442823529411765
 10
21.071621615756257
 20
9.482666666666667
 10
21.070567514677105
 20
9.485444606252278
 10
21.04799535874959
 20
9.522509803921569
 10
21.0358526877816
 20
9.56235294117647
 10
21.02583170254403
 20
9.569769478242629
 10
20.98109589041096
 20
9.595624443191221
 10
20.969233457429244
 20
9.602196078431373
 10
20.936360078277886
 20
9.615031352604898
 10
20.891624266144813
 20
9.604376706972381
 10
20.88959376170017
 20
9.602196078431373
 10
20.84688845401174
 20
9.585255904933964
 10
20.80215264187867
 20
9.579099434293838
 10
20.757416829745594
 20
9.595270435605785
 10
20.752245974840925
 20
9.602196078431373
 10
20.757416829745594
 20
9.620301516493118
 10
20.7622196884841
 20
9.642039215686275
 10
20.757416829745594
 20
9.645499346024828
 10
20.712681017612525
 20
9.646708656731859
 10
20.67249755367435
 20
9.681882352941177
 10
20.66794520547945
 20
9.687431857948406
 10
20.62320939334638
 20
9.698802211896057
 10
20.578473581213306
 20
9.703535360203045
 10
20.533737769080233
 20
9.69803852394437
 10
20.51926819656666
 20
9.681882352941177
 10
20.51298010835935
 20
9.642039215686275
 10
20.533737769080233
 20
9.607014230297523
 10
20.541641551078875
 20
9.602196078431373
 10
20.578473581213306
 20
9.573758643468913
 10
20.62320939334638
 20
9.579345510928945
 10
20.66794520547945
 20
9.57155516111962
 10
20.688785671037238
 20
9.56235294117647
 10
20.705194945084664
 20
9.522509803921569
 10
20.712681017612525
 20
9.50371709142628
 10
20.724374728290133
 20
9.482666666666667
 10
20.731131753609564
 20
9.442823529411765
 10
20.730411231729967
 20
9.402980392156863
 10
20.712681017612525
 20
9.36480159371031
 10
20.71207238511895
 20
9.363137254901961
 10
20.70353400175061
 20
9.323294117647059
 10
20.712681017612525
 20
9.301211387404743
 10
20.736413066911076
 20
9.283450980392157
 10
20.757416829745594
 20
9.271757642729385
 10
20.80215264187867
 20
9.26001608927993
 10
20.820361761822017
 20
9.243607843137255
 10
20.80215264187867
 20
9.213624135084345
 10
20.795354816086384
 20
9.203764705882353
 10
20.80215264187867
 20
9.195636818920315
 10
20.83293775558942
 20
9.163921568627451
 10
20.84688845401174
 20
9.152925897644405
 10
20.878462462148157
 20
9.163921568627451
 10
20.891624266144813
 20
9.167823113248362
 10
20.936360078277886
 20
9.172822483176603
 10
20.98109589041096
 20
9.192790111082967
 10
21.01569643723017
 20
9.203764705882353
 10
21.02583170254403
 20
9.20618202358454
 10
21.070567514677105
 20
9.212963557353227
 10
21.088934625583406
 20
9.203764705882353
 10
21.10282070802868
 20
9.163921568627451
 10
21.082899562708366
 20
9.12407843137255
 10
21.070567514677105
 20
9.120912661943272
 10
21.02583170254403
 20
9.107519609275895
 10
20.9986662052569
 20
9.084235294117647
 10
21.00633964510124
 20
9.044392156862745
 10
21.008010196734997
 20
9.004549019607843
 10
21.009363218045632
 20
8.964705882352941
 10
21.02583170254403
 20
8.946823064932005
 10
21.070567514677105
 20
8.93113683203348
 10
21.08586962573305
 20
8.92486274509804
 10
21.115303326810174
 20
8.894893517639877
 10
21.158401669317882
 20
8.885019607843137
 10
21.160039138943247
 20
8.884725456124897
 10
21.20477495107632
 20
8.873068743851306
 10
21.248020390333846
 20
8.845176470588235
 10
21.249510763209393
 20
8.840139343093838
 10
21.264199980097686
 20
8.805333333333333
 10
21.294246575342463
 20
8.791626713049727
 10
21.323776322653824
 20
8.765490196078431
 10
21.33898238747554
 20
8.739212955212858
 10
21.381728694554266
 20
8.72564705882353
 10
21.38371819960861
 20
8.725207257344714
 10
21.415546753582657
 20
8.685803921568628
 10
21.42845401174168
 20
8.646249986723264
 10
21.428814549325995
 20
8.645960784313726
 10
21.440013827067194
 20
8.606117647058824
 10
21.473189823874755
 20
8.58010748848885
 10
21.480316608821116
 20
8.566274509803922
 10
21.497779326288377
 20
8.52643137254902
 10
21.517925636007828
 20
8.511722266257053
 10
21.562661448140897
 20
8.510556482315492
 10
21.607397260273974
 20
8.508814964423008
 10
21.652133072407043
 20
8.501721981456475
 10
21.67856337501016
 20
8.52643137254902
 10
21.69378729874845
 20
8.566274509803922
 10
21.696868884540116
 20
8.575733014645031
 10
21.74160469667319
 20
8.594715668261191
 10
21.786340508806262
 20
8.582475605829424
 10
21.796611727737716
 20
8.566274509803922
 10
21.788947628406227
 20
8.52643137254902
 10
21.786340508806262
 20
8.517744612489652
 10
21.77390849561333
 20
8.486588235294118
 10
21.751482564574783
 20
8.446745098039216
 10
21.745974428008445
 20
8.406901960784314
 10
21.74160469667319
 20
8.395214097341961
 10
21.729233871205096
 20
8.367058823529412
 10
21.74160469667319
 20
8.354619688770773
 10
21.7770848897787
 20
8.32721568627451
 10
21.786340508806262
 20
8.321032773930227
 10
21.797663831136212
 20
8.32721568627451
 10
21.83107632093933
 20
8.34326035858213
 10
21.849293739272035
 20
8.32721568627451
 10
21.862501180510026
 20
8.287372549019608
 10
21.875812133072408
 20
8.268351000101632
 10
21.895294771365847
 20
8.247529411764706
 10
21.920547945205477
 20
8.239188790009388
 10
21.96528375733855
 20
8.246553744916097
 10
21.968662514204812
 20
8.247529411764706
 10
22.010019569471623
 20
8.262821679977083
 10
22.054755381604696
 20
8.263470442517091
 10
22.099491193737766
 20
8.257256868595682
 10
22.121700692365614
 20
8.247529411764706
 10
22.144227005870842
 20
8.240482305330056
 10
22.188962818003912
 20
8.225513923013517
 10
22.198831781490117
 20
8.207686274509804
 10
22.207420157028388
 20
8.167843137254902
 10
22.20066053064075
 20
8.128
 10
22.233698630136985
 20
8.094540061830115
 10
22.238664306306895
 20
8.088156862745098
 10
22.278434442270058
 20
8.069693973919653
 10
22.32317025440313
 20
8.075249737559227
 10
22.341529838579877
 20
8.088156862745098
  0
LWPOLYLINE
  5
49
330
17
100
AcDbEntity
  8
CONDUCTIVE_METASURFACE
100
AcDbPolyline
 90
13
 70
1
 10
22.302933592374707
 20
9.602196078431373
 10
22.32317025440313
 20
9.634675470738241
 10
22.325168789830986
 20
9.642039215686275
 10
22.32317025440313
 20
9.652943995520497
 10
22.290580488230223
 20
9.681882352941177
 10
22.278434442270058
 20
9.68364188879691
 10
22.270386108156806
 20
9.681882352941177
 10
22.233698630136985
 20
9.663607660456288
 10
22.22591243169013
 20
9.642039215686275
 10
22.233698630136985
 20
9.622806037854293
 10
22.25680010360198
 20
9.602196078431373
 10
22.278434442270058
 20
9.595215487056858
 10
22.302933592374707
 20
9.602196078431373
  0
LWPOLYLINE
  5
4A
330
17
100
AcDbEntity
  8
CONDUCTIVE_METASURFACE
100
AcDbPolyline
 90
5
 70
1
 10
0.05301358303357451
 20
9.044392156862745
 10
0.0447358121330724
 20
9.07405810051715
 10
0.03378951329532973
 20
9.044392156862745
 10
0.0447358121330724
 20
9.03916789867285
 10
0.05301358303357451
 20
9.044392156862745
  0
LWPOLYLINE
  5
4B
330
17
100
AcDbEntity
  8
CONDUCTIVE_METASURFACE
100
AcDbPolyline
 90
5
 70
1
 10
5.647892803910167
 20
9.044392156862745
 10
5.636712328767123
 20
9.074439673588408
 10
5.6282106739803615
 20
9.044392156862745
 10
5.636712328767123
 20
9.03904453372201
 10
5.647892803910167
 20
9.044392156862745
  0
LWPOLYLINE
  5
4C
330
17
100
AcDbEntity
  8
CONDUCTIVE_METASURFACE
100
AcDbPolyline
 90
5
 70
1
 10
5.779197536066842
 20
9.044392156862745
 10
5.77091976516634
 20
9.07405810051715
 10
5.759973466328599
 20
9.044392156862745
 10
5.77091976516634
 20
9.03916789867285
 10
5.779197536066842
 20
9.044392156862745
  0
LWPOLYLINE
  5
4D
330
17
100
AcDbEntity
  8
CONDUCTIVE_METASURFACE
100
AcDbPolyline
 90
5
 70
1
 10
11.374076756943435
 20
9.044392156862745
 10
11.36289628180039
 20
9.074439673588408
 10
11.354394627013628
 20
9.044392156862745
 10
11.36289628180039
 20
9.03904453372201
 10
11.374076756943435
 20
9.044392156862745
  0
LWPOLYLINE
  5
4E
330
17
100
AcDbEntity
  8
CONDUCTIVE_METASURFACE
100
AcDbPolyline
 90
5
 70
1
 10
11.505381489100111
 20
9.044392156862745
 10
11.49710371819961
 20
9.07405810051715
 10
11.486157419361865
 20
9.044392156862745
 10
11.49710371819961
 20
9.03916789867285
 10
11.505381489100111
 20
9.044392156862745
  0
LWPOLYLINE
  5
4F
330
17
100
AcDbEntity
  8
CONDUCTIVE_METASURFACE
100
AcDbPolyline
 90
5
 70
1
 10
17.100260709976705
 20
9.044392156862745
 10
17.08908023483366
 20
9.074439673588408
 10
17.0805785800469
 20
9.044392156862745
 10
17.08908023483366
 20
9.03904453372201
 10
17.100260709976705
 20
9.044392156862745
  0
LWPOLYLINE
  5
50
330
17
100
AcDbEntity
  8
CONDUCTIVE_METASURFACE
100
AcDbPolyline
 90
5
 70
1
 10
17.23156544213338
 20
9.044392156862745
 10
17.223287671232878
 20
9.07405810051715
 10
17.212341372395134
 20
9.044392156862745
 10
17.223287671232878
 20
9.03916789867285
 10
17.23156544213338
 20
9.044392156862745
  0
LWPOLYLINE
  5
51
330
17
100
AcDbEntity
  8
CONDUCTIVE_METASURFACE
100
AcDbPolyline
 90
5
 70
1
 10
22.826444663009973
 20
9.044392156862745
 10
22.815264187866926
 20
9.074439673588408
 10
22.806762533080168
 20
9.044392156862745
 10
22.815264187866926
 20
9.03904453372201
 10
22.826444663009973
 20
9.044392156862745
  0
LWPOLYLINE
  5
52
330
17
100
AcDbEntity
  8
CONDUCTIVE_METASURFACE
100
AcDbPolyline
 90
5
 70
1
 10
1.3420743639921722
 20
8.941036360728628
 10
1.299707784790247
 20
8.964705882352941
 10
1.3420743639921722
 20
9.002008198293227
 10
1.3684195769204308
 20
8.964705882352941
 10
1.3420743639921722
 20
8.941036360728628
  0
LWPOLYLINE
  5
53
330
17
100
AcDbEntity
  8
CONDUCTIVE_METASURFACE
100
AcDbPolyline
 90
5
 70
1
 10
4.339373776908023
 20
8.941242034642114
 10
4.3127977017210695
 20
8.964705882352941
 10
4.339373776908023
 20
9.002438889960905
 10
4.381256711919603
 20
8.964705882352941
 10
4.339373776908023
 20
8.941242034642114
  0
LWPOLYLINE
  5
54
330
17
100
AcDbEntity
  8
CONDUCTIVE_METASURFACE
100
AcDbPolyline
 90
5
 70
1
 10
7.06825831702544
 20
8.941036360728628
 10
7.025891737823515
 20
8.964705882352941
 10
7.06825831702544
 20
9.002008198293227
 10
7.094603529953699
 20
8.964705882352941
 10
7.06825831702544
 20
8.941036360728628
  0
LWPOLYLINE
  5
55
330
17
100
AcDbEntity
  8
CONDUCTIVE_METASURFACE
100
AcDbPolyline
 90
5
 70
1
 10
10.065557729941291
 20
8.941242034642114
 10
10.038981654754338
 20
8.964705882352941
 10
10.065557729941291
 20
9.002438889960905
 10
10.10744066495287
 20
8.964705882352941
 10
10.065557729941291
 20
8.941242034642114
  0
LWPOLYLINE
  5
56
330
17
100
AcDbEntity
  8
CONDUCTIVE_METASURFACE
100
AcDbPolyline
 90
5
 70
1
 10
12.794442270058708
 20
8.941036360728628
 10
12.752075690856785
 20
8.964705882352941
 10
12.794442270058708
 20
9.002008198293227
 10
12.820787482986967
 20
8.964705882352941
 10
12.794442270058708
 20
8.941036360728628
  0
LWPOLYLINE
  5
57
330
17
100
AcDbEntity
  8
CONDUCTIVE_METASURFACE
100
AcDbPolyline
 90
5
 70
1
 10
15.79174168297456
 20
8.941242034642114
 10
15.765165607787607
 20
8.964705882352941
 10
15.79174168297456
 20
9.002438889960905
 10
15.833624617986139
 20
8.964705882352941
 10
15.79174168297456
 20
8.941242034642114
  0
LWPOLYLINE
  5
58
330
17
100
AcDbEntity
  8
CONDUCTIVE_METASURFACE
100
AcDbPolyline
 90
5
 70
1
 10
18.520626223091973
 20
8.941036360728628
 10
18.478259643890052
 20
8.964705882352941
 10
18.520626223091973
 20
9.002008198293227
 10
18.546971436020236
 20
8.964705882352941
 10
18.520626223091973
 20
8.941036360728628
  0
LWPOLYLINE
  5
59
330
17
100
AcDbEntity
  8
CONDUCTIVE_METASURFACE
100
AcDbPolyline
 90
5
 70
1
 10
21.517925636007828
 20
8.941242034642114
 10
21.491349560820872
 20
8.964705882352941
 10
21.517925636007828
 20
9.002438889960905
 10
21.559808571019406
 20
8.964705882352941
 10
21.517925636007828
 20
8.941242034642114
  0
LWPOLYLINE
  5
5A
330
17
100
AcDbEntity
  8
CONDUCTIVE_METASURFACE
100
AcDbPolyline
 90
7
 70
1
 10
1.5657534246575342
 20
8.911780429519398
 10
1.5210176125244617
 20
8.920765511817974
 10
1.5169684212177232
 20
8.92486274509804
 10
1.5210176125244617
 20
8.929924814312997
 10
1.5657534246575342
 20
8.951194725406314
 10
1.6049005735822808
 20
8.92486274509804
 10
1.5657534246575342
 20
8.911780429519398
  0
LWPOLYLINE
  5
5B
330
17
100
AcDbEntity
  8
CONDUCTIVE_METASURFACE
100
AcDbPolyline
 90
7
 70
1
 10
4.160430528375733
 20
8.920934435265368
 10
4.115694716242661
 20
8.912360612409163
 10
4.078044924334363
 20
8.92486274509804
 10
4.115694716242661
 20
8.95031946734743
 10
4.160430528375733
 20
8.929742461415152
 10
4.164367773401891
 20
8.92486274509804
 10
4.160430528375733
 20
8.920934435265368
  0
LWPOLYLINE
  5
5C
330
17
100
AcDbEntity
  8
CONDUCTIVE_METASURFACE
100
AcDbPolyline
 90
7
 70
1
 10
7.291937377690802
 20
8.911780429519398
 10
7.247201565557729
 20
8.920765511817974
 10
7.2431523742509905
 20
8.92486274509804
 10
7.247201565557729
 20
8.929924814312997
 10
7.291937377690802
 20
8.951194725406314
 10
7.331084526615548
 20
8.92486274509804
 10
7.291937377690802
 20
8.911780429519398
  0
LWPOLYLINE
  5
5D
330
17
100
AcDbEntity
  8
CONDUCTIVE_METASURFACE
100
AcDbPolyline
 90
7
 70
1
 10
9.886614481409001
 20
8.920934435265368
 10
9.841878669275928
 20
8.912360612409163
 10
9.804228877367631
 20
8.92486274509804
 10
9.841878669275928
 20
8.95031946734743
 10
9.886614481409001
 20
8.929742461415152
 10
9.89055172643516
 20
8.92486274509804
 10
9.886614481409001
 20
8.920934435265368
  0
LWPOLYLINE
  5
5E
330
17
100
AcDbEntity
  8
CONDUCTIVE_METASURFACE
100
AcDbPolyline
 90
7
 70
1
 10
13.018121330724071
 20
8.911780429519398
 10
12.973385518590996
 20
8.920765511817974
 10
12.96933632728426
 20
8.92486274509804
 10
12.973385518590996
 20
8.929924814312997
 10
13.018121330724071
 20
8.951194725406314
 10
13.057268479648817
 20
8.92486274509804
 10
13.018121330724071
 20
8.911780429519398
  0
LWPOLYLINE
  5
5F
330
17
100
AcDbEntity
  8
CONDUCTIVE_METASURFACE
100
AcDbPolyline
 90
7
 70
1
 10
15.61279843444227
 20
8.920934435265368
 10
15.568062622309196
 20
8.912360612409163
 10
15.530412830400898
 20
8.92486274509804
 10
15.568062622309196
 20
8.95031946734743
 10
15.61279843444227
 20
8.929742461415152
 10
15.616735679468427
 20
8.92486274509804
 10
15.61279843444227
 20
8.920934435265368
  0
LWPOLYLINE
  5
60
330
17
100
AcDbEntity
  8
CONDUCTIVE_METASURFACE
100
AcDbPolyline
 90
7
 70
1
 10
18.74430528375734
 20
8.911780429519398
 10
18.699569471624265
 20
8.920765511817974
 10
18.695520280317528
 20
8.92486274509804
 10
18.699569471624265
 20
8.929924814312997
 10
18.74430528375734
 20
8.951194725406314
 10
18.783452432682086
 20
8.92486274509804
 10
18.74430528375734
 20
8.911780429519398
  0
LWPOLYLINE
  5
61
330
17
100
AcDbEntity
  8
CONDUCTIVE_METASURFACE
100
AcDbPolyline
 90
7
 70
1
 10
21.33898238747554
 20
8.920934435265368
 10
21.294246575342463
 20
8.912360612409163
 10
21.256596783434166
 20
8.92486274509804
 10
21.294246575342463
 20
8.95031946734743
 10
21.33898238747554
 20
8.929742461415152
 10
21.342919632501694
 20
8.92486274509804
 10
21.33898238747554
 20
8.920934435265368
  0
LWPOLYLINE
  5
62
330
17
100
AcDbEntity
  8
CONDUCTIVE_METASURFACE
100
AcDbPolyline
 90
7
 70
1
 10
1.3868101761252445
 20
8.731957851707218
 10
1.358227244891124
 20
8.765490196078431
 10
1.3813310083543677
 20
8.805333333333333
 10
1.3868101761252445
 20
8.808840111974996
 10
1.391221058919991
 20
8.805333333333333
 10
1.4008476499866422
 20
8.765490196078431
 10
1.3868101761252445
 20
8.731957851707218
  0
LWPOLYLINE
  5
63
330
17
100
AcDbEntity
  8
CONDUCTIVE_METASURFACE
100
AcDbPolyline
 90
7
 70
1
 10
4.29463796477495
 20
8.73062437044009
 10
4.279949095653061
 20
8.765490196078431
 10
4.29003751490435
 20
8.805333333333333
 10
4.29463796477495
 20
8.808939738109368
 10
4.30032178027092
 20
8.805333333333333
 10
4.324203756703622
 20
8.765490196078431
 10
4.29463796477495
 20
8.73062437044009
  0
LWPOLYLINE
  5
64
330
17
100
AcDbEntity
  8
CONDUCTIVE_METASURFACE
100
AcDbPolyline
 90
7
 70
1
 10
7.112994129158512
 20
8.731957851707218
 10
7.084411197924392
 20
8.765490196078431
 10
7.107514961387636
 20
8.805333333333333
 10
7.112994129158512
 20
8.808840111974996
 10
7.1174050119532595
 20
8.805333333333333
 10
7.12703160301991
 20
8.765490196078431
 10
7.112994129158512
 20
8.731957851707218
  0
LWPOLYLINE
  5
65
330
17
100
AcDbEntity
  8
CONDUCTIVE_METASURFACE
100
AcDbPolyline
 90
7
 70
1
 10
10.020821917808219
 20
8.73062437044009
 10
10.006133048686328
 20
8.765490196078431
 10
10.016221467937617
 20
8.805333333333333
 10
10.020821917808219
 20
8.808939738109368
 10
10.02650573330419
 20
8.805333333333333
 10
10.05038770973689
 20
8.765490196078431
 10
10.020821917808219
 20
8.73062437044009
  0
LWPOLYLINE
  5
66
330
17
100
AcDbEntity
  8
CONDUCTIVE_METASURFACE
100
AcDbPolyline
 90
7
 70
1
 10
12.839178082191781
 20
8.731957851707218
 10
12.81059515095766
 20
8.765490196078431
 10
12.833698914420903
 20
8.805333333333333
 10
12.839178082191781
 20
8.808840111974996
 10
12.843588964986527
 20
8.805333333333333
 10
12.853215556053177
 20
8.765490196078431
 10
12.839178082191781
 20
8.731957851707218
  0
LWPOLYLINE
  5
67
330
17
100
AcDbEntity
  8
CONDUCTIVE_METASURFACE
100
AcDbPolyline
 90
7
 70
1
 10
15.747005870841486
 20
8.73062437044009
 10
15.732317001719597
 20
8.765490196078431
 10
15.742405420970888
 20
8.805333333333333
 10
15.747005870841486
 20
8.808939738109368
 10
15.752689686337456
 20
8.805333333333333
 10
15.77657166277016
 20
8.765490196078431
 10
15.747005870841486
 20
8.73062437044009
  0
LWPOLYLINE
  5
68
330
17
100
AcDbEntity
  8
CONDUCTIVE_METASURFACE
100
AcDbPolyline
 90
7
 70
1
 10
18.56536203522505
 20
8.731957851707218
 10
18.536779103990927
 20
8.765490196078431
 10
18.559882867454174
 20
8.805333333333333
 10
18.56536203522505
 20
8.808840111974996
 10
18.569772918019794
 20
8.805333333333333
 10
18.579399509086446
 20
8.765490196078431
 10
18.56536203522505
 20
8.731957851707218
  0
LWPOLYLINE
  5
69
330
17
100
AcDbEntity
  8
CONDUCTIVE_METASURFACE
100
AcDbPolyline
 90
7
 70
1
 10
21.473189823874755
 20
8.73062437044009
 10
21.458500954752864
 20
8.765490196078431
 10
21.468589374004154
 20
8.805333333333333
 10
21.473189823874755
 20
8.808939738109368
 10
21.478873639370725
 20
8.805333333333333
 10
21.502755615803427
 20
8.765490196078431
 10
21.473189823874755
 20
8.73062437044009
  0
LWPOLYLINE
  5
6A
330
17
100
AcDbEntity
  8
CONDUCTIVE_METASURFACE
100
AcDbPolyline
 90
23
 70
1
 10
2.3546532655114527
 20
8.207686274509804
 10
2.3709980430528375
 20
8.219866376646989
 10
2.402800263662503
 20
8.247529411764706
 10
2.41573385518591
 20
8.273747288659958
 10
2.420300774126581
 20
8.287372549019608
 10
2.41573385518591
 20
8.298899410908088
 10
2.3709980430528375
 20
8.304862757857434
 10
2.3460477278605345
 20
8.32721568627451
 10
2.3642245806979627
 20
8.367058823529412
 10
2.326262230919765
 20
8.389970081353143
 10
2.2815264187866924
 20
8.376177558631984
 10
2.275074885456134
 20
8.367058823529412
 10
2.2815264187866924
 20
8.351841187131548
 10
2.305218476998054
 20
8.32721568627451
 10
2.326262230919765
 20
8.313658142598912
 10
2.3559097244052625
 20
8.287372549019608
 10
2.330896684210214
 20
8.247529411764706
 10
2.326262230919765
 20
8.242299146143779
 10
2.2815264187866924
 20
8.22167862085609
 10
2.275372240181451
 20
8.207686274509804
 10
2.2815264187866924
 20
8.198698761890533
 10
2.326262230919765
 20
8.18952339932411
 10
2.3546532655114527
 20
8.207686274509804
  0
LWPOLYLINE
  5
6B
330
17
100
AcDbEntity
  8
CONDUCTIVE_METASURFACE
100
AcDbPolyline
 90
23
 70
1
 10
3.405738353255796
 20
8.207686274509804
 10
3.3999217221135027
 20
8.220836064727044
 10
3.35518590998043
 20
8.24176702004351
 10
3.350120927420236
 20
8.247529411764706
 10
3.3251638273484194
 20
8.287372549019608
 10
3.35518590998043
 20
8.314424383410206
 10
3.374974606569097
 20
8.32721568627451
 10
3.3999217221135027
 20
8.353089329213258
 10
3.4058304934141446
 20
8.367058823529412
 10
3.3999217221135027
 20
8.375418848346696
 10
3.35518590998043
 20
8.389442884175427
 10
3.3186065622626364
 20
8.367058823529412
 10
3.3367239522683563
 20
8.32721568627451
 10
3.3104500978473577
 20
8.304162486213245
 10
3.2657142857142856
 20
8.298278813902048
 10
3.2613592775164397
 20
8.287372549019608
 10
3.2657142857142856
 20
8.274324534350301
 10
3.2789094989381775
 20
8.247529411764706
 10
3.3104500978473577
 20
8.219990416143212
 10
3.3270799567171405
 20
8.207686274509804
 10
3.35518590998043
 20
8.189827366441676
 10
3.3999217221135027
 20
8.199191040391423
 10
3.405738353255796
 20
8.207686274509804
  0
LWPOLYLINE
  5
6C
330
17
100
AcDbEntity
  8
CONDUCTIVE_METASURFACE
100
AcDbPolyline
 90
23
 70
1
 10
8.08083721854472
 20
8.207686274509804
 10
8.097181996086105
 20
8.219866376646989
 10
8.128984216695772
 20
8.247529411764706
 10
8.141917808219178
 20
8.273747288659958
 10
8.146484727159848
 20
8.287372549019608
 10
8.141917808219178
 20
8.298899410908088
 10
8.097181996086105
 20
8.304862757857434
 10
8.072231680893804
 20
8.32721568627451
 10
8.090408533731232
 20
8.367058823529412
 10
8.052446183953032
 20
8.389970081353143
 10
8.007710371819961
 20
8.376177558631984
 10
8.0012588384894
 20
8.367058823529412
 10
8.007710371819961
 20
8.351841187131548
 10
8.031402430031322
 20
8.32721568627451
 10
8.052446183953032
 20
8.313658142598912
 10
8.08209367743853
 20
8.287372549019608
 10
8.057080637243482
 20
8.247529411764706
 10
8.052446183953032
 20
8.242299146143779
 10
8.007710371819961
 20
8.22167862085609
 10
8.00155619321472
 20
8.207686274509804
 10
8.007710371819961
 20
8.198698761890533
 10
8.052446183953032
 20
8.18952339932411
 10
8.08083721854472
 20
8.207686274509804
  0
LWPOLYLINE
  5
6D
330
17
100
AcDbEntity
  8
CONDUCTIVE_METASURFACE
100
AcDbPolyline
 90
23
 70
1
 10
9.131922306289063
 20
8.207686274509804
 10
9.12610567514677
 20
8.220836064727044
 10
9.081369863013698
 20
8.24176702004351
 10
9.076304880453504
 20
8.247529411764706
 10
9.051347780381688
 20
8.287372549019608
 10
9.081369863013698
 20
8.314424383410206
 10
9.101158559602364
 20
8.32721568627451
 10
9.12610567514677
 20
8.353089329213258
 10
9.132014446447412
 20
8.367058823529412
 10
9.12610567514677
 20
8.375418848346696
 10
9.081369863013698
 20
8.389442884175427
 10
9.044790515295904
 20
8.367058823529412
 10
9.062907905301623
 20
8.32721568627451
 10
9.036634050880625
 20
8.304162486213245
 10
8.991898238747552
 20
8.298278813902048
 10
8.987543230549708
 20
8.287372549019608
 10
8.991898238747552
 20
8.274324534350301
 10
9.005093451971446
 20
8.247529411764706
 10
9.036634050880625
 20
8.219990416143212
 10
9.05326390975041
 20
8.207686274509804
 10
9.081369863013698
 20
8.189827366441676
 10
9.12610567514677
 20
8.199191040391423
 10
9.131922306289063
 20
8.207686274509804
  0
LWPOLYLINE
  5
6E
330
17
100
AcDbEntity
  8
CONDUCTIVE_METASURFACE
100
AcDbPolyline
 90
23
 70
1
 10
13.80702117157799
 20
8.207686274509804
 10
13.823365949119374
 20
8.219866376646989
 10
13.855168169729039
 20
8.247529411764706
 10
13.868101761252445
 20
8.273747288659958
 10
13.872668680193117
 20
8.287372549019608
 10
13.868101761252445
 20
8.298899410908088
 10
13.823365949119374
 20
8.304862757857434
 10
13.79841563392707
 20
8.32721568627451
 10
13.816592486764497
 20
8.367058823529412
 10
13.778630136986301
 20
8.389970081353143
 10
13.73389432485323
 20
8.376177558631984
 10
13.72744279152267
 20
8.367058823529412
 10
13.73389432485323
 20
8.351841187131548
 10
13.75758638306459
 20
8.32721568627451
 10
13.778630136986301
 20
8.313658142598912
 10
13.8082776304718
 20
8.287372549019608
 10
13.783264590276751
 20
8.247529411764706
 10
13.778630136986301
 20
8.242299146143779
 10
13.73389432485323
 20
8.22167862085609
 10
13.727740146247985
 20
8.207686274509804
 10
13.73389432485323
 20
8.198698761890533
 10
13.778630136986301
 20
8.18952339932411
 10
13.80702117157799
 20
8.207686274509804
  0
LWPOLYLINE
  5
6F
330
17
100
AcDbEntity
  8
CONDUCTIVE_METASURFACE
100
AcDbPolyline
 90
23
 70
1
 10
14.858106259322332
 20
8.207686274509804
 10
14.852289628180039
 20
8.220836064727044
 10
14.807553816046967
 20
8.24176702004351
 10
14.80248883348677
 20
8.247529411764706
 10
14.777531733414955
 20
8.287372549019608
 10
14.807553816046967
 20
8.314424383410206
 10
14.827342512635633
 20
8.32721568627451
 10
14.852289628180039
 20
8.353089329213258
 10
14.858198399480678
 20
8.367058823529412
 10
14.852289628180039
 20
8.375418848346696
 10
14.807553816046967
 20
8.389442884175427
 10
14.770974468329173
 20
8.367058823529412
 10
14.78909185833489
 20
8.32721568627451
 10
14.762818003913893
 20
8.304162486213245
 10
14.718082191780821
 20
8.298278813902048
 10
14.713727183582975
 20
8.287372549019608
 10
14.718082191780821
 20
8.274324534350301
 10
14.731277405004715
 20
8.247529411764706
 10
14.762818003913893
 20
8.219990416143212
 10
14.779447862783677
 20
8.207686274509804
 10
14.807553816046967
 20
8.189827366441676
 10
14.852289628180039
 20
8.199191040391423
 10
14.858106259322332
 20
8.207686274509804
  0
LWPOLYLINE
  5
70
330
17
100
AcDbEntity
  8
CONDUCTIVE_METASURFACE
100
AcDbPolyline
 90
23
 70
1
 10
19.533205124611257
 20
8.207686274509804
 10
19.54954990215264
 20
8.219866376646989
 10
19.581352122762304
 20
8.247529411764706
 10
19.594285714285714
 20
8.273747288659958
 10
19.598852633226386
 20
8.287372549019608
 10
19.594285714285714
 20
8.298899410908088
 10
19.54954990215264
 20
8.304862757857434
 10
19.52459958696034
 20
8.32721568627451
 10
19.542776439797766
 20
8.367058823529412
 10
19.50481409001957
 20
8.389970081353143
 10
19.460078277886495
 20
8.376177558631984
 10
19.453626744555937
 20
8.367058823529412
 10
19.460078277886495
 20
8.351841187131548
 10
19.48377033609786
 20
8.32721568627451
 10
19.50481409001957
 20
8.313658142598912
 10
19.534461583505067
 20
8.287372549019608
 10
19.509448543310018
 20
8.247529411764706
 10
19.50481409001957
 20
8.242299146143779
 10
19.460078277886495
 20
8.22167862085609
 10
19.453924099281256
 20
8.207686274509804
 10
19.460078277886495
 20
8.198698761890533
 10
19.50481409001957
 20
8.18952339932411
 10
19.533205124611257
 20
8.207686274509804
  0
LWPOLYLINE
  5
71
330
17
100
AcDbEntity
  8
CONDUCTIVE_METASURFACE
100
AcDbPolyline
 90
23
 70
1
 10
20.584290212355597
 20
8.207686274509804
 10
20.578473581213306
 20
8.220836064727044
 10
20.533737769080233
 20
8.24176702004351
 10
20.52867278652004
 20
8.247529411764706
 10
20.503715686448224
 20
8.287372549019608
 10
20.533737769080233
 20
8.314424383410206
 10
20.5535264656689
 20
8.32721568627451
 10
20.578473581213306
 20
8.353089329213258
 10
20.584382352513945
 20
8.367058823529412
 10
20.578473581213306
 20
8.375418848346696
 10
20.533737769080233
 20
8.389442884175427
 10
20.497158421362442
 20
8.367058823529412
 10
20.51527581136816
 20
8.32721568627451
 10
20.48900195694716
 20
8.304162486213245
 10
20.44426614481409
 20
8.298278813902048
 10
20.439911136616242
 20
8.287372549019608
 10
20.44426614481409
 20
8.274324534350301
 10
20.457461358037982
 20
8.247529411764706
 10
20.48900195694716
 20
8.219990416143212
 10
20.505631815816944
 20
8.207686274509804
 10
20.533737769080233
 20
8.189827366441676
 10
20.578473581213306
 20
8.199191040391423
 10
20.584290212355597
 20
8.207686274509804
  0
LWPOLYLINE
  5
72
330
17
100
AcDbEntity
  8
CONDUCTIVE_METASURFACE
100
AcDbPolyline
 90
23
 70
1
 10
2.11723350997836
 20
8.008470588235294
 10
2.147318982387475
 20
8.02022267178109
 10
2.17823975903735
 20
8.048313725490196
 10
2.1920547945205477
 20
8.063124759252403
 10
2.2121067659779787
 20
8.088156862745098
 10
2.201593256738253
 20
8.128
 10
2.1920547945205477
 20
8.13318048767536
 10
2.177290238768722
 20
8.128
 10
2.1537890502931667
 20
8.088156862745098
 10
2.147318982387475
 20
8.083645776704989
 10
2.102583170254403
 20
8.06141824104607
 10
2.07220943851467
 20
8.088156862745098
 10
2.0578473581213306
 20
8.105781339657817
 10
2.0287964025721785
 20
8.128
 10
2.013111545988258
 20
8.1332625012903
 10
2.0037250057755744
 20
8.128
 10
1.9879788025894831
 20
8.088156862745098
 10
2.013111545988258
 20
8.05557813692233
 10
2.0578473581213306
 20
8.07171400349665
 10
2.083731424337679
 20
8.048313725490196
 10
2.090337561922759
 20
8.008470588235294
 10
2.102583170254403
 20
8.004591860909196
 10
2.11723350997836
 20
8.008470588235294
  0
LWPOLYLINE
  5
73
330
17
100
AcDbEntity
  8
CONDUCTIVE_METASURFACE
100
AcDbPolyline
 90
23
 70
1
 10
3.5918074154931348
 20
8.008470588235294
 10
3.5985030838198586
 20
8.048313725490196
 10
3.6236007827788645
 20
8.070535207254181
 10
3.668336594911937
 20
8.054346411926746
 10
3.694061290640822
 20
8.088156862745098
 10
3.678575058699016
 20
8.128
 10
3.668336594911937
 20
8.13374592807481
 10
3.6512502532660625
 20
8.128
 10
3.6236007827788645
 20
8.106899143783506
 10
3.60837835606712
 20
8.088156862745098
 10
3.5788649706457925
 20
8.061751947294315
 10
3.53412915851272
 20
8.084029266474076
 10
3.5282566301102953
 20
8.088156862745098
 10
3.5051039420795527
 20
8.128
 10
3.4893933463796474
 20
8.133481116620768
 10
3.4793021672481834
 20
8.128
 10
3.4690000724134005
 20
8.088156862745098
 10
3.4893933463796474
 20
8.062870869469318
 10
3.5030691329451504
 20
8.048313725490196
 10
3.53412915851272
 20
8.019989666694496
 10
3.56356649275619
 20
8.008470588235294
 10
3.5788649706457925
 20
8.004403120525847
 10
3.5918074154931348
 20
8.008470588235294
  0
LWPOLYLINE
  5
74
330
17
100
AcDbEntity
  8
CONDUCTIVE_METASURFACE
100
AcDbPolyline
 90
23
 70
1
 10
7.843417463011629
 20
8.008470588235294
 10
7.873502935420743
 20
8.02022267178109
 10
7.904423712070618
 20
8.048313725490196
 10
7.918238747553816
 20
8.063124759252403
 10
7.938290719011246
 20
8.088156862745098
 10
7.92777720977152
 20
8.128
 10
7.918238747553816
 20
8.13318048767536
 10
7.9034741918019895
 20
8.128
 10
7.879973003326435
 20
8.088156862745098
 10
7.873502935420743
 20
8.083645776704989
 10
7.828767123287671
 20
8.06141824104607
 10
7.798393391547938
 20
8.088156862745098
 10
7.784031311154598
 20
8.105781339657817
 10
7.754980355605447
 20
8.128
 10
7.739295499021526
 20
8.1332625012903
 10
7.729908958808842
 20
8.128
 10
7.714162755622751
 20
8.088156862745098
 10
7.739295499021526
 20
8.05557813692233
 10
7.784031311154598
 20
8.07171400349665
 10
7.809915377370947
 20
8.048313725490196
 10
7.816521514956027
 20
8.008470588235294
 10
7.828767123287671
 20
8.004591860909196
 10
7.843417463011629
 20
8.008470588235294
  0
LWPOLYLINE
  5
75
330
17
100
AcDbEntity
  8
CONDUCTIVE_METASURFACE
100
AcDbPolyline
 90
23
 70
1
 10
9.317991368526403
 20
8.008470588235294
 10
9.324687036853128
 20
8.048313725490196
 10
9.349784735812133
 20
8.070535207254181
 10
9.394520547945204
 20
8.054346411926746
 10
9.42024524367409
 20
8.088156862745098
 10
9.404759011732285
 20
8.128
 10
9.394520547945204
 20
8.13374592807481
 10
9.37743420629933
 20
8.128
 10
9.349784735812133
 20
8.106899143783506
 10
9.334562309100388
 20
8.088156862745098
 10
9.30504892367906
 20
8.061751947294315
 10
9.260313111545987
 20
8.084029266474076
 10
9.254440583143563
 20
8.088156862745098
 10
9.23128789511282
 20
8.128
 10
9.215577299412915
 20
8.133481116620768
 10
9.205486120281451
 20
8.128
 10
9.195184025446668
 20
8.088156862745098
 10
9.215577299412915
 20
8.062870869469318
 10
9.229253085978417
 20
8.048313725490196
 10
9.260313111545987
 20
8.019989666694496
 10
9.289750445789457
 20
8.008470588235294
 10
9.30504892367906
 20
8.004403120525847
 10
9.317991368526403
 20
8.008470588235294
  0
LWPOLYLINE
  5
76
330
17
100
AcDbEntity
  8
CONDUCTIVE_METASURFACE
100
AcDbPolyline
 90
23
 70
1
 10
13.569601416044895
 20
8.008470588235294
 10
13.599686888454011
 20
8.02022267178109
 10
13.630607665103886
 20
8.048313725490196
 10
13.644422700587084
 20
8.063124759252403
 10
13.664474672044516
 20
8.088156862745098
 10
13.65396116280479
 20
8.128
 10
13.644422700587084
 20
8.13318048767536
 10
13.629658144835258
 20
8.128
 10
13.606156956359703
 20
8.088156862745098
 10
13.599686888454011
 20
8.083645776704989
 10
13.55495107632094
 20
8.06141824104607
 10
13.524577344581209
 20
8.088156862745098
 10
13.510215264187865
 20
8.105781339657817
 10
13.481164308638714
 20
8.128
 10
13.465479452054796
 20
8.1332625012903
 10
13.45609291184211
 20
8.128
 10
13.44034670865602
 20
8.088156862745098
 10
13.465479452054796
 20
8.05557813692233
 10
13.510215264187865
 20
8.07171400349665
 10
13.536099330404218
 20
8.048313725490196
 10
13.542705467989293
 20
8.008470588235294
 10
13.55495107632094
 20
8.004591860909196
 10
13.569601416044895
 20
8.008470588235294
  0
LWPOLYLINE
  5
77
330
17
100
AcDbEntity
  8
CONDUCTIVE_METASURFACE
100
AcDbPolyline
 90
23
 70
1
 10
15.044175321559672
 20
8.008470588235294
 10
15.050870989886395
 20
8.048313725490196
 10
15.075968688845402
 20
8.070535207254181
 10
15.120704500978473
 20
8.054346411926746
 10
15.146429196707357
 20
8.088156862745098
 10
15.130942964765552
 20
8.128
 10
15.120704500978473
 20
8.13374592807481
 10
15.103618159332598
 20
8.128
 10
15.075968688845402
 20
8.106899143783506
 10
15.060746262133655
 20
8.088156862745098
 10
15.031232876712327
 20
8.061751947294315
 10
14.986497064579256
 20
8.084029266474076
 10
14.98062453617683
 20
8.088156862745098
 10
14.95747184814609
 20
8.128
 10
14.941761252446183
 20
8.133481116620768
 10
14.931670073314722
 20
8.128
 10
14.921367978479935
 20
8.088156862745098
 10
14.941761252446183
 20
8.062870869469318
 10
14.955437039011684
 20
8.048313725490196
 10
14.986497064579256
 20
8.019989666694496
 10
15.015934398822726
 20
8.008470588235294
 10
15.031232876712327
 20
8.004403120525847
 10
15.044175321559672
 20
8.008470588235294
  0
LWPOLYLINE
  5
78
330
17
100
AcDbEntity
  8
CONDUCTIVE_METASURFACE
100
AcDbPolyline
 90
23
 70
1
 10
19.295785369078164
 20
8.008470588235294
 10
19.32587084148728
 20
8.02022267178109
 10
19.356791618137155
 20
8.048313725490196
 10
19.370606653620353
 20
8.063124759252403
 10
19.390658625077783
 20
8.088156862745098
 10
19.380145115838058
 20
8.128
 10
19.370606653620353
 20
8.13318048767536
 10
19.355842097868525
 20
8.128
 10
19.33234090939297
 20
8.088156862745098
 10
19.32587084148728
 20
8.083645776704989
 10
19.281135029354207
 20
8.06141824104607
 10
19.250761297614474
 20
8.088156862745098
 10
19.236399217221134
 20
8.105781339657817
 10
19.20734826167198
 20
8.128
 10
19.19166340508806
 20
8.1332625012903
 10
19.18227686487538
 20
8.128
 10
19.166530661689286
 20
8.088156862745098
 10
19.19166340508806
 20
8.05557813692233
 10
19.236399217221134
 20
8.07171400349665
 10
19.262283283437487
 20
8.048313725490196
 10
19.26888942102256
 20
8.008470588235294
 10
19.281135029354207
 20
8.004591860909196
 10
19.295785369078164
 20
8.008470588235294
  0
LWPOLYLINE
  5
79
330
17
100
AcDbEntity
  8
CONDUCTIVE_METASURFACE
100
AcDbPolyline
 90
23
 70
1
 10
20.770359274592938
 20
8.008470588235294
 10
20.777054942919662
 20
8.048313725490196
 10
20.80215264187867
 20
8.070535207254181
 10
20.84688845401174
 20
8.054346411926746
 10
20.872613149740626
 20
8.088156862745098
 10
20.85712691779882
 20
8.128
 10
20.84688845401174
 20
8.13374592807481
 10
20.829802112365865
 20
8.128
 10
20.80215264187867
 20
8.106899143783506
 10
20.786930215166922
 20
8.088156862745098
 10
20.757416829745594
 20
8.061751947294315
 10
20.712681017612525
 20
8.084029266474076
 10
20.706808489210097
 20
8.088156862745098
 10
20.683655801179356
 20
8.128
 10
20.66794520547945
 20
8.133481116620768
 10
20.657854026347987
 20
8.128
 10
20.647551931513203
 20
8.088156862745098
 10
20.66794520547945
 20
8.062870869469318
 10
20.68162099204495
 20
8.048313725490196
 10
20.712681017612525
 20
8.019989666694496
 10
20.742118351855993
 20
8.008470588235294
 10
20.757416829745594
 20
8.004403120525847
 10
20.770359274592938
 20
8.008470588235294
  0
LWPOLYLINE
  5
7A
330
17
100
AcDbEntity
  8
CONDUCTIVE_METASURFACE
100
AcDbPolyline
 90
17
 70
1
 10
2.945807885404985
 20
7.570196078431373
 10
2.9458293595865386
 20
7.610039215686275
 10
2.945816436425581
 20
7.649882352941177
 10
2.945744360330739
 20
7.6897254901960785
 10
2.907827788649706
 20
7.723551768525785
 10
2.8630919765166336
 20
7.723570890888416
 10
2.8183561643835615
 20
7.723559411482088
 10
2.773620352250489
 20
7.723495211251805
 10
2.7356402218309745
 20
7.6897254901960785
 10
2.735618759488305
 20
7.649882352941177
 10
2.7356316839477532
 20
7.610039215686275
 10
2.7357037883167634
 20
7.570196078431373
 10
2.773620352250489
 20
7.536369791154431
 10
2.8183561643835615
 20
7.536350665022938
 10
2.8630919765166336
 20
7.536362183553927
 10
2.907827788649706
 20
7.536426397913885
 10
2.945807885404985
 20
7.570196078431373
  0
LWPOLYLINE
  5
7B
330
17
100
AcDbEntity
  8
CONDUCTIVE_METASURFACE
100
AcDbPolyline
 90
17
 70
1
 10
8.671991838438252
 20
7.570196078431373
 10
8.672013312619807
 20
7.610039215686275
 10
8.672000389458848
 20
7.649882352941177
 10
8.671928313364008
 20
7.6897254901960785
 10
8.634011741682974
 20
7.723551768525785
 10
8.5892759295499
 20
7.723570890888416
 10
8.54454011741683
 20
7.723559411482088
 10
8.499804305283757
 20
7.723495211251805
 10
8.461824174864242
 20
7.6897254901960785
 10
8.461802712521573
 20
7.649882352941177
 10
8.46181563698102
 20
7.610039215686275
 10
8.461887741350031
 20
7.570196078431373
 10
8.499804305283757
 20
7.536369791154431
 10
8.54454011741683
 20
7.536350665022938
 10
8.5892759295499
 20
7.536362183553927
 10
8.634011741682974
 20
7.536426397913885
 10
8.671991838438252
 20
7.570196078431373
  0
LWPOLYLINE
  5
7C
330
17
100
AcDbEntity
  8
CONDUCTIVE_METASURFACE
100
AcDbPolyline
 90
17
 70
1
 10
14.398175791471521
 20
7.570196078431373
 10
14.398197265653076
 20
7.610039215686275
 10
14.398184342492117
 20
7.649882352941177
 10
14.398112266397273
 20
7.6897254901960785
 10
14.360195694716243
 20
7.723551768525785
 10
14.31545988258317
 20
7.723570890888416
 10
14.270724070450099
 20
7.723559411482088
 10
14.225988258317024
 20
7.723495211251805
 10
14.188008127897511
 20
7.6897254901960785
 10
14.187986665554844
 20
7.649882352941177
 10
14.187999590014291
 20
7.610039215686275
 10
14.188071694383298
 20
7.570196078431373
 10
14.225988258317024
 20
7.536369791154431
 10
14.270724070450099
 20
7.536350665022938
 10
14.31545988258317
 20
7.536362183553927
 10
14.360195694716243
 20
7.536426397913885
 10
14.398175791471521
 20
7.570196078431373
  0
LWPOLYLINE
  5
7D
330
17
100
AcDbEntity
  8
CONDUCTIVE_METASURFACE
100
AcDbPolyline
 90
17
 70
1
 10
20.124359744504787
 20
7.570196078431373
 10
20.124381218686345
 20
7.610039215686275
 10
20.124368295525386
 20
7.649882352941177
 10
20.12429621943054
 20
7.6897254901960785
 10
20.08637964774951
 20
7.723551768525785
 10
20.041643835616437
 20
7.723570890888416
 10
19.996908023483364
 20
7.723559411482088
 10
19.95217221135029
 20
7.723495211251805
 10
19.91419208093078
 20
7.6897254901960785
 10
19.91417061858811
 20
7.649882352941177
 10
19.91418354304756
 20
7.610039215686275
 10
19.914255647416567
 20
7.570196078431373
 10
19.95217221135029
 20
7.536369791154431
 10
19.996908023483364
 20
7.536350665022938
 10
20.041643835616437
 20
7.536362183553927
 10
20.08637964774951
 20
7.536426397913885
 10
20.124359744504787
 20
7.570196078431373
  0
LWPOLYLINE
  5
7E
330
17
100
AcDbEntity
  8
CONDUCTIVE_METASURFACE
100
AcDbPolyline
 90
23
 70
1
 10
2.2021460085973645
 20
7.13192156862745
 10
2.212448074150022
 20
7.171764705882352
 10
2.1920547945205477
 20
7.197050659596637
 10
2.1783789769974597
 20
7.211607843137254
 10
2.147318982387475
 20
7.2399319339157655
 10
2.117881690829749
 20
7.251450980392157
 10
2.102583170254403
 20
7.255518455237065
 10
2.089640720420915
 20
7.251450980392157
 10
2.0829451483077537
 20
7.211607843137254
 10
2.0578473581213306
 20
7.189386337844158
 10
2.013111545988258
 20
7.205575157365463
 10
1.9873868373145078
 20
7.171764705882352
 10
2.002873030540762
 20
7.13192156862745
 10
2.013111545988258
 20
7.126175617105328
 10
2.030197964284871
 20
7.13192156862745
 10
2.0578473581213306
 20
7.1530223868358185
 10
2.073069798205957
 20
7.171764705882352
 10
2.102583170254403
 20
7.19816966189572
 10
2.147318982387475
 20
7.1758922760358175
 10
2.153191479991492
 20
7.171764705882352
 10
2.1763441384545863
 20
7.13192156862745
 10
2.1920547945205477
 20
7.12644044082243
 10
2.2021460085973645
 20
7.13192156862745
  0
LWPOLYLINE
  5
7F
330
17
100
AcDbEntity
  8
CONDUCTIVE_METASURFACE
100
AcDbPolyline
 90
23
 70
1
 10
3.677723378297838
 20
7.13192156862745
 10
3.693469540783278
 20
7.171764705882352
 10
3.668336594911937
 20
7.204343611318237
 10
3.6236007827788645
 20
7.188207697421995
 10
3.5977168288540295
 20
7.211607843137254
 10
3.5911107829736753
 20
7.251450980392157
 10
3.5788649706457925
 20
7.255329763217604
 10
3.564214464773908
 20
7.251450980392157
 10
3.53412915851272
 20
7.239698916404711
 10
3.503208408638102
 20
7.211607843137254
 10
3.4893933463796474
 20
7.19679680724231
 10
3.4693413520535645
 20
7.171764705882352
 10
3.4798548101601066
 20
7.13192156862745
 10
3.4893933463796474
 20
7.126741038825432
 10
3.5041580432539097
 20
7.13192156862745
 10
3.5276592343472357
 20
7.171764705882352
 10
3.53412915851272
 20
7.176275698323726
 10
3.5788649706457925
 20
7.1985032037486105
 10
3.609238531885179
 20
7.171764705882352
 10
3.6236007827788645
 20
7.154140001411333
 10
3.65265135262219
 20
7.13192156862745
 10
3.668336594911937
 20
7.126658935201597
 10
3.677723378297838
 20
7.13192156862745
  0
LWPOLYLINE
  5
80
330
17
100
AcDbEntity
  8
CONDUCTIVE_METASURFACE
100
AcDbPolyline
 90
23
 70
1
 10
7.928329961630633
 20
7.13192156862745
 10
7.93863202718329
 20
7.171764705882352
 10
7.918238747553816
 20
7.197050659596637
 10
7.904562930030727
 20
7.211607843137254
 10
7.873502935420743
 20
7.2399319339157655
 10
7.844065643863018
 20
7.251450980392157
 10
7.828767123287671
 20
7.255518455237065
 10
7.815824673454182
 20
7.251450980392157
 10
7.809129101341021
 20
7.211607843137254
 10
7.784031311154598
 20
7.189386337844158
 10
7.739295499021526
 20
7.205575157365463
 10
7.713570790347775
 20
7.171764705882352
 10
7.72905698357403
 20
7.13192156862745
 10
7.739295499021526
 20
7.126175617105328
 10
7.75638191731814
 20
7.13192156862745
 10
7.784031311154598
 20
7.1530223868358185
 10
7.799253751239225
 20
7.171764705882352
 10
7.828767123287671
 20
7.19816966189572
 10
7.873502935420743
 20
7.1758922760358175
 10
7.87937543302476
 20
7.171764705882352
 10
7.902528091487854
 20
7.13192156862745
 10
7.918238747553816
 20
7.12644044082243
 10
7.928329961630633
 20
7.13192156862745
  0
LWPOLYLINE
  5
81
330
17
100
AcDbEntity
  8
CONDUCTIVE_METASURFACE
100
AcDbPolyline
 90
23
 70
1
 10
9.403907331331107
 20
7.13192156862745
 10
9.419653493816547
 20
7.171764705882352
 10
9.394520547945204
 20
7.204343611318237
 10
9.349784735812133
 20
7.188207697421995
 10
9.323900781887296
 20
7.211607843137254
 10
9.317294736006943
 20
7.251450980392157
 10
9.30504892367906
 20
7.255329763217604
 10
9.290398417807177
 20
7.251450980392157
 10
9.260313111545987
 20
7.239698916404711
 10
9.22939236167137
 20
7.211607843137254
 10
9.215577299412915
 20
7.19679680724231
 10
9.195525305086832
 20
7.171764705882352
 10
9.206038763193375
 20
7.13192156862745
 10
9.215577299412915
 20
7.126741038825432
 10
9.230341996287178
 20
7.13192156862745
 10
9.253843187380502
 20
7.171764705882352
 10
9.260313111545987
 20
7.176275698323726
 10
9.30504892367906
 20
7.1985032037486105
 10
9.335422484918448
 20
7.171764705882352
 10
9.349784735812133
 20
7.154140001411333
 10
9.378835305655459
 20
7.13192156862745
 10
9.394520547945204
 20
7.126658935201597
 10
9.403907331331107
 20
7.13192156862745
  0
LWPOLYLINE
  5
82
330
17
100
AcDbEntity
  8
CONDUCTIVE_METASURFACE
100
AcDbPolyline
 90
23
 70
1
 10
13.6545139146639
 20
7.13192156862745
 10
13.664815980216558
 20
7.171764705882352
 10
13.644422700587084
 20
7.197050659596637
 10
13.630746883063996
 20
7.211607843137254
 10
13.599686888454011
 20
7.2399319339157655
 10
13.570249596896286
 20
7.251450980392157
 10
13.55495107632094
 20
7.255518455237065
 10
13.54200862648745
 20
7.251450980392157
 10
13.535313054374289
 20
7.211607843137254
 10
13.510215264187865
 20
7.189386337844158
 10
13.465479452054796
 20
7.205575157365463
 10
13.439754743381043
 20
7.171764705882352
 10
13.455240936607296
 20
7.13192156862745
 10
13.465479452054796
 20
7.126175617105328
 10
13.482565870351408
 20
7.13192156862745
 10
13.510215264187865
 20
7.1530223868358185
 10
13.525437704272493
 20
7.171764705882352
 10
13.55495107632094
 20
7.19816966189572
 10
13.599686888454011
 20
7.1758922760358175
 10
13.60555938605803
 20
7.171764705882352
 10
13.628712044521121
 20
7.13192156862745
 10
13.644422700587084
 20
7.12644044082243
 10
13.6545139146639
 20
7.13192156862745
  0
LWPOLYLINE
  5
83
330
17
100
AcDbEntity
  8
CONDUCTIVE_METASURFACE
100
AcDbPolyline
 90
23
 70
1
 10
15.130091284364376
 20
7.13192156862745
 10
15.145837446849816
 20
7.171764705882352
 10
15.120704500978473
 20
7.204343611318237
 10
15.075968688845402
 20
7.188207697421995
 10
15.050084734920565
 20
7.211607843137254
 10
15.043478689040212
 20
7.251450980392157
 10
15.031232876712327
 20
7.255329763217604
 10
15.016582370840444
 20
7.251450980392157
 10
14.986497064579256
 20
7.239698916404711
 10
14.955576314704638
 20
7.211607843137254
 10
14.941761252446183
 20
7.19679680724231
 10
14.921709258120101
 20
7.171764705882352
 10
14.932222716226642
 20
7.13192156862745
 10
14.941761252446183
 20
7.126741038825432
 10
14.956525949320445
 20
7.13192156862745
 10
14.980027140413771
 20
7.171764705882352
 10
14.986497064579256
 20
7.176275698323726
 10
15.031232876712327
 20
7.1985032037486105
 10
15.061606437951715
 20
7.171764705882352
 10
15.075968688845402
 20
7.154140001411333
 10
15.105019258688726
 20
7.13192156862745
 10
15.120704500978473
 20
7.126658935201597
 10
15.130091284364376
 20
7.13192156862745
  0
LWPOLYLINE
  5
84
330
17
100
AcDbEntity
  8
CONDUCTIVE_METASURFACE
100
AcDbPolyline
 90
23
 70
1
 10
19.38069786769717
 20
7.13192156862745
 10
19.390999933249827
 20
7.171764705882352
 10
19.370606653620353
 20
7.197050659596637
 10
19.356930836097263
 20
7.211607843137254
 10
19.32587084148728
 20
7.2399319339157655
 10
19.296433549929553
 20
7.251450980392157
 10
19.281135029354207
 20
7.255518455237065
 10
19.268192579520715
 20
7.251450980392157
 10
19.261497007407556
 20
7.211607843137254
 10
19.236399217221134
 20
7.189386337844158
 10
19.19166340508806
 20
7.205575157365463
 10
19.16593869641431
 20
7.171764705882352
 10
19.181424889640564
 20
7.13192156862745
 10
19.19166340508806
 20
7.126175617105328
 10
19.208749823384675
 20
7.13192156862745
 10
19.236399217221134
 20
7.1530223868358185
 10
19.251621657305762
 20
7.171764705882352
 10
19.281135029354207
 20
7.19816966189572
 10
19.32587084148728
 20
7.1758922760358175
 10
19.331743339091297
 20
7.171764705882352
 10
19.354895997554387
 20
7.13192156862745
 10
19.370606653620353
 20
7.12644044082243
 10
19.38069786769717
 20
7.13192156862745
  0
LWPOLYLINE
  5
85
330
17
100
AcDbEntity
  8
CONDUCTIVE_METASURFACE
100
AcDbPolyline
 90
23
 70
1
 10
20.856275237397643
 20
7.13192156862745
 10
20.87202139988308
 20
7.171764705882352
 10
20.84688845401174
 20
7.204343611318237
 10
20.80215264187867
 20
7.188207697421995
 10
20.776268687953834
 20
7.211607843137254
 10
20.76966264207348
 20
7.251450980392157
 10
20.757416829745594
 20
7.255329763217604
 10
20.74276632387371
 20
7.251450980392157
 10
20.712681017612525
 20
7.239698916404711
 10
20.681760267737907
 20
7.211607843137254
 10
20.66794520547945
 20
7.19679680724231
 10
20.64789321115337
 20
7.171764705882352
 10
20.65840666925991
 20
7.13192156862745
 10
20.66794520547945
 20
7.126741038825432
 10
20.682709902353714
 20
7.13192156862745
 10
20.70621109344704
 20
7.171764705882352
 10
20.712681017612525
 20
7.176275698323726
 10
20.757416829745594
 20
7.1985032037486105
 10
20.787790390984984
 20
7.171764705882352
 10
20.80215264187867
 20
7.154140001411333
 10
20.831203211721995
 20
7.13192156862745
 10
20.84688845401174
 20
7.126658935201597
 10
20.856275237397643
 20
7.13192156862745
  0
LWPOLYLINE
  5
86
330
17
100
AcDbEntity
  8
CONDUCTIVE_METASURFACE
100
AcDbPolyline
 90
217
 70
1
 10
2.340731762158116
 20
5.5780392156862755
 10
2.3470198421186943
 20
5.6178823529411765
 10
2.326262230919765
 20
5.6529073276609925
 10
2.3183584524713354
 20
5.6577254901960785
 10
2.2815264187866924
 20
5.686162948413902
 10
2.2367906066536203
 20
5.680576098427182
 10
2.1920547945205477
 20
5.688366436054028
 10
2.171214392422684
 20
5.6975686274509805
 10
2.1548051327963615
 20
5.737411764705882
 10
2.147318982387475
 20
5.756204691584601
 10
2.13562538631405
 20
5.777254901960784
 10
2.128868343672963
 20
5.817098039215686
 10
2.1295888407544905
 20
5.856941176470587
 10
2.147318982387475
 20
5.8951198516587535
 10
2.1479276589626246
 20
5.896784313725489
 10
2.1564660152615396
 20
5.936627450980391
 10
2.147318982387475
 20
5.95871022881
 10
2.1235870160278436
 20
5.976470588235294
 10
2.102583170254403
 20
5.9881639705463625
 10
2.0578473581213306
 20
5.999905503761312
 10
2.039638257445013
 20
6.016313725490196
 10
2.0578473581213306
 20
6.046297374051894
 10
2.064645234924535
 20
6.056156862745098
 10
2.0578473581213306
 20
6.064284812772547
 10
2.0270622965054215
 20
6.096
 10
2.013111545988258
 20
6.106995703833732
 10
1.9815374925239146
 20
6.096
 10
1.9683757338551857
 20
6.092098461998923
 10
1.9236399217221134
 20
6.087099066915884
 10
1.8789041095890409
 20
6.067131453127544
 10
1.8443036365894199
 20
6.056156862745098
 10
1.8341682974559685
 20
6.053739520654018
 10
1.7894324853228962
 20
6.046957969910451
 10
1.7710653432965555
 20
6.056156862745098
 10
1.7571792798947092
 20
6.096
 10
1.7771003648164694
 20
6.135843137254903
 10
1.7894324853228962
 20
6.13900893301732
 10
1.8341682974559685
 20
6.152401994818305
 10
1.8613337594340849
 20
6.175686274509805
 10
1.8536602938321212
 20
6.215529411764707
 10
1.8519897630398614
 20
6.255372549019608
 10
1.8506367439608853
 20
6.29521568627451
 10
1.8341682974559685
 20
6.313098461281718
 10
1.7894324853228962
 20
6.328784706862506
 10
1.7741303126244152
 20
6.335058823529412
 10
1.7446966731898237
 20
6.365028046095703
 10
1.701598464491445
 20
6.374901960784314
 10
1.6999608610567514
 20
6.3751961370480466
 10
1.6552250489236788
 20
6.386852802175801
 10
1.6119796138126201
 20
6.414745098039216
 10
1.6104892367906065
 20
6.419782235118431
 10
1.5958000207408207
 20
6.454588235294118
 10
1.5657534246575342
 20
6.468294858059609
 10
1.5362236440252892
 20
6.494431372549019
 10
1.5210176125244617
 20
6.520708491000911
 10
1.478270872591288
 20
6.534274509803921
 10
1.4762818003913893
 20
6.534714216367045
 10
1.444453193324259
 20
6.574117647058823
 10
1.4315459882583168
 20
6.613671553004165
 10
1.4311854191509286
 20
6.613960784313726
 10
1.4199862150553144
 20
6.6538039215686275
 10
1.3868101761252445
 20
6.6798142292079845
 10
1.3796834758635812
 20
6.6936470588235295
 10
1.3622207568031637
 20
6.7334901960784315
 10
1.3420743639921722
 20
6.748199369024643
 10
1.2973385518590996
 20
6.749365150818481
 10
1.2526027397260273
 20
6.751106693451876
 10
1.207866927592955
 20
6.758199686550705
 10
1.1814365685102814
 20
6.7334901960784315
 10
1.1662126097124839
 20
6.6936470588235295
 10
1.1631311154598825
 20
6.684188735936746
 10
1.1183953033268101
 20
6.665205879918767
 10
1.0736594911937376
 20
6.677445953748243
 10
1.06338829282412
 20
6.6936470588235295
 10
1.07105238551653
 20
6.7334901960784315
 10
1.0736594911937376
 20
6.7421768773294435
 10
1.0860915848723758
 20
6.773333333333334
 10
1.1085174934953705
 20
6.813176470588236
 10
1.1140255552688871
 20
6.853019607843138
 10
1.1183953033268101
 20
6.864707522840438
 10
1.1307660986094636
 20
6.892862745098039
 10
1.1183953033268101
 20
6.905301858380096
 10
1.0829150990172234
 20
6.932705882352941
 10
1.0736594911937376
 20
6.938888779137151
 10
1.0623361712508201
 20
6.932705882352941
 10
1.0289236790606653
 20
6.916661227744251
 10
1.0107062853741127
 20
6.932705882352941
 10
0.9974988032682846
 20
6.972549019607843
 10
0.9841878669275929
 20
6.991570553843342
 10
0.9647052085388783
 20
7.012392156862745
 10
0.9394520547945204
 20
7.020732761361308
 10
0.8947162426614481
 20
7.013367799747086
 10
0.8913375721827699
 20
7.012392156862745
 10
0.8499804305283757
 20
6.997099842549977
 10
0.8052446183953033
 20
6.996451073925319
 10
0.7605088062622308
 20
7.002664615150197
 10
0.7382991477038401
 20
7.012392156862745
 10
0.7157729941291584
 20
7.01943922034381
 10
0.6710371819960861
 20
7.034407560761922
 10
0.6611681893787276
 20
7.052235294117647
 10
0.6525799015631901
 20
7.092078431372549
 10
0.6593395696588521
 20
7.13192156862745
 10
0.6263013698630137
 20
7.165381618897409
 10
0.6213357779652213
 20
7.171764705882352
 10
0.5815655577299412
 20
7.190227609829702
 10
0.5368297455968688
 20
7.184671836556935
 10
0.5184701359358879
 20
7.171764705882352
 10
0.5119264951442913
 20
7.13192156862745
 10
0.5174074381695287
 20
7.092078431372549
 10
0.5302946780789154
 20
7.052235294117647
 10
0.5368297455968688
 20
7.048012939526757
 10
0.5762383224441123
 20
7.012392156862745
 10
0.5777439696486444
 20
6.972549019607843
 10
0.5815655577299412
 20
6.968361673090485
 10
0.6059199609782757
 20
6.972549019607843
 10
0.6263013698630137
 20
6.9770763350389675
 10
0.6339419452904014
 20
6.972549019607843
 10
0.65224077703558
 20
6.932705882352941
 10
0.645380269691052
 20
6.892862745098039
 10
0.6263013698630137
 20
6.85462832871119
 10
0.6241394590664631
 20
6.853019607843138
 10
0.6121768903949061
 20
6.813176470588236
 10
0.6263013698630137
 20
6.784255456214789
 10
0.6339546523363131
 20
6.773333333333334
 10
0.6632057260508721
 20
6.7334901960784315
 10
0.6710371819960861
 20
6.725119309071974
 10
0.7157729941291584
 20
6.714381237145537
 10
0.758542318780245
 20
6.6936470588235295
 10
0.7605088062622308
 20
6.6930518260982215
 10
0.8052446183953033
 20
6.689751851736729
 10
0.8257599397400157
 20
6.6936470588235295
 10
0.8499804305283757
 20
6.697148866190913
 10
0.8574744533119657
 20
6.6936470588235295
 10
0.8947162426614481
 20
6.674231911480718
 10
0.9182980363808158
 20
6.6538039215686275
 10
0.9215200065566522
 20
6.613960784313726
 10
0.9017312075034302
 20
6.574117647058823
 10
0.8989939410963753
 20
6.534274509803921
 10
0.9098768702691421
 20
6.494431372549019
 10
0.9302520127143434
 20
6.454588235294118
 10
0.9394520547945204
 20
6.4489896616851805
 10
0.9841878669275929
 20
6.428641998755501
 10
1.028685351613969
 20
6.454588235294118
 10
1.0289236790606653
 20
6.454752524782511
 10
1.0620246070578818
 20
6.494431372549019
 10
1.0503067499910665
 20
6.534274509803921
 10
1.040631994782374
 20
6.574117647058823
 10
1.0736594911937376
 20
6.593808930394635
 10
1.1135692127403918
 20
6.574117647058823
 10
1.1127689381773787
 20
6.534274509803921
 10
1.1183953033268101
 20
6.530446132175448
 10
1.1631311154598825
 20
6.509696281626313
 10
1.207866927592955
 20
6.50318807486434
 10
1.2199902152606987
 20
6.494431372549019
 10
1.2488955622595355
 20
6.454588235294118
 10
1.2526027397260273
 20
6.452313871137735
 10
1.2764063483453751
 20
6.414745098039216
 10
1.2850155081501002
 20
6.374901960784314
 10
1.2896327087955797
 20
6.335058823529412
 10
1.295471379794513
 20
6.29521568627451
 10
1.2973385518590996
 20
6.285952446433088
 10
1.3331645451225642
 20
6.255372549019608
 10
1.3420743639921722
 20
6.2540015999363545
 10
1.3868101761252445
 20
6.248988836333632
 10
1.4315459882583168
 20
6.244618016903941
 10
1.4762818003913893
 20
6.236777187310592
 10
1.5182434997770142
 20
6.215529411764707
 10
1.5210176125244617
 20
6.211908389487609
 10
1.5657534246575342
 20
6.186289979296637
 10
1.5755536624858377
 20
6.175686274509805
 10
1.58306887503728
 20
6.135843137254903
 10
1.6064193226306143
 20
6.096
 10
1.6104892367906065
 20
6.091178076331278
 10
1.6552250489236788
 20
6.091899855337787
 10
1.6772065932808236
 20
6.056156862745098
 10
1.6552250489236788
 20
6.0274458366315775
 10
1.6104892367906065
 20
6.035710250844515
 10
1.5657534246575342
 20
6.0459164223143365
 10
1.5210176125244617
 20
6.016448936690273
 10
1.520858439272461
 20
6.016313725490196
 10
1.4914769430609247
 20
5.976470588235294
 10
1.5145155657193157
 20
5.936627450980391
 10
1.5210176125244617
 20
5.928185664036309
 10
1.5657534246575342
 20
5.910150193144839
 10
1.6104892367906065
 20
5.900093848425833
 10
1.6552250489236788
 20
5.901736089918101
 10
1.6999608610567514
 20
5.920008285429407
 10
1.7446966731898237
 20
5.917355294302272
 10
1.7672937641147468
 20
5.896784313725489
 10
1.7894324853228962
 20
5.863485010959224
 10
1.793296475912842
 20
5.856941176470587
 10
1.7894324853228962
 20
5.836130693277146
 10
1.78477289895374
 20
5.817098039215686
 10
1.7883783930936503
 20
5.777254901960784
 10
1.7894324853228962
 20
5.774476984207812
 10
1.8120046285970888
 20
5.737411764705882
 10
1.824147390376015
 20
5.6975686274509805
 10
1.8341682974559685
 20
5.6901521344021875
 10
1.8789041095890409
 20
5.6642970919823865
 10
1.8907664456208266
 20
5.6577254901960785
 10
1.9236399217221134
 20
5.644890187057857
 10
1.9683757338551857
 20
5.65554478380144
 10
1.9704063145087232
 20
5.6577254901960785
 10
2.013111545988258
 20
5.674665651380922
 10
2.0578473581213306
 20
5.68082212099237
 10
2.102583170254403
 20
5.6646510942252695
 10
2.1077539965767245
 20
5.6577254901960785
 10
2.102583170254403
 20
5.639619992503893
 10
2.097780368494903
 20
5.6178823529411765
 10
2.102583170254403
 20
5.61442226332801
 10
2.147318982387475
 20
5.6132129361611325
 10
2.187502496988691
 20
5.5780392156862755
 10
2.1920547945205477
 20
5.572489766538509
 10
2.2367906066536203
 20
5.5611193792693
 10
2.2815264187866924
 20
5.55638623292994
 10
2.326262230919765
 20
5.561883058498658
 10
2.340731762158116
 20
5.5780392156862755
  0
LWPOLYLINE
  5
87
330
17
100
AcDbEntity
  8
CONDUCTIVE_METASURFACE
100
AcDbPolyline
 90
217
 70
1
 10
3.4941342331769962
 20
5.5780392156862755
 10
3.53412915851272
 20
5.613137713560195
 10
3.5788649706457925
 20
5.61447865801679
 10
3.583566609236726
 20
5.6178823529411765
 10
3.5788649706457925
 20
5.639573497439064
 10
3.5737817795123683
 20
5.6577254901960785
 10
3.5788649706457925
 20
5.6645303329160495
 10
3.6236007827788645
 20
5.6808279010496525
 10
3.668336594911937
 20
5.674717711486304
 10
3.711266036811616
 20
5.6577254901960785
 10
3.7130724070450096
 20
5.655799918281436
 10
3.7578082191780817
 20
5.645145735725559
 10
3.790280809469545
 20
5.6577254901960785
 10
3.8025440313111543
 20
5.664541684543463
 10
3.847279843444227
 20
5.690593612910752
 10
3.8566787584375204
 20
5.6975686274509805
 10
3.8687353523916608
 20
5.737411764705882
 10
3.892015655577299
 20
5.77550348525982
 10
3.892683981794199
 20
5.777254901960784
 10
3.8963891718646146
 20
5.817098039215686
 10
3.892015655577299
 20
5.835369639475649
 10
3.8880838491083396
 20
5.856941176470587
 10
3.892015655577299
 20
5.863615573269238
 10
3.913814922557409
 20
5.896784313725489
 10
3.9367514677103714
 20
5.917787034843612
 10
3.981487279843444
 20
5.920656638465136
 10
4.026223091976516
 20
5.903032127448291
 10
4.070958904109589
 20
5.900594231732593
 10
4.115694716242661
 20
5.910286862153803
 10
4.160430528375733
 20
5.928433661377154
 10
4.166716552486622
 20
5.936627450980391
 10
4.189562904067653
 20
5.976470588235294
 10
4.160430528375733
 20
6.016101442644193
 10
4.160246046342404
 20
6.016313725490196
 10
4.115694716242661
 20
6.045794438144826
 10
4.070958904109589
 20
6.035358122909787
 10
4.026223091976516
 20
6.026741493907717
 10
4.004113672112742
 20
6.056156862745098
 10
4.026223091976516
 20
6.091701717768268
 10
4.070958904109589
 20
6.090988994231234
 10
4.075257402923241
 20
6.096
 10
4.098555278263708
 20
6.135843137254903
 10
4.105862711321205
 20
6.175686274509805
 10
4.115694716242661
 20
6.186483669906645
 10
4.160430528375733
 20
6.2122276685566655
 10
4.162984184968983
 20
6.215529411764707
 10
4.205166340508806
 20
6.2367297028077395
 10
4.249902152641878
 20
6.24439729932181
 10
4.29463796477495
 20
6.2485095284429795
 10
4.339373776908023
 20
6.253709584879288
 10
4.349774553964943
 20
6.255372549019608
 10
4.3841095890410955
 20
6.287280118060496
 10
4.385648932907821
 20
6.29521568627451
 10
4.391277308375656
 20
6.335058823529412
 10
4.396184899217742
 20
6.374901960784314
 10
4.4049885106106155
 20
6.414745098039216
 10
4.428845401174168
 20
6.45211742446868
 10
4.432911230750168
 20
6.454588235294118
 10
4.461675383082163
 20
6.494431372549019
 10
4.473581213307241
 20
6.503159807008918
 10
4.518317025440313
 20
6.509853077165886
 10
4.563052837573385
 20
6.530649752708179
 10
4.5684668269139594
 20
6.534274509803921
 10
4.567656439000724
 20
6.574117647058823
 10
4.607788649706458
 20
6.593695140248765
 10
4.640025398273535
 20
6.574117647058823
 10
4.630746125799815
 20
6.534274509803921
 10
4.619286632664992
 20
6.494431372549019
 10
4.652372657410167
 20
6.454588235294118
 10
4.65252446183953
 20
6.454446480250096
 10
4.697260273972602
 20
6.428278369804102
 10
4.741996086105675
 20
6.448797263709589
 10
4.751474573561199
 20
6.454588235294118
 10
4.771724728492692
 20
6.494431372549019
 10
4.78301599697188
 20
6.534274509803921
 10
4.781172125199222
 20
6.574117647058823
 10
4.76065607831009
 20
6.613960784313726
 10
4.763634849216625
 20
6.6538039215686275
 10
4.786731898238747
 20
6.673929605946576
 10
4.824120232640747
 20
6.6936470588235295
 10
4.83146771037182
 20
6.697088491222832
 10
4.8548338403188085
 20
6.6936470588235295
 10
4.876203522504892
 20
6.689497090527991
 10
4.920939334637964
 20
6.692708242873293
 10
4.924058400142161
 20
6.6936470588235295
 10
4.965675146771037
 20
6.713750553794633
 10
5.010410958904109
 20
6.724565202733335
 10
5.018738231329054
 20
6.7334901960784315
 10
5.047768261575418
 20
6.773333333333334
 10
5.055146771037181
 20
6.783898227757465
 10
5.069558255316309
 20
6.813176470588236
 10
5.057595263691005
 20
6.853019607843138
 10
5.055146771037181
 20
6.8548281073094035
 10
5.036126410076435
 20
6.892862745098039
 10
5.0292139482668246
 20
6.932705882352941
 10
5.047370776283119
 20
6.972549019607843
 10
5.055146771037181
 20
6.977154289912175
 10
5.0754753514285165
 20
6.972549019607843
 10
5.099882583170254
 20
6.968271433507136
 10
5.103767614104105
 20
6.972549019607843
 10
5.105125375925457
 20
7.012392156862745
 10
5.144618395303326
 20
7.048180913862126
 10
5.150849240528219
 20
7.052235294117647
 10
5.163615894280698
 20
7.092078431372549
 10
5.16893029822194
 20
7.13192156862745
 10
5.162758462395658
 20
7.171764705882352
 10
5.144618395303326
 20
7.184651714416995
 10
5.099882583170254
 20
7.190252095377727
 10
5.060556639202903
 20
7.171764705882352
 10
5.055146771037181
 20
7.1647252853724135
 10
5.023217291287386
 20
7.13192156862745
 10
5.029490186760423
 20
7.092078431372549
 10
5.020743264625039
 20
7.052235294117647
 10
5.010410958904109
 20
7.033673998630037
 10
4.965675146771037
 20
7.019059458118533
 10
4.944574775933278
 20
7.012392156862745
 10
4.920939334637964
 20
7.001977361368183
 10
4.876203522504892
 20
6.995959377610157
 10
4.83146771037182
 20
6.996601083566287
 10
4.788600631902003
 20
7.012392156862745
 10
4.786731898238747
 20
7.012934228579949
 10
4.741996086105675
 20
7.020538772621987
 10
4.717201658475097
 20
7.012392156862745
 10
4.697260273972602
 20
6.991255639101795
 10
4.68413100380793
 20
6.972549019607843
 10
4.670947617592838
 20
6.932705882352941
 10
4.65252446183953
 20
6.91648824351944
 10
4.618858820574395
 20
6.932705882352941
 10
4.607788649706458
 20
6.93876026403718
 10
4.598662645908758
 20
6.932705882352941
 10
4.563052837573385
 20
6.905287671506169
 10
4.550706935282056
 20
6.892862745098039
 10
4.563052837573385
 20
6.864742018047997
 10
4.567433524462196
 20
6.853019607843138
 10
4.573046765984302
 20
6.813176470588236
 10
4.595466403639591
 20
6.773333333333334
 10
4.607788649706458
 20
6.742517038903457
 10
4.610502830775877
 20
6.7334901960784315
 10
4.6181171449165435
 20
6.6936470588235295
 10
4.607788649706458
 20
6.677288694813611
 10
4.563052837573385
 20
6.6649213250370325
 10
4.518317025440313
 20
6.682663640596046
 10
4.514762469044547
 20
6.6936470588235295
 10
4.4997247877029825
 20
6.7334901960784315
 10
4.473581213307241
 20
6.75768465566485
 10
4.428845401174168
 20
6.750850419159611
 10
4.3841095890410955
 20
6.749362581362105
 10
4.339373776908023
 20
6.74815753918049
 10
4.319295007162877
 20
6.7334901960784315
 10
4.301682534379595
 20
6.6936470588235295
 10
4.29463796477495
 20
6.680018428152778
 10
4.260988600575126
 20
6.6538039215686275
 10
4.249902152641878
 20
6.615419354091116
 10
4.249571835469711
 20
6.613960784313726
 10
4.236483738261963
 20
6.574117647058823
 10
4.205166340508806
 20
6.535601949397522
 10
4.199510360508657
 20
6.534274509803921
 10
4.160430528375733
 20
6.521191944878665
 10
4.145040721415524
 20
6.494431372549019
 10
4.115694716242661
 20
6.468131293383943
 10
4.086190606332848
 20
6.454588235294118
 10
4.070958904109589
 20
6.4165171157046865
 10
4.070465066904052
 20
6.414745098039216
 10
4.026223091976516
 20
6.386397594114171
 10
3.9818121218526454
 20
6.374901960784314
 10
3.981487279843444
 20
6.374580728198608
 10
3.9367514677103714
 20
6.364606419637789
 10
3.9075472340761386
 20
6.335058823529412
 10
3.892015655577299
 20
6.32871152089432
 10
3.847279843444227
 20
6.313158656361369
 10
3.8307644625402566
 20
6.29521568627451
 10
3.8294555443025895
 20
6.255372549019608
 10
3.827500167979846
 20
6.215529411764707
 10
3.8195361582896328
 20
6.175686274509805
 10
3.847279843444227
 20
6.1521466165869025
 10
3.892015655577299
 20
6.138587687466199
 10
3.9026356904405253
 20
6.135843137254903
 10
3.9239493626087434
 20
6.096
 10
3.910206293262729
 20
6.056156862745098
 10
3.892015655577299
 20
6.047008973315083
 10
3.847279843444227
 20
6.053834837206533
 10
3.83752619697252
 20
6.056156862745098
 10
3.8025440313111543
 20
6.067229192309437
 10
3.7578082191780817
 20
6.087202417952231
 10
3.7130724070450096
 20
6.092108121621327
 10
3.6999491033966923
 20
6.096
 10
3.668336594911937
 20
6.107017779797259
 10
3.6543700385439815
 20
6.096
 10
3.6236007827788645
 20
6.064400113245148
 10
3.616658706273457
 20
6.056156862745098
 10
3.6236007827788645
 20
6.046072057766933
 10
3.64161573716415
 20
6.016313725490196
 10
3.6236007827788645
 20
6.0000886911854385
 10
3.5788649706457925
 20
5.988325719716111
 10
3.557507628888356
 20
5.976470588235294
 10
3.53412915851272
 20
5.959118706074648
 10
3.5247643483912565
 20
5.936627450980391
 10
3.5330337187451173
 20
5.896784313725489
 10
3.53412915851272
 20
5.893775191457817
 10
3.5512993527897403
 20
5.856941176470587
 10
3.55202780152244
 20
5.817098039215686
 10
3.545051266093374
 20
5.777254901960784
 10
3.53412915851272
 20
5.757474226396279
 10
3.5262167363676644
 20
5.737411764705882
 10
3.509410254546026
 20
5.6975686274509805
 10
3.4893933463796474
 20
5.688779011132735
 10
3.4446575342465753
 20
5.681129946897075
 10
3.3999217221135027
 20
5.687150286666038
 10
3.3623529329141384
 20
5.6577254901960785
 10
3.35518590998043
 20
5.6533029178253535
 10
3.3344558012614987
 20
5.6178823529411765
 10
3.3406938245694593
 20
5.5780392156862755
 10
3.35518590998043
 20
5.56168757598763
 10
3.3999217221135027
 20
5.555859584798291
 10
3.4446575342465753
 20
5.5607410792897385
 10
3.4893933463796474
 20
5.5722188281021525
 10
3.4941342331769962
 20
5.5780392156862755
  0
LWPOLYLINE
  5
88
330
17
100
AcDbEntity
  8
CONDUCTIVE_METASURFACE
100
AcDbPolyline
 90
217
 70
1
 10
8.066915715191385
 20
5.5780392156862755
 10
8.073203795151963
 20
5.6178823529411765
 10
8.052446183953032
 20
5.6529073276609925
 10
8.044542405504604
 20
5.6577254901960785
 10
8.007710371819961
 20
5.686162948413902
 10
7.962974559686888
 20
5.680576098427182
 10
7.918238747553816
 20
5.688366436054028
 10
7.897398345455953
 20
5.6975686274509805
 10
7.880989085829629
 20
5.737411764705882
 10
7.873502935420743
 20
5.756204691584601
 10
7.861809339347317
 20
5.777254901960784
 10
7.855052296706232
 20
5.817098039215686
 10
7.855772793787758
 20
5.856941176470587
 10
7.873502935420743
 20
5.8951198516587535
 10
7.874111611995891
 20
5.896784313725489
 10
7.882649968294809
 20
5.936627450980391
 10
7.873502935420743
 20
5.95871022881
 10
7.849770969061112
 20
5.976470588235294
 10
7.828767123287671
 20
5.9881639705463625
 10
7.784031311154598
 20
5.999905503761312
 10
7.765822210478281
 20
6.016313725490196
 10
7.784031311154598
 20
6.046297374051894
 10
7.790829187957804
 20
6.056156862745098
 10
7.784031311154598
 20
6.064284812772547
 10
7.753246249538689
 20
6.096
 10
7.739295499021526
 20
6.106995703833732
 10
7.707721445557183
 20
6.096
 10
7.694559686888454
 20
6.092098461998923
 10
7.649823874755381
 20
6.087099066915884
 10
7.6050880626223085
 20
6.067131453127544
 10
7.5704875896226875
 20
6.056156862745098
 10
7.560352250489236
 20
6.053739520654018
 10
7.515616438356163
 20
6.046957969910451
 10
7.497249296329823
 20
6.056156862745098
 10
7.483363232927977
 20
6.096
 10
7.5032843178497375
 20
6.135843137254903
 10
7.515616438356163
 20
6.13900893301732
 10
7.560352250489236
 20
6.152401994818305
 10
7.587517712467353
 20
6.175686274509805
 10
7.579844246865388
 20
6.215529411764707
 10
7.578173716073129
 20
6.255372549019608
 10
7.576820696994153
 20
6.29521568627451
 10
7.560352250489236
 20
6.313098461281718
 10
7.515616438356163
 20
6.328784706862506
 10
7.500314265657684
 20
6.335058823529412
 10
7.470880626223091
 20
6.365028046095703
 10
7.427782417524712
 20
6.374901960784314
 10
7.426144814090019
 20
6.3751961370480466
 10
7.381409001956946
 20
6.386852802175801
 10
7.338163566845888
 20
6.414745098039216
 10
7.336673189823874
 20
6.419782235118431
 10
7.321983973774088
 20
6.454588235294118
 10
7.291937377690802
 20
6.468294858059609
 10
7.262407597058557
 20
6.494431372549019
 10
7.247201565557729
 20
6.520708491000911
 10
7.2044548256245555
 20
6.534274509803921
 10
7.202465753424657
 20
6.534714216367045
 10
7.170637146357527
 20
6.574117647058823
 10
7.157729941291585
 20
6.613671553004165
 10
7.157369372184196
 20
6.613960784313726
 10
7.146170168088583
 20
6.6538039215686275
 10
7.112994129158512
 20
6.6798142292079845
 10
7.105867428896849
 20
6.6936470588235295
 10
7.088404709836431
 20
6.7334901960784315
 10
7.06825831702544
 20
6.748199369024643
 10
7.023522504892368
 20
6.749365150818481
 10
6.978786692759295
 20
6.751106693451876
 10
6.934050880626223
 20
6.758199686550705
 10
6.907620521543548
 20
6.7334901960784315
 10
6.892396562745751
 20
6.6936470588235295
 10
6.889315068493151
 20
6.684188735936746
 10
6.844579256360078
 20
6.665205879918767
 10
6.7998434442270055
 20
6.677445953748243
 10
6.7895722458573875
 20
6.6936470588235295
 10
6.797236338549799
 20
6.7334901960784315
 10
6.7998434442270055
 20
6.7421768773294435
 10
6.812275537905643
 20
6.773333333333334
 10
6.83470144652864
 20
6.813176470588236
 10
6.840209508302155
 20
6.853019607843138
 10
6.844579256360078
 20
6.864707522840438
 10
6.856950051642731
 20
6.892862745098039
 10
6.844579256360078
 20
6.905301858380096
 10
6.809099052050492
 20
6.932705882352941
 10
6.7998434442270055
 20
6.938888779137151
 10
6.788520124284088
 20
6.932705882352941
 10
6.7551076320939325
 20
6.916661227744251
 10
6.73689023840738
 20
6.932705882352941
 10
6.723682756301552
 20
6.972549019607843
 10
6.71037181996086
 20
6.991570553843342
 10
6.690889161572146
 20
7.012392156862745
 10
6.665636007827788
 20
7.020732761361308
 10
6.620900195694715
 20
7.013367799747086
 10
6.617521525216038
 20
7.012392156862745
 10
6.576164383561643
 20
6.997099842549977
 10
6.531428571428571
 20
6.996451073925319
 10
6.486692759295498
 20
7.002664615150197
 10
6.464483100737108
 20
7.012392156862745
 10
6.441956947162426
 20
7.01943922034381
 10
6.397221135029354
 20
7.034407560761922
 10
6.387352142411994
 20
7.052235294117647
 10
6.378763854596458
 20
7.092078431372549
 10
6.385523522692121
 20
7.13192156862745
 10
6.352485322896281
 20
7.165381618897409
 10
6.3475197309984885
 20
7.171764705882352
 10
6.307749510763209
 20
7.190227609829702
 10
6.263013698630137
 20
7.184671836556935
 10
6.244654088969155
 20
7.171764705882352
 10
6.238110448177559
 20
7.13192156862745
 10
6.243591391202798
 20
7.092078431372549
 10
6.256478631112183
 20
7.052235294117647
 10
6.263013698630137
 20
7.048012939526757
 10
6.302422275477381
 20
7.012392156862745
 10
6.303927922681913
 20
6.972549019607843
 10
6.307749510763209
 20
6.968361673090485
 10
6.332103914011544
 20
6.972549019607843
 10
6.352485322896281
 20
6.9770763350389675
 10
6.36012589832367
 20
6.972549019607843
 10
6.378424730068849
 20
6.932705882352941
 10
6.37156422272432
 20
6.892862745098039
 10
6.352485322896281
 20
6.85462832871119
 10
6.350323412099732
 20
6.853019607843138
 10
6.338360843428174
 20
6.813176470588236
 10
6.352485322896281
 20
6.784255456214789
 10
6.360138605369581
 20
6.773333333333334
 10
6.3893896790841405
 20
6.7334901960784315
 10
6.397221135029354
 20
6.725119309071974
 10
6.441956947162426
 20
6.714381237145537
 10
6.484726271813513
 20
6.6936470588235295
 10
6.486692759295498
 20
6.6930518260982215
 10
6.531428571428571
 20
6.689751851736729
 10
6.551943892773284
 20
6.6936470588235295
 10
6.576164383561643
 20
6.697148866190913
 10
6.583658406345235
 20
6.6936470588235295
 10
6.620900195694715
 20
6.674231911480718
 10
6.644481989414084
 20
6.6538039215686275
 10
6.647703959589919
 20
6.613960784313726
 10
6.627915160536698
 20
6.574117647058823
 10
6.625177894129644
 20
6.534274509803921
 10
6.636060823302409
 20
6.494431372549019
 10
6.656435965747611
 20
6.454588235294118
 10
6.665636007827788
 20
6.4489896616851805
 10
6.71037181996086
 20
6.428641998755501
 10
6.7548693046472374
 20
6.454588235294118
 10
6.7551076320939325
 20
6.454752524782511
 10
6.7882085600911495
 20
6.494431372549019
 10
6.7764907030243355
 20
6.534274509803921
 10
6.766815947815642
 20
6.574117647058823
 10
6.7998434442270055
 20
6.593808930394635
 10
6.83975316577366
 20
6.574117647058823
 10
6.838952891210646
 20
6.534274509803921
 10
6.844579256360078
 20
6.530446132175448
 10
6.889315068493151
 20
6.509696281626313
 10
6.934050880626223
 20
6.50318807486434
 10
6.946174168293967
 20
6.494431372549019
 10
6.975079515292803
 20
6.454588235294118
 10
6.978786692759295
 20
6.452313871137735
 10
7.002590301378643
 20
6.414745098039216
 10
7.011199461183368
 20
6.374901960784314
 10
7.015816661828847
 20
6.335058823529412
 10
7.02165533282778
 20
6.29521568627451
 10
7.023522504892368
 20
6.285952446433088
 10
7.059348498155832
 20
6.255372549019608
 10
7.06825831702544
 20
6.2540015999363545
 10
7.112994129158512
 20
6.248988836333632
 10
7.157729941291585
 20
6.244618016903941
 10
7.202465753424657
 20
6.236777187310592
 10
7.2444274528102826
 20
6.215529411764707
 10
7.247201565557729
 20
6.211908389487609
 10
7.291937377690802
 20
6.186289979296637
 10
7.301737615519105
 20
6.175686274509805
 10
7.309252828070547
 20
6.135843137254903
 10
7.332603275663882
 20
6.096
 10
7.336673189823874
 20
6.091178076331278
 10
7.381409001956946
 20
6.091899855337787
 10
7.403390546314092
 20
6.056156862745098
 10
7.381409001956946
 20
6.0274458366315775
 10
7.336673189823874
 20
6.035710250844515
 10
7.291937377690802
 20
6.0459164223143365
 10
7.247201565557729
 20
6.016448936690273
 10
7.24704239230573
 20
6.016313725490196
 10
7.217660896094193
 20
5.976470588235294
 10
7.240699518752583
 20
5.936627450980391
 10
7.247201565557729
 20
5.928185664036309
 10
7.291937377690802
 20
5.910150193144839
 10
7.336673189823874
 20
5.900093848425833
 10
7.381409001956946
 20
5.901736089918101
 10
7.426144814090019
 20
5.920008285429407
 10
7.470880626223091
 20
5.917355294302272
 10
7.493477717148015
 20
5.896784313725489
 10
7.515616438356163
 20
5.863485010959224
 10
7.51948042894611
 20
5.856941176470587
 10
7.515616438356163
 20
5.836130693277146
 10
7.510956851987007
 20
5.817098039215686
 10
7.514562346126919
 20
5.777254901960784
 10
7.515616438356163
 20
5.774476984207812
 10
7.538188581630356
 20
5.737411764705882
 10
7.550331343409282
 20
5.6975686274509805
 10
7.560352250489236
 20
5.6901521344021875
 10
7.6050880626223085
 20
5.6642970919823865
 10
7.616950398654095
 20
5.6577254901960785
 10
7.649823874755381
 20
5.644890187057857
 10
7.694559686888454
 20
5.65554478380144
 10
7.696590267541993
 20
5.6577254901960785
 10
7.739295499021526
 20
5.674665651380922
 10
7.784031311154598
 20
5.68082212099237
 10
7.828767123287671
 20
5.6646510942252695
 10
7.833937949609993
 20
5.6577254901960785
 10
7.828767123287671
 20
5.639619992503893
 10
7.823964321528171
 20
5.6178823529411765
 10
7.828767123287671
 20
5.61442226332801
 10
7.873502935420743
 20
5.6132129361611325
 10
7.913686450021959
 20
5.5780392156862755
 10
7.918238747553816
 20
5.572489766538509
 10
7.962974559686888
 20
5.5611193792693
 10
8.007710371819961
 20
5.55638623292994
 10
8.052446183953032
 20
5.561883058498658
 10
8.066915715191385
 20
5.5780392156862755
  0
LWPOLYLINE
  5
89
330
17
100
AcDbEntity
  8
CONDUCTIVE_METASURFACE
100
AcDbPolyline
 90
217
 70
1
 10
9.220318186210264
 20
5.5780392156862755
 10
9.260313111545987
 20
5.613137713560195
 10
9.30504892367906
 20
5.61447865801679
 10
9.309750562269993
 20
5.6178823529411765
 10
9.30504892367906
 20
5.639573497439064
 10
9.299965732545635
 20
5.6577254901960785
 10
9.30504892367906
 20
5.6645303329160495
 10
9.349784735812133
 20
5.6808279010496525
 10
9.394520547945204
 20
5.674717711486304
 10
9.437449989844884
 20
5.6577254901960785
 10
9.439256360078277
 20
5.655799918281436
 10
9.48399217221135
 20
5.645145735725559
 10
9.516464762502812
 20
5.6577254901960785
 10
9.528727984344423
 20
5.664541684543463
 10
9.573463796477494
 20
5.690593612910752
 10
9.582862711470788
 20
5.6975686274509805
 10
9.594919305424929
 20
5.737411764705882
 10
9.618199608610567
 20
5.77550348525982
 10
9.618867934827467
 20
5.777254901960784
 10
9.622573124897881
 20
5.817098039215686
 10
9.618199608610567
 20
5.835369639475649
 10
9.614267802141608
 20
5.856941176470587
 10
9.618199608610567
 20
5.863615573269238
 10
9.639998875590678
 20
5.896784313725489
 10
9.66293542074364
 20
5.917787034843612
 10
9.707671232876711
 20
5.920656638465136
 10
9.752407045009784
 20
5.903032127448291
 10
9.797142857142857
 20
5.900594231732593
 10
9.841878669275928
 20
5.910286862153803
 10
9.886614481409001
 20
5.928433661377154
 10
9.89290050551989
 20
5.936627450980391
 10
9.91574685710092
 20
5.976470588235294
 10
9.886614481409001
 20
6.016101442644193
 10
9.886429999375672
 20
6.016313725490196
 10
9.841878669275928
 20
6.045794438144826
 10
9.797142857142857
 20
6.035358122909787
 10
9.752407045009784
 20
6.026741493907717
 10
9.73029762514601
 20
6.056156862745098
 10
9.752407045009784
 20
6.091701717768268
 10
9.797142857142857
 20
6.090988994231234
 10
9.801441355956511
 20
6.096
 10
9.824739231296975
 20
6.135843137254903
 10
9.832046664354474
 20
6.175686274509805
 10
9.841878669275928
 20
6.186483669906645
 10
9.886614481409001
 20
6.2122276685566655
 10
9.889168138002251
 20
6.215529411764707
 10
9.931350293542074
 20
6.2367297028077395
 10
9.976086105675146
 20
6.24439729932181
 10
10.020821917808219
 20
6.2485095284429795
 10
10.065557729941291
 20
6.253709584879288
 10
10.07595850699821
 20
6.255372549019608
 10
10.110293542074363
 20
6.287280118060496
 10
10.111832885941087
 20
6.29521568627451
 10
10.117461261408923
 20
6.335058823529412
 10
10.12236885225101
 20
6.374901960784314
 10
10.131172463643884
 20
6.414745098039216
 10
10.155029354207436
 20
6.45211742446868
 10
10.159095183783435
 20
6.454588235294118
 10
10.187859336115432
 20
6.494431372549019
 10
10.199765166340509
 20
6.503159807008918
 10
10.24450097847358
 20
6.509853077165886
 10
10.289236790606653
 20
6.530649752708179
 10
10.294650779947228
 20
6.534274509803921
 10
10.293840392033992
 20
6.574117647058823
 10
10.333972602739726
 20
6.593695140248765
 10
10.366209351306804
 20
6.574117647058823
 10
10.356930078833084
 20
6.534274509803921
 10
10.34547058569826
 20
6.494431372549019
 10
10.378556610443434
 20
6.454588235294118
 10
10.378708414872797
 20
6.454446480250096
 10
10.42344422700587
 20
6.428278369804102
 10
10.468180039138943
 20
6.448797263709589
 10
10.477658526594468
 20
6.454588235294118
 10
10.49790868152596
 20
6.494431372549019
 10
10.509199950005149
 20
6.534274509803921
 10
10.50735607823249
 20
6.574117647058823
 10
10.486840031343359
 20
6.613960784313726
 10
10.489818802249893
 20
6.6538039215686275
 10
10.512915851272014
 20
6.673929605946576
 10
10.550304185674015
 20
6.6936470588235295
 10
10.557651663405087
 20
6.697088491222832
 10
10.581017793352077
 20
6.6936470588235295
 10
10.60238747553816
 20
6.689497090527991
 10
10.647123287671231
 20
6.692708242873293
 10
10.650242353175429
 20
6.6936470588235295
 10
10.691859099804304
 20
6.713750553794633
 10
10.736594911937377
 20
6.724565202733335
 10
10.744922184362322
 20
6.7334901960784315
 10
10.773952214608686
 20
6.773333333333334
 10
10.781330724070449
 20
6.783898227757465
 10
10.795742208349578
 20
6.813176470588236
 10
10.783779216724273
 20
6.853019607843138
 10
10.781330724070449
 20
6.8548281073094035
 10
10.762310363109703
 20
6.892862745098039
 10
10.755397901300093
 20
6.932705882352941
 10
10.773554729316388
 20
6.972549019607843
 10
10.781330724070449
 20
6.977154289912175
 10
10.801659304461785
 20
6.972549019607843
 10
10.826066536203522
 20
6.968271433507136
 10
10.829951567137375
 20
6.972549019607843
 10
10.831309328958726
 20
7.012392156862745
 10
10.870802348336595
 20
7.048180913862126
 10
10.877033193561488
 20
7.052235294117647
 10
10.889799847313965
 20
7.092078431372549
 10
10.895114251255208
 20
7.13192156862745
 10
10.888942415428925
 20
7.171764705882352
 10
10.870802348336595
 20
7.184651714416995
 10
10.826066536203522
 20
7.190252095377727
 10
10.786740592236171
 20
7.171764705882352
 10
10.781330724070449
 20
7.1647252853724135
 10
10.749401244320653
 20
7.13192156862745
 10
10.75567413979369
 20
7.092078431372549
 10
10.746927217658307
 20
7.052235294117647
 10
10.736594911937377
 20
7.033673998630037
 10
10.691859099804304
 20
7.019059458118533
 10
10.670758728966547
 20
7.012392156862745
 10
10.647123287671231
 20
7.001977361368183
 10
10.60238747553816
 20
6.995959377610157
 10
10.557651663405087
 20
6.996601083566287
 10
10.514784584935272
 20
7.012392156862745
 10
10.512915851272014
 20
7.012934228579949
 10
10.468180039138943
 20
7.020538772621987
 10
10.443385611508363
 20
7.012392156862745
 10
10.42344422700587
 20
6.991255639101795
 10
10.410314956841198
 20
6.972549019607843
 10
10.397131570626106
 20
6.932705882352941
 10
10.378708414872797
 20
6.91648824351944
 10
10.345042773607664
 20
6.932705882352941
 10
10.333972602739726
 20
6.93876026403718
 10
10.324846598942026
 20
6.932705882352941
 10
10.289236790606653
 20
6.905287671506169
 10
10.276890888315323
 20
6.892862745098039
 10
10.289236790606653
 20
6.864742018047997
 10
10.293617477495465
 20
6.853019607843138
 10
10.29923071901757
 20
6.813176470588236
 10
10.321650356672858
 20
6.773333333333334
 10
10.333972602739726
 20
6.742517038903457
 10
10.336686783809146
 20
6.7334901960784315
 10
10.344301097949812
 20
6.6936470588235295
 10
10.333972602739726
 20
6.677288694813611
 10
10.289236790606653
 20
6.6649213250370325
 10
10.24450097847358
 20
6.682663640596046
 10
10.240946422077815
 20
6.6936470588235295
 10
10.22590874073625
 20
6.7334901960784315
 10
10.199765166340509
 20
6.75768465566485
 10
10.155029354207436
 20
6.750850419159611
 10
10.110293542074363
 20
6.749362581362105
 10
10.065557729941291
 20
6.74815753918049
 10
10.045478960196146
 20
6.7334901960784315
 10
10.027866487412863
 20
6.6936470588235295
 10
10.020821917808219
 20
6.680018428152778
 10
9.987172553608394
 20
6.6538039215686275
 10
9.976086105675146
 20
6.615419354091116
 10
9.975755788502978
 20
6.613960784313726
 10
9.962667691295232
 20
6.574117647058823
 10
9.931350293542074
 20
6.535601949397522
 10
9.925694313541925
 20
6.534274509803921
 10
9.886614481409001
 20
6.521191944878665
 10
9.87122467444879
 20
6.494431372549019
 10
9.841878669275928
 20
6.468131293383943
 10
9.812374559366114
 20
6.454588235294118
 10
9.797142857142857
 20
6.4165171157046865
 10
9.79664901993732
 20
6.414745098039216
 10
9.752407045009784
 20
6.386397594114171
 10
9.707996074885914
 20
6.374901960784314
 10
9.707671232876711
 20
6.374580728198608
 10
9.66293542074364
 20
6.364606419637789
 10
9.633731187109406
 20
6.335058823529412
 10
9.618199608610567
 20
6.32871152089432
 10
9.573463796477494
 20
6.313158656361369
 10
9.556948415573524
 20
6.29521568627451
 10
9.555639497335857
 20
6.255372549019608
 10
9.553684121013113
 20
6.215529411764707
 10
9.5457201113229
 20
6.175686274509805
 10
9.573463796477494
 20
6.1521466165869025
 10
9.618199608610567
 20
6.138587687466199
 10
9.628819643473792
 20
6.135843137254903
 10
9.650133315642012
 20
6.096
 10
9.636390246295997
 20
6.056156862745098
 10
9.618199608610567
 20
6.047008973315083
 10
9.573463796477494
 20
6.053834837206533
 10
9.563710150005788
 20
6.056156862745098
 10
9.528727984344423
 20
6.067229192309437
 10
9.48399217221135
 20
6.087202417952231
 10
9.439256360078277
 20
6.092108121621327
 10
9.426133056429961
 20
6.096
 10
9.394520547945204
 20
6.107017779797259
 10
9.38055399157725
 20
6.096
 10
9.349784735812133
 20
6.064400113245148
 10
9.342842659306726
 20
6.056156862745098
 10
9.349784735812133
 20
6.046072057766933
 10
9.367799690197417
 20
6.016313725490196
 10
9.349784735812133
 20
6.0000886911854385
 10
9.30504892367906
 20
5.988325719716111
 10
9.283691581921625
 20
5.976470588235294
 10
9.260313111545987
 20
5.959118706074648
 10
9.250948301424524
 20
5.936627450980391
 10
9.259217671778385
 20
5.896784313725489
 10
9.260313111545987
 20
5.893775191457817
 10
9.277483305823008
 20
5.856941176470587
 10
9.278211754555707
 20
5.817098039215686
 10
9.271235219126641
 20
5.777254901960784
 10
9.260313111545987
 20
5.757474226396279
 10
9.252400689400934
 20
5.737411764705882
 10
9.235594207579293
 20
5.6975686274509805
 10
9.215577299412915
 20
5.688779011132735
 10
9.170841487279842
 20
5.681129946897075
 10
9.12610567514677
 20
5.687150286666038
 10
9.088536885947406
 20
5.6577254901960785
 10
9.081369863013698
 20
5.6533029178253535
 10
9.060639754294767
 20
5.6178823529411765
 10
9.066877777602727
 20
5.5780392156862755
 10
9.081369863013698
 20
5.56168757598763
 10
9.12610567514677
 20
5.555859584798291
 10
9.170841487279842
 20
5.5607410792897385
 10
9.215577299412915
 20
5.5722188281021525
 10
9.220318186210264
 20
5.5780392156862755
  0
LWPOLYLINE
  5
8A
330
17
100
AcDbEntity
  8
CONDUCTIVE_METASURFACE
100
AcDbPolyline
 90
217
 70
1
 10
13.793099668224652
 20
5.5780392156862755
 10
13.799387748185232
 20
5.6178823529411765
 10
13.778630136986301
 20
5.6529073276609925
 10
13.770726358537871
 20
5.6577254901960785
 10
13.73389432485323
 20
5.686162948413902
 10
13.689158512720155
 20
5.680576098427182
 10
13.644422700587084
 20
5.688366436054028
 10
13.62358229848922
 20
5.6975686274509805
 10
13.607173038862898
 20
5.737411764705882
 10
13.599686888454011
 20
5.756204691584601
 10
13.587993292380585
 20
5.777254901960784
 10
13.581236249739499
 20
5.817098039215686
 10
13.581956746821026
 20
5.856941176470587
 10
13.599686888454011
 20
5.8951198516587535
 10
13.600295565029162
 20
5.896784313725489
 10
13.608833921328076
 20
5.936627450980391
 10
13.599686888454011
 20
5.95871022881
 10
13.57595492209438
 20
5.976470588235294
 10
13.55495107632094
 20
5.9881639705463625
 10
13.510215264187865
 20
5.999905503761312
 10
13.49200616351155
 20
6.016313725490196
 10
13.510215264187865
 20
6.046297374051894
 10
13.51701314099107
 20
6.056156862745098
 10
13.510215264187865
 20
6.064284812772547
 10
13.479430202571956
 20
6.096
 10
13.465479452054796
 20
6.106995703833732
 10
13.433905398590449
 20
6.096
 10
13.42074363992172
 20
6.092098461998923
 10
13.37600782778865
 20
6.087099066915884
 10
13.331272015655577
 20
6.067131453127544
 10
13.296671542655956
 20
6.056156862745098
 10
13.286536203522505
 20
6.053739520654018
 10
13.24180039138943
 20
6.046957969910451
 10
13.22343324936309
 20
6.056156862745098
 10
13.209547185961243
 20
6.096
 10
13.229468270883004
 20
6.135843137254903
 10
13.24180039138943
 20
6.13900893301732
 10
13.286536203522505
 20
6.152401994818305
 10
13.31370166550062
 20
6.175686274509805
 10
13.306028199898657
 20
6.215529411764707
 10
13.304357669106397
 20
6.255372549019608
 10
13.30300465002742
 20
6.29521568627451
 10
13.286536203522505
 20
6.313098461281718
 10
13.24180039138943
 20
6.328784706862506
 10
13.226498218690951
 20
6.335058823529412
 10
13.19706457925636
 20
6.365028046095703
 10
13.15396637055798
 20
6.374901960784314
 10
13.152328767123286
 20
6.3751961370480466
 10
13.107592954990215
 20
6.386852802175801
 10
13.064347519879156
 20
6.414745098039216
 10
13.062857142857142
 20
6.419782235118431
 10
13.048167926807357
 20
6.454588235294118
 10
13.018121330724071
 20
6.468294858059609
 10
12.988591550091828
 20
6.494431372549019
 10
12.973385518590996
 20
6.520708491000911
 10
12.930638778657825
 20
6.534274509803921
 10
12.928649706457925
 20
6.534714216367045
 10
12.896821099390797
 20
6.574117647058823
 10
12.883913894324852
 20
6.613671553004165
 10
12.883553325217466
 20
6.613960784313726
 10
12.87235412112185
 20
6.6538039215686275
 10
12.839178082191781
 20
6.6798142292079845
 10
12.832051381930118
 20
6.6936470588235295
 10
12.814588662869701
 20
6.7334901960784315
 10
12.794442270058708
 20
6.748199369024643
 10
12.749706457925637
 20
6.749365150818481
 10
12.704970645792562
 20
6.751106693451876
 10
12.66023483365949
 20
6.758199686550705
 10
12.633804474576817
 20
6.7334901960784315
 10
12.61858051577902
 20
6.6936470588235295
 10
12.615499021526418
 20
6.684188735936746
 10
12.570763209393347
 20
6.665205879918767
 10
12.526027397260274
 20
6.677445953748243
 10
12.515756198890656
 20
6.6936470588235295
 10
12.523420291583067
 20
6.7334901960784315
 10
12.526027397260274
 20
6.7421768773294435
 10
12.538459490938912
 20
6.773333333333334
 10
12.560885399561904
 20
6.813176470588236
 10
12.566393461335425
 20
6.853019607843138
 10
12.570763209393347
 20
6.864707522840438
 10
12.583134004676001
 20
6.892862745098039
 10
12.570763209393347
 20
6.905301858380096
 10
12.535283005083759
 20
6.932705882352941
 10
12.526027397260274
 20
6.938888779137151
 10
12.514704077317356
 20
6.932705882352941
 10
12.481291585127202
 20
6.916661227744251
 10
12.463074191440649
 20
6.932705882352941
 10
12.449866709334822
 20
6.972549019607843
 10
12.436555772994128
 20
6.991570553843342
 10
12.417073114605413
 20
7.012392156862745
 10
12.391819960861056
 20
7.020732761361308
 10
12.347084148727983
 20
7.013367799747086
 10
12.343705478249305
 20
7.012392156862745
 10
12.302348336594912
 20
6.997099842549977
 10
12.25761252446184
 20
6.996451073925319
 10
12.212876712328768
 20
7.002664615150197
 10
12.190667053770378
 20
7.012392156862745
 10
12.168140900195693
 20
7.01943922034381
 10
12.123405088062622
 20
7.034407560761922
 10
12.113536095445264
 20
7.052235294117647
 10
12.104947807629726
 20
7.092078431372549
 10
12.111707475725389
 20
7.13192156862745
 10
12.078669275929549
 20
7.165381618897409
 10
12.073703684031756
 20
7.171764705882352
 10
12.033933463796478
 20
7.190227609829702
 10
11.989197651663405
 20
7.184671836556935
 10
11.970838042002423
 20
7.171764705882352
 10
11.964294401210827
 20
7.13192156862745
 10
11.969775344236066
 20
7.092078431372549
 10
11.982662584145453
 20
7.052235294117647
 10
11.989197651663405
 20
7.048012939526757
 10
12.028606228510647
 20
7.012392156862745
 10
12.03011187571518
 20
6.972549019607843
 10
12.033933463796478
 20
6.968361673090485
 10
12.058287867044811
 20
6.972549019607843
 10
12.078669275929549
 20
6.9770763350389675
 10
12.086309851356937
 20
6.972549019607843
 10
12.104608683102114
 20
6.932705882352941
 10
12.097748175757587
 20
6.892862745098039
 10
12.078669275929549
 20
6.85462832871119
 10
12.076507365132997
 20
6.853019607843138
 10
12.064544796461442
 20
6.813176470588236
 10
12.078669275929549
 20
6.784255456214789
 10
12.086322558402848
 20
6.773333333333334
 10
12.115573632117409
 20
6.7334901960784315
 10
12.123405088062622
 20
6.725119309071974
 10
12.168140900195693
 20
6.714381237145537
 10
12.210910224846781
 20
6.6936470588235295
 10
12.212876712328768
 20
6.6930518260982215
 10
12.25761252446184
 20
6.689751851736729
 10
12.27812784580655
 20
6.6936470588235295
 10
12.302348336594912
 20
6.697148866190913
 10
12.3098423593785
 20
6.6936470588235295
 10
12.347084148727983
 20
6.674231911480718
 10
12.370665942447351
 20
6.6538039215686275
 10
12.373887912623188
 20
6.613960784313726
 10
12.354099113569967
 20
6.574117647058823
 10
12.351361847162911
 20
6.534274509803921
 10
12.362244776335677
 20
6.494431372549019
 10
12.382619918780879
 20
6.454588235294118
 10
12.391819960861056
 20
6.4489896616851805
 10
12.436555772994128
 20
6.428641998755501
 10
12.481053257680506
 20
6.454588235294118
 10
12.481291585127202
 20
6.454752524782511
 10
12.514392513124417
 20
6.494431372549019
 10
12.502674656057604
 20
6.534274509803921
 10
12.49299990084891
 20
6.574117647058823
 10
12.526027397260274
 20
6.593808930394635
 10
12.565937118806929
 20
6.574117647058823
 10
12.565136844243916
 20
6.534274509803921
 10
12.570763209393347
 20
6.530446132175448
 10
12.615499021526418
 20
6.509696281626313
 10
12.66023483365949
 20
6.50318807486434
 10
12.672358121327234
 20
6.494431372549019
 10
12.701263468326072
 20
6.454588235294118
 10
12.704970645792562
 20
6.452313871137735
 10
12.728774254411912
 20
6.414745098039216
 10
12.737383414216636
 20
6.374901960784314
 10
12.742000614862116
 20
6.335058823529412
 10
12.74783928586105
 20
6.29521568627451
 10
12.749706457925637
 20
6.285952446433088
 10
12.785532451189102
 20
6.255372549019608
 10
12.794442270058708
 20
6.2540015999363545
 10
12.839178082191781
 20
6.248988836333632
 10
12.883913894324852
 20
6.244618016903941
 10
12.928649706457925
 20
6.236777187310592
 10
12.97061140584355
 20
6.215529411764707
 10
12.973385518590996
 20
6.211908389487609
 10
13.018121330724071
 20
6.186289979296637
 10
13.027921568552374
 20
6.175686274509805
 10
13.035436781103817
 20
6.135843137254903
 10
13.058787228697152
 20
6.096
 10
13.062857142857142
 20
6.091178076331278
 10
13.107592954990215
 20
6.091899855337787
 10
13.12957449934736
 20
6.056156862745098
 10
13.107592954990215
 20
6.0274458366315775
 10
13.062857142857142
 20
6.035710250844515
 10
13.018121330724071
 20
6.0459164223143365
 10
12.973385518590996
 20
6.016448936690273
 10
12.973226345338997
 20
6.016313725490196
 10
12.94384484912746
 20
5.976470588235294
 10
12.966883471785854
 20
5.936627450980391
 10
12.973385518590996
 20
5.928185664036309
 10
13.018121330724071
 20
5.910150193144839
 10
13.062857142857142
 20
5.900093848425833
 10
13.107592954990215
 20
5.901736089918101
 10
13.152328767123286
 20
5.920008285429407
 10
13.19706457925636
 20
5.917355294302272
 10
13.219661670181283
 20
5.896784313725489
 10
13.24180039138943
 20
5.863485010959224
 10
13.24566438197938
 20
5.856941176470587
 10
13.24180039138943
 20
5.836130693277146
 10
13.237140805020276
 20
5.817098039215686
 10
13.240746299160186
 20
5.777254901960784
 10
13.24180039138943
 20
5.774476984207812
 10
13.264372534663625
 20
5.737411764705882
 10
13.276515296442552
 20
5.6975686274509805
 10
13.286536203522505
 20
5.6901521344021875
 10
13.331272015655577
 20
5.6642970919823865
 10
13.343134351687363
 20
5.6577254901960785
 10
13.37600782778865
 20
5.644890187057857
 10
13.42074363992172
 20
5.65554478380144
 10
13.422774220575258
 20
5.6577254901960785
 10
13.465479452054796
 20
5.674665651380922
 10
13.510215264187865
 20
5.68082212099237
 10
13.55495107632094
 20
5.6646510942252695
 10
13.56012190264326
 20
5.6577254901960785
 10
13.55495107632094
 20
5.639619992503893
 10
13.550148274561437
 20
5.6178823529411765
 10
13.55495107632094
 20
5.61442226332801
 10
13.599686888454011
 20
5.6132129361611325
 10
13.639870403055227
 20
5.5780392156862755
 10
13.644422700587084
 20
5.572489766538509
 10
13.689158512720155
 20
5.5611193792693
 10
13.73389432485323
 20
5.55638623292994
 10
13.778630136986301
 20
5.561883058498658
 10
13.793099668224652
 20
5.5780392156862755
  0
LWPOLYLINE
  5
8B
330
17
100
AcDbEntity
  8
CONDUCTIVE_METASURFACE
100
AcDbPolyline
 90
217
 70
1
 10
14.946502139243531
 20
5.5780392156862755
 10
14.986497064579256
 20
5.613137713560195
 10
15.031232876712327
 20
5.61447865801679
 10
15.035934515303262
 20
5.6178823529411765
 10
15.031232876712327
 20
5.639573497439064
 10
15.026149685578904
 20
5.6577254901960785
 10
15.031232876712327
 20
5.6645303329160495
 10
15.075968688845402
 20
5.6808279010496525
 10
15.120704500978473
 20
5.674717711486304
 10
15.163633942878151
 20
5.6577254901960785
 10
15.165440313111546
 20
5.655799918281436
 10
15.210176125244617
 20
5.645145735725559
 10
15.242648715536081
 20
5.6577254901960785
 10
15.25491193737769
 20
5.664541684543463
 10
15.299647749510761
 20
5.690593612910752
 10
15.309046664504056
 20
5.6975686274509805
 10
15.321103258458198
 20
5.737411764705882
 10
15.344383561643836
 20
5.77550348525982
 10
15.345051887860736
 20
5.777254901960784
 10
15.34875707793115
 20
5.817098039215686
 10
15.344383561643836
 20
5.835369639475649
 10
15.340451755174874
 20
5.856941176470587
 10
15.344383561643836
 20
5.863615573269238
 10
15.366182828623945
 20
5.896784313725489
 10
15.389119373776907
 20
5.917787034843612
 10
15.43385518590998
 20
5.920656638465136
 10
15.478590998043051
 20
5.903032127448291
 10
15.523326810176126
 20
5.900594231732593
 10
15.568062622309196
 20
5.910286862153803
 10
15.61279843444227
 20
5.928433661377154
 10
15.619084458553159
 20
5.936627450980391
 10
15.641930810134188
 20
5.976470588235294
 10
15.61279843444227
 20
6.016101442644193
 10
15.612613952408942
 20
6.016313725490196
 10
15.568062622309196
 20
6.045794438144826
 10
15.523326810176126
 20
6.035358122909787
 10
15.478590998043051
 20
6.026741493907717
 10
15.456481578179277
 20
6.056156862745098
 10
15.478590998043051
 20
6.091701717768268
 10
15.523326810176126
 20
6.090988994231234
 10
15.527625308989776
 20
6.096
 10
15.550923184330244
 20
6.135843137254903
 10
15.558230617387743
 20
6.175686274509805
 10
15.568062622309196
 20
6.186483669906645
 10
15.61279843444227
 20
6.2122276685566655
 10
15.61535209103552
 20
6.215529411764707
 10
15.657534246575342
 20
6.2367297028077395
 10
15.702270058708415
 20
6.24439729932181
 10
15.747005870841486
 20
6.2485095284429795
 10
15.79174168297456
 20
6.253709584879288
 10
15.80214246003148
 20
6.255372549019608
 10
15.836477495107632
 20
6.287280118060496
 10
15.838016838974355
 20
6.29521568627451
 10
15.843645214442192
 20
6.335058823529412
 10
15.848552805284278
 20
6.374901960784314
 10
15.857356416677153
 20
6.414745098039216
 10
15.881213307240705
 20
6.45211742446868
 10
15.885279136816704
 20
6.454588235294118
 10
15.914043289148701
 20
6.494431372549019
 10
15.925949119373776
 20
6.503159807008918
 10
15.970684931506849
 20
6.509853077165886
 10
16.015420743639922
 20
6.530649752708179
 10
16.020834732980497
 20
6.534274509803921
 10
16.02002434506726
 20
6.574117647058823
 10
16.060156555772995
 20
6.593695140248765
 10
16.09239330434007
 20
6.574117647058823
 10
16.08311403186635
 20
6.534274509803921
 10
16.071654538731526
 20
6.494431372549019
 10
16.104740563476703
 20
6.454588235294118
 10
16.104892367906064
 20
6.454446480250096
 10
16.149628180039137
 20
6.428278369804102
 10
16.19436399217221
 20
6.448797263709589
 10
16.203842479627735
 20
6.454588235294118
 10
16.224092634559227
 20
6.494431372549019
 10
16.235383903038414
 20
6.534274509803921
 10
16.233540031265758
 20
6.574117647058823
 10
16.213023984376626
 20
6.613960784313726
 10
16.21600275528316
 20
6.6538039215686275
 10
16.239099804305283
 20
6.673929605946576
 10
16.276488138707283
 20
6.6936470588235295
 10
16.283835616438356
 20
6.697088491222832
 10
16.307201746385346
 20
6.6936470588235295
 10
16.32857142857143
 20
6.689497090527991
 10
16.3733072407045
 20
6.692708242873293
 10
16.376426306208696
 20
6.6936470588235295
 10
16.41804305283757
 20
6.713750553794633
 10
16.462778864970645
 20
6.724565202733335
 10
16.47110613739559
 20
6.7334901960784315
 10
16.50013616764195
 20
6.773333333333334
 10
16.507514677103718
 20
6.783898227757465
 10
16.521926161382847
 20
6.813176470588236
 10
16.50996316975754
 20
6.853019607843138
 10
16.507514677103718
 20
6.8548281073094035
 10
16.488494316142972
 20
6.892862745098039
 10
16.481581854333363
 20
6.932705882352941
 10
16.499738682349655
 20
6.972549019607843
 10
16.507514677103718
 20
6.977154289912175
 10
16.527843257495054
 20
6.972549019607843
 10
16.55225048923679
 20
6.968271433507136
 10
16.556135520170642
 20
6.972549019607843
 10
16.557493281991995
 20
7.012392156862745
 10
16.596986301369864
 20
7.048180913862126
 10
16.603217146594755
 20
7.052235294117647
 10
16.615983800347234
 20
7.092078431372549
 10
16.621298204288475
 20
7.13192156862745
 10
16.615126368462192
 20
7.171764705882352
 10
16.596986301369864
 20
7.184651714416995
 10
16.55225048923679
 20
7.190252095377727
 10
16.51292454526944
 20
7.171764705882352
 10
16.507514677103718
 20
7.1647252853724135
 10
16.475585197353922
 20
7.13192156862745
 10
16.481858092826958
 20
7.092078431372549
 10
16.473111170691574
 20
7.052235294117647
 10
16.462778864970645
 20
7.033673998630037
 10
16.41804305283757
 20
7.019059458118533
 10
16.396942681999814
 20
7.012392156862745
 10
16.3733072407045
 20
7.001977361368183
 10
16.32857142857143
 20
6.995959377610157
 10
16.283835616438356
 20
6.996601083566287
 10
16.24096853796854
 20
7.012392156862745
 10
16.239099804305283
 20
7.012934228579949
 10
16.19436399217221
 20
7.020538772621987
 10
16.169569564541632
 20
7.012392156862745
 10
16.149628180039137
 20
6.991255639101795
 10
16.136498909874465
 20
6.972549019607843
 10
16.12331552365937
 20
6.932705882352941
 10
16.104892367906064
 20
6.91648824351944
 10
16.07122672664093
 20
6.932705882352941
 10
16.060156555772995
 20
6.93876026403718
 10
16.051030551975295
 20
6.932705882352941
 10
16.015420743639922
 20
6.905287671506169
 10
16.003074841348592
 20
6.892862745098039
 10
16.015420743639922
 20
6.864742018047997
 10
16.01980143052873
 20
6.853019607843138
 10
16.025414672050836
 20
6.813176470588236
 10
16.04783430970613
 20
6.773333333333334
 10
16.060156555772995
 20
6.742517038903457
 10
16.062870736842413
 20
6.7334901960784315
 10
16.07048505098308
 20
6.6936470588235295
 10
16.060156555772995
 20
6.677288694813611
 10
16.015420743639922
 20
6.6649213250370325
 10
15.970684931506849
 20
6.682663640596046
 10
15.967130375111083
 20
6.6936470588235295
 10
15.952092693769519
 20
6.7334901960784315
 10
15.925949119373776
 20
6.75768465566485
 10
15.881213307240705
 20
6.750850419159611
 10
15.836477495107632
 20
6.749362581362105
 10
15.79174168297456
 20
6.74815753918049
 10
15.771662913229415
 20
6.7334901960784315
 10
15.75405044044613
 20
6.6936470588235295
 10
15.747005870841486
 20
6.680018428152778
 10
15.713356506641661
 20
6.6538039215686275
 10
15.702270058708415
 20
6.615419354091116
 10
15.701939741536247
 20
6.613960784313726
 10
15.6888516443285
 20
6.574117647058823
 10
15.657534246575342
 20
6.535601949397522
 10
15.651878266575192
 20
6.534274509803921
 10
15.61279843444227
 20
6.521191944878665
 10
15.59740862748206
 20
6.494431372549019
 10
15.568062622309196
 20
6.468131293383943
 10
15.538558512399383
 20
6.454588235294118
 10
15.523326810176126
 20
6.4165171157046865
 10
15.522832972970589
 20
6.414745098039216
 10
15.478590998043051
 20
6.386397594114171
 10
15.434180027919181
 20
6.374901960784314
 10
15.43385518590998
 20
6.374580728198608
 10
15.389119373776907
 20
6.364606419637789
 10
15.359915140142675
 20
6.335058823529412
 10
15.344383561643836
 20
6.32871152089432
 10
15.299647749510761
 20
6.313158656361369
 10
15.283132368606793
 20
6.29521568627451
 10
15.281823450369126
 20
6.255372549019608
 10
15.27986807404638
 20
6.215529411764707
 10
15.271904064356168
 20
6.175686274509805
 10
15.299647749510761
 20
6.1521466165869025
 10
15.344383561643836
 20
6.138587687466199
 10
15.355003596507062
 20
6.135843137254903
 10
15.376317268675278
 20
6.096
 10
15.362574199329265
 20
6.056156862745098
 10
15.344383561643836
 20
6.047008973315083
 10
15.299647749510761
 20
6.053834837206533
 10
15.289894103039057
 20
6.056156862745098
 10
15.25491193737769
 20
6.067229192309437
 10
15.210176125244617
 20
6.087202417952231
 10
15.165440313111546
 20
6.092108121621327
 10
15.15231700946323
 20
6.096
 10
15.120704500978473
 20
6.107017779797259
 10
15.106737944610517
 20
6.096
 10
15.075968688845402
 20
6.064400113245148
 10
15.069026612339995
 20
6.056156862745098
 10
15.075968688845402
 20
6.046072057766933
 10
15.093983643230684
 20
6.016313725490196
 10
15.075968688845402
 20
6.0000886911854385
 10
15.031232876712327
 20
5.988325719716111
 10
15.009875534954894
 20
5.976470588235294
 10
14.986497064579256
 20
5.959118706074648
 10
14.977132254457793
 20
5.936627450980391
 10
14.985401624811654
 20
5.896784313725489
 10
14.986497064579256
 20
5.893775191457817
 10
15.003667258856277
 20
5.856941176470587
 10
15.004395707588976
 20
5.817098039215686
 10
14.99741917215991
 20
5.777254901960784
 10
14.986497064579256
 20
5.757474226396279
 10
14.978584642434202
 20
5.737411764705882
 10
14.961778160612564
 20
5.6975686274509805
 10
14.941761252446183
 20
5.688779011132735
 10
14.897025440313111
 20
5.681129946897075
 10
14.852289628180039
 20
5.687150286666038
 10
14.814720838980676
 20
5.6577254901960785
 10
14.807553816046967
 20
5.6533029178253535
 10
14.786823707328034
 20
5.6178823529411765
 10
14.793061730635994
 20
5.5780392156862755
 10
14.807553816046967
 20
5.56168757598763
 10
14.852289628180039
 20
5.555859584798291
 10
14.897025440313111
 20
5.5607410792897385
 10
14.941761252446183
 20
5.5722188281021525
 10
14.946502139243531
 20
5.5780392156862755
  0
LWPOLYLINE
  5
8C
330
17
100
AcDbEntity
  8
CONDUCTIVE_METASURFACE
100
AcDbPolyline
 90
217
 70
1
 10
19.51928362125792
 20
5.5780392156862755
 10
19.5255717012185
 20
5.6178823529411765
 10
19.50481409001957
 20
5.6529073276609925
 10
19.49691031157114
 20
5.6577254901960785
 10
19.460078277886495
 20
5.686162948413902
 10
19.415342465753422
 20
5.680576098427182
 10
19.370606653620353
 20
5.688366436054028
 10
19.34976625152249
 20
5.6975686274509805
 10
19.333356991896167
 20
5.737411764705882
 10
19.32587084148728
 20
5.756204691584601
 10
19.314177245413852
 20
5.777254901960784
 10
19.307420202772768
 20
5.817098039215686
 10
19.308140699854295
 20
5.856941176470587
 10
19.32587084148728
 20
5.8951198516587535
 10
19.32647951806243
 20
5.896784313725489
 10
19.335017874361345
 20
5.936627450980391
 10
19.32587084148728
 20
5.95871022881
 10
19.30213887512765
 20
5.976470588235294
 10
19.281135029354207
 20
5.9881639705463625
 10
19.236399217221134
 20
5.999905503761312
 10
19.218190116544815
 20
6.016313725490196
 10
19.236399217221134
 20
6.046297374051894
 10
19.243197094024342
 20
6.056156862745098
 10
19.236399217221134
 20
6.064284812772547
 10
19.205614155605225
 20
6.096
 10
19.19166340508806
 20
6.106995703833732
 10
19.160089351623718
 20
6.096
 10
19.146927592954988
 20
6.092098461998923
 10
19.10219178082192
 20
6.087099066915884
 10
19.057455968688846
 20
6.067131453127544
 10
19.022855495689225
 20
6.056156862745098
 10
19.012720156555773
 20
6.053739520654018
 10
18.9679843444227
 20
6.046957969910451
 10
18.949617202396357
 20
6.056156862745098
 10
18.935731138994512
 20
6.096
 10
18.95565222391627
 20
6.135843137254903
 10
18.9679843444227
 20
6.13900893301732
 10
19.012720156555773
 20
6.152401994818305
 10
19.039885618533887
 20
6.175686274509805
 10
19.032212152931926
 20
6.215529411764707
 10
19.030541622139665
 20
6.255372549019608
 10
19.02918860306069
 20
6.29521568627451
 10
19.012720156555773
 20
6.313098461281718
 10
18.9679843444227
 20
6.328784706862506
 10
18.952682171724216
 20
6.335058823529412
 10
18.923248532289627
 20
6.365028046095703
 10
18.88015032359125
 20
6.374901960784314
 10
18.878512720156554
 20
6.3751961370480466
 10
18.833776908023484
 20
6.386852802175801
 10
18.790531472912424
 20
6.414745098039216
 10
18.789041095890408
 20
6.419782235118431
 10
18.774351879840626
 20
6.454588235294118
 10
18.74430528375734
 20
6.468294858059609
 10
18.714775503125093
 20
6.494431372549019
 10
18.699569471624265
 20
6.520708491000911
 10
18.656822731691094
 20
6.534274509803921
 10
18.654833659491192
 20
6.534714216367045
 10
18.623005052424062
 20
6.574117647058823
 10
18.61009784735812
 20
6.613671553004165
 10
18.609737278250734
 20
6.613960784313726
 10
18.59853807415512
 20
6.6538039215686275
 10
18.56536203522505
 20
6.6798142292079845
 10
18.558235334963385
 20
6.6936470588235295
 10
18.540772615902966
 20
6.7334901960784315
 10
18.520626223091973
 20
6.748199369024643
 10
18.475890410958904
 20
6.749365150818481
 10
18.43115459882583
 20
6.751106693451876
 10
18.386418786692758
 20
6.758199686550705
 10
18.359988427610084
 20
6.7334901960784315
 10
18.344764468812286
 20
6.6936470588235295
 10
18.341682974559685
 20
6.684188735936746
 10
18.296947162426616
 20
6.665205879918767
 10
18.25221135029354
 20
6.677445953748243
 10
18.241940151923924
 20
6.6936470588235295
 10
18.249604244616336
 20
6.7334901960784315
 10
18.25221135029354
 20
6.7421768773294435
 10
18.26464344397218
 20
6.773333333333334
 10
18.287069352595175
 20
6.813176470588236
 10
18.292577414368694
 20
6.853019607843138
 10
18.296947162426616
 20
6.864707522840438
 10
18.30931795770927
 20
6.892862745098039
 10
18.296947162426616
 20
6.905301858380096
 10
18.261466958117026
 20
6.932705882352941
 10
18.25221135029354
 20
6.938888779137151
 10
18.24088803035062
 20
6.932705882352941
 10
18.20747553816047
 20
6.916661227744251
 10
18.189258144473918
 20
6.932705882352941
 10
18.176050662368088
 20
6.972549019607843
 10
18.162739726027397
 20
6.991570553843342
 10
18.143257067638686
 20
7.012392156862745
 10
18.118003913894324
 20
7.020732761361308
 10
18.07326810176125
 20
7.013367799747086
 10
18.069889431282572
 20
7.012392156862745
 10
18.02853228962818
 20
6.997099842549977
 10
17.983796477495105
 20
6.996451073925319
 10
17.939060665362035
 20
7.002664615150197
 10
17.916851006803643
 20
7.012392156862745
 10
17.894324853228962
 20
7.01943922034381
 10
17.84958904109589
 20
7.034407560761922
 10
17.83972004847853
 20
7.052235294117647
 10
17.831131760662995
 20
7.092078431372549
 10
17.837891428758656
 20
7.13192156862745
 10
17.804853228962816
 20
7.165381618897409
 10
17.799887637065023
 20
7.171764705882352
 10
17.760117416829747
 20
7.190227609829702
 10
17.71538160469667
 20
7.184671836556935
 10
17.69702199503569
 20
7.171764705882352
 10
17.690478354244096
 20
7.13192156862745
 10
17.695959297269333
 20
7.092078431372549
 10
17.708846537178722
 20
7.052235294117647
 10
17.71538160469667
 20
7.048012939526757
 10
17.754790181543914
 20
7.012392156862745
 10
17.75629582874845
 20
6.972549019607843
 10
17.760117416829747
 20
6.968361673090485
 10
17.784471820078082
 20
6.972549019607843
 10
17.804853228962816
 20
6.9770763350389675
 10
17.812493804390204
 20
6.972549019607843
 10
17.830792636135385
 20
6.932705882352941
 10
17.823932128790855
 20
6.892862745098039
 10
17.804853228962816
 20
6.85462832871119
 10
17.802691318166268
 20
6.853019607843138
 10
17.79072874949471
 20
6.813176470588236
 10
17.804853228962816
 20
6.784255456214789
 10
17.812506511436116
 20
6.773333333333334
 10
17.841757585150678
 20
6.7334901960784315
 10
17.84958904109589
 20
6.725119309071974
 10
17.894324853228962
 20
6.714381237145537
 10
17.93709417788005
 20
6.6936470588235295
 10
17.939060665362035
 20
6.6930518260982215
 10
17.983796477495105
 20
6.689751851736729
 10
18.00431179883982
 20
6.6936470588235295
 10
18.02853228962818
 20
6.697148866190913
 10
18.036026312411767
 20
6.6936470588235295
 10
18.07326810176125
 20
6.674231911480718
 10
18.09684989548062
 20
6.6538039215686275
 10
18.100071865656457
 20
6.613960784313726
 10
18.080283066603236
 20
6.574117647058823
 10
18.07754580019618
 20
6.534274509803921
 10
18.088428729368946
 20
6.494431372549019
 10
18.108803871814146
 20
6.454588235294118
 10
18.118003913894324
 20
6.4489896616851805
 10
18.162739726027397
 20
6.428641998755501
 10
18.20723721071377
 20
6.454588235294118
 10
18.20747553816047
 20
6.454752524782511
 10
18.240576466157684
 20
6.494431372549019
 10
18.22885860909087
 20
6.534274509803921
 10
18.21918385388218
 20
6.574117647058823
 10
18.25221135029354
 20
6.593808930394635
 10
18.292121071840196
 20
6.574117647058823
 10
18.291320797277184
 20
6.534274509803921
 10
18.296947162426616
 20
6.530446132175448
 10
18.341682974559685
 20
6.509696281626313
 10
18.386418786692758
 20
6.50318807486434
 10
18.398542074360503
 20
6.494431372549019
 10
18.42744742135934
 20
6.454588235294118
 10
18.43115459882583
 20
6.452313871137735
 10
18.45495820744518
 20
6.414745098039216
 10
18.463567367249905
 20
6.374901960784314
 10
18.468184567895385
 20
6.335058823529412
 10
18.47402323889432
 20
6.29521568627451
 10
18.475890410958904
 20
6.285952446433088
 10
18.51171640422237
 20
6.255372549019608
 10
18.520626223091973
 20
6.2540015999363545
 10
18.56536203522505
 20
6.248988836333632
 10
18.61009784735812
 20
6.244618016903941
 10
18.654833659491192
 20
6.236777187310592
 10
18.69679535887682
 20
6.215529411764707
 10
18.699569471624265
 20
6.211908389487609
 10
18.74430528375734
 20
6.186289979296637
 10
18.754105521585643
 20
6.175686274509805
 10
18.761620734137086
 20
6.135843137254903
 10
18.78497118173042
 20
6.096
 10
18.789041095890408
 20
6.091178076331278
 10
18.833776908023484
 20
6.091899855337787
 10
18.855758452380627
 20
6.056156862745098
 10
18.833776908023484
 20
6.0274458366315775
 10
18.789041095890408
 20
6.035710250844515
 10
18.74430528375734
 20
6.0459164223143365
 10
18.699569471624265
 20
6.016448936690273
 10
18.699410298372264
 20
6.016313725490196
 10
18.67002880216073
 20
5.976470588235294
 10
18.693067424819123
 20
5.936627450980391
 10
18.699569471624265
 20
5.928185664036309
 10
18.74430528375734
 20
5.910150193144839
 10
18.789041095890408
 20
5.900093848425833
 10
18.833776908023484
 20
5.901736089918101
 10
18.878512720156554
 20
5.920008285429407
 10
18.923248532289627
 20
5.917355294302272
 10
18.94584562321455
 20
5.896784313725489
 10
18.9679843444227
 20
5.863485010959224
 10
18.97184833501265
 20
5.856941176470587
 10
18.9679843444227
 20
5.836130693277146
 10
18.963324758053542
 20
5.817098039215686
 10
18.966930252193453
 20
5.777254901960784
 10
18.9679843444227
 20
5.774476984207812
 10
18.990556487696892
 20
5.737411764705882
 10
19.00269924947582
 20
5.6975686274509805
 10
19.012720156555773
 20
5.6901521344021875
 10
19.057455968688846
 20
5.6642970919823865
 10
19.06931830472063
 20
5.6577254901960785
 10
19.10219178082192
 20
5.644890187057857
 10
19.146927592954988
 20
5.65554478380144
 10
19.148958173608527
 20
5.6577254901960785
 10
19.19166340508806
 20
5.674665651380922
 10
19.236399217221134
 20
5.68082212099237
 10
19.281135029354207
 20
5.6646510942252695
 10
19.286305855676527
 20
5.6577254901960785
 10
19.281135029354207
 20
5.639619992503893
 10
19.276332227594704
 20
5.6178823529411765
 10
19.281135029354207
 20
5.61442226332801
 10
19.32587084148728
 20
5.6132129361611325
 10
19.366054356088494
 20
5.5780392156862755
 10
19.370606653620353
 20
5.572489766538509
 10
19.415342465753422
 20
5.5611193792693
 10
19.460078277886495
 20
5.55638623292994
 10
19.50481409001957
 20
5.561883058498658
 10
19.51928362125792
 20
5.5780392156862755
  0
LWPOLYLINE
  5
8D
330
17
100
AcDbEntity
  8
CONDUCTIVE_METASURFACE
100
AcDbPolyline
 90
217
 70
1
 10
20.6726860922768
 20
5.5780392156862755
 10
20.712681017612525
 20
5.613137713560195
 10
20.757416829745594
 20
5.61447865801679
 10
20.76211846833653
 20
5.6178823529411765
 10
20.757416829745594
 20
5.639573497439064
 10
20.75233363861217
 20
5.6577254901960785
 10
20.757416829745594
 20
5.6645303329160495
 10
20.80215264187867
 20
5.6808279010496525
 10
20.84688845401174
 20
5.674717711486304
 10
20.88981789591142
 20
5.6577254901960785
 10
20.891624266144813
 20
5.655799918281436
 10
20.936360078277886
 20
5.645145735725559
 10
20.96883266856935
 20
5.6577254901960785
 10
20.98109589041096
 20
5.664541684543463
 10
21.02583170254403
 20
5.690593612910752
 10
21.035230617537323
 20
5.6975686274509805
 10
21.047287211491465
 20
5.737411764705882
 10
21.070567514677105
 20
5.77550348525982
 10
21.071235840894005
 20
5.777254901960784
 10
21.074941030964418
 20
5.817098039215686
 10
21.070567514677105
 20
5.835369639475649
 10
21.066635708208143
 20
5.856941176470587
 10
21.070567514677105
 20
5.863615573269238
 10
21.092366781657212
 20
5.896784313725489
 10
21.115303326810174
 20
5.917787034843612
 10
21.160039138943247
 20
5.920656638465136
 10
21.20477495107632
 20
5.903032127448291
 10
21.249510763209393
 20
5.900594231732593
 10
21.294246575342463
 20
5.910286862153803
 10
21.33898238747554
 20
5.928433661377154
 10
21.345268411586424
 20
5.936627450980391
 10
21.36811476316746
 20
5.976470588235294
 10
21.33898238747554
 20
6.016101442644193
 10
21.33879790544221
 20
6.016313725490196
 10
21.294246575342463
 20
6.045794438144826
 10
21.249510763209393
 20
6.035358122909787
 10
21.20477495107632
 20
6.026741493907717
 10
21.182665531212546
 20
6.056156862745098
 10
21.20477495107632
 20
6.091701717768268
 10
21.249510763209393
 20
6.090988994231234
 10
21.253809262023044
 20
6.096
 10
21.27710713736351
 20
6.135843137254903
 10
21.28441457042101
 20
6.175686274509805
 10
21.294246575342463
 20
6.186483669906645
 10
21.33898238747554
 20
6.2122276685566655
 10
21.341536044068786
 20
6.215529411764707
 10
21.38371819960861
 20
6.2367297028077395
 10
21.42845401174168
 20
6.24439729932181
 10
21.473189823874755
 20
6.2485095284429795
 10
21.517925636007828
 20
6.253709584879288
 10
21.528326413064747
 20
6.255372549019608
 10
21.562661448140897
 20
6.287280118060496
 10
21.56420079200762
 20
6.29521568627451
 10
21.569829167475458
 20
6.335058823529412
 10
21.574736758317545
 20
6.374901960784314
 10
21.58354036971042
 20
6.414745098039216
 10
21.607397260273974
 20
6.45211742446868
 10
21.611463089849973
 20
6.454588235294118
 10
21.640227242181968
 20
6.494431372549019
 10
21.652133072407043
 20
6.503159807008918
 10
21.696868884540116
 20
6.509853077165886
 10
21.74160469667319
 20
6.530649752708179
 10
21.747018686013764
 20
6.534274509803921
 10
21.746208298100527
 20
6.574117647058823
 10
21.786340508806262
 20
6.593695140248765
 10
21.818577257373338
 20
6.574117647058823
 10
21.80929798489962
 20
6.534274509803921
 10
21.797838491764796
 20
6.494431372549019
 10
21.830924516509974
 20
6.454588235294118
 10
21.83107632093933
 20
6.454446480250096
 10
21.875812133072408
 20
6.428278369804102
 10
21.920547945205477
 20
6.448797263709589
 10
21.930026432661002
 20
6.454588235294118
 10
21.950276587592494
 20
6.494431372549019
 10
21.961567856071685
 20
6.534274509803921
 10
21.959723984299025
 20
6.574117647058823
 10
21.939207937409893
 20
6.613960784313726
 10
21.942186708316427
 20
6.6538039215686275
 10
21.96528375733855
 20
6.673929605946576
 10
22.00267209174055
 20
6.6936470588235295
 10
22.010019569471623
 20
6.697088491222832
 10
22.033385699418613
 20
6.6936470588235295
 10
22.054755381604696
 20
6.689497090527991
 10
22.099491193737766
 20
6.692708242873293
 10
22.102610259241963
 20
6.6936470588235295
 10
22.144227005870842
 20
6.713750553794633
 10
22.188962818003912
 20
6.724565202733335
 10
22.197290090428858
 20
6.7334901960784315
 10
22.226320120675222
 20
6.773333333333334
 10
22.233698630136985
 20
6.783898227757465
 10
22.248110114416114
 20
6.813176470588236
 10
22.236147122790808
 20
6.853019607843138
 10
22.233698630136985
 20
6.8548281073094035
 10
22.21467826917624
 20
6.892862745098039
 10
22.20776580736663
 20
6.932705882352941
 10
22.225922635382922
 20
6.972549019607843
 10
22.233698630136985
 20
6.977154289912175
 10
22.25402721052832
 20
6.972549019607843
 10
22.278434442270058
 20
6.968271433507136
 10
22.28231947320391
 20
6.972549019607843
 10
22.283677235025262
 20
7.012392156862745
 10
22.32317025440313
 20
7.048180913862126
 10
22.329401099628022
 20
7.052235294117647
 10
22.3421677533805
 20
7.092078431372549
 10
22.347482157321743
 20
7.13192156862745
 10
22.34131032149546
 20
7.171764705882352
 10
22.32317025440313
 20
7.184651714416995
 10
22.278434442270058
 20
7.190252095377727
 10
22.239108498302706
 20
7.171764705882352
 10
22.233698630136985
 20
7.1647252853724135
 10
22.20176915038719
 20
7.13192156862745
 10
22.208042045860225
 20
7.092078431372549
 10
22.19929512372484
 20
7.052235294117647
 10
22.188962818003912
 20
7.033673998630037
 10
22.144227005870842
 20
7.019059458118533
 10
22.12312663503308
 20
7.012392156862745
 10
22.099491193737766
 20
7.001977361368183
 10
22.054755381604696
 20
6.995959377610157
 10
22.010019569471623
 20
6.996601083566287
 10
21.96715249100181
 20
7.012392156862745
 10
21.96528375733855
 20
7.012934228579949
 10
21.920547945205477
 20
7.020538772621987
 10
21.895753517574903
 20
7.012392156862745
 10
21.875812133072408
 20
6.991255639101795
 10
21.862682862907732
 20
6.972549019607843
 10
21.849499476692642
 20
6.932705882352941
 10
21.83107632093933
 20
6.91648824351944
 10
21.797410679674197
 20
6.932705882352941
 10
21.786340508806262
 20
6.93876026403718
 10
21.777214505008562
 20
6.932705882352941
 10
21.74160469667319
 20
6.905287671506169
 10
21.72925879438186
 20
6.892862745098039
 10
21.74160469667319
 20
6.864742018047997
 10
21.745985383562
 20
6.853019607843138
 10
21.751598625084107
 20
6.813176470588236
 10
21.774018262739396
 20
6.773333333333334
 10
21.786340508806262
 20
6.742517038903457
 10
21.78905468987568
 20
6.7334901960784315
 10
21.796669004016348
 20
6.6936470588235295
 10
21.786340508806262
 20
6.677288694813611
 10
21.74160469667319
 20
6.6649213250370325
 10
21.696868884540116
 20
6.682663640596046
 10
21.69331432814435
 20
6.6936470588235295
 10
21.678276646802786
 20
6.7334901960784315
 10
21.652133072407043
 20
6.75768465566485
 10
21.607397260273974
 20
6.750850419159611
 10
21.562661448140897
 20
6.749362581362105
 10
21.517925636007828
 20
6.74815753918049
 10
21.497846866262684
 20
6.7334901960784315
 10
21.4802343934794
 20
6.6936470588235295
 10
21.473189823874755
 20
6.680018428152778
 10
21.43954045967493
 20
6.6538039215686275
 10
21.42845401174168
 20
6.615419354091116
 10
21.428123694569514
 20
6.613960784313726
 10
21.41503559736177
 20
6.574117647058823
 10
21.38371819960861
 20
6.535601949397522
 10
21.37806221960846
 20
6.534274509803921
 10
21.33898238747554
 20
6.521191944878665
 10
21.323592580515328
 20
6.494431372549019
 10
21.294246575342463
 20
6.468131293383943
 10
21.26474246543265
 20
6.454588235294118
 10
21.249510763209393
 20
6.4165171157046865
 10
21.249016926003854
 20
6.414745098039216
 10
21.20477495107632
 20
6.386397594114171
 10
21.16036398095245
 20
6.374901960784314
 10
21.160039138943247
 20
6.374580728198608
 10
21.115303326810174
 20
6.364606419637789
 10
21.086099093175942
 20
6.335058823529412
 10
21.070567514677105
 20
6.32871152089432
 10
21.02583170254403
 20
6.313158656361369
 10
21.00931632164006
 20
6.29521568627451
 10
21.00800740340239
 20
6.255372549019608
 10
21.006052027079647
 20
6.215529411764707
 10
20.99808801738944
 20
6.175686274509805
 10
21.02583170254403
 20
6.1521466165869025
 10
21.070567514677105
 20
6.138587687466199
 10
21.08118754954033
 20
6.135843137254903
 10
21.102501221708547
 20
6.096
 10
21.088758152362534
 20
6.056156862745098
 10
21.070567514677105
 20
6.047008973315083
 10
21.02583170254403
 20
6.053834837206533
 10
21.016078056072324
 20
6.056156862745098
 10
20.98109589041096
 20
6.067229192309437
 10
20.936360078277886
 20
6.087202417952231
 10
20.891624266144813
 20
6.092108121621327
 10
20.878500962496496
 20
6.096
 10
20.84688845401174
 20
6.107017779797259
 10
20.832921897643786
 20
6.096
 10
20.80215264187867
 20
6.064400113245148
 10
20.795210565373264
 20
6.056156862745098
 10
20.80215264187867
 20
6.046072057766933
 10
20.820167596263953
 20
6.016313725490196
 10
20.80215264187867
 20
6.0000886911854385
 10
20.757416829745594
 20
5.988325719716111
 10
20.73605948798816
 20
5.976470588235294
 10
20.712681017612525
 20
5.959118706074648
 10
20.70331620749106
 20
5.936627450980391
 10
20.71158557784492
 20
5.896784313725489
 10
20.712681017612525
 20
5.893775191457817
 10
20.729851211889546
 20
5.856941176470587
 10
20.730579660622244
 20
5.817098039215686
 10
20.72360312519318
 20
5.777254901960784
 10
20.712681017612525
 20
5.757474226396279
 10
20.70476859546747
 20
5.737411764705882
 10
20.68796211364583
 20
5.6975686274509805
 10
20.66794520547945
 20
5.688779011132735
 10
20.62320939334638
 20
5.681129946897075
 10
20.578473581213306
 20
5.687150286666038
 10
20.540904792013944
 20
5.6577254901960785
 10
20.533737769080233
 20
5.6533029178253535
 10
20.513007660361303
 20
5.6178823529411765
 10
20.519245683669265
 20
5.5780392156862755
 10
20.533737769080233
 20
5.56168757598763
 10
20.578473581213306
 20
5.555859584798291
 10
20.62320939334638
 20
5.5607410792897385
 10
20.66794520547945
 20
5.5722188281021525
 10
20.6726860922768
 20
5.5780392156862755
  0
LWPOLYLINE
  5
8E
330
17
100
AcDbEntity
  8
CONDUCTIVE_METASURFACE
100
AcDbPolyline
 90
23
 70
1
 10
2.3628414980270565
 20
6.892862745098039
 10
2.34472425781897
 20
6.932705882352941
 10
2.3709980430528375
 20
6.955759055066823
 10
2.41573385518591
 20
6.96164270834534
 10
2.4200888805525618
 20
6.972549019607843
 10
2.41573385518591
 20
6.985597008547009
 10
2.402538542040541
 20
7.012392156862745
 10
2.3709980430528375
 20
7.039931060836481
 10
2.3543681115678714
 20
7.052235294117647
 10
2.326262230919765
 20
7.0700941917256515
 10
2.2815264187866924
 20
7.060730500081082
 10
2.275709803130086
 20
7.052235294117647
 10
2.2815264187866924
 20
7.03908556224997
 10
2.326262230919765
 20
7.018154679294412
 10
2.331327349775572
 20
7.012392156862745
 10
2.3562842676542357
 20
6.972549019607843
 10
2.326262230919765
 20
6.945497256553505
 10
2.3064734308907155
 20
6.932705882352941
 10
2.2815264187866924
 20
6.906832235515452
 10
2.2756176748180144
 20
6.892862745098039
 10
2.2815264187866924
 20
6.884502776022943
 10
2.326262230919765
 20
6.870478710919251
 10
2.3628414980270565
 20
6.892862745098039
  0
LWPOLYLINE
  5
8F
330
17
100
AcDbEntity
  8
CONDUCTIVE_METASURFACE
100
AcDbPolyline
 90
23
 70
1
 10
3.4063733150945077
 20
6.892862745098039
 10
3.3999217221135027
 20
6.908080563237718
 10
3.376229862563609
 20
6.932705882352941
 10
3.35518590998043
 20
6.946263532980478
 10
3.325538521148529
 20
6.972549019607843
 10
3.3505514969009464
 20
7.012392156862745
 10
3.35518590998043
 20
7.017622373237275
 10
3.3999217221135027
 20
7.0382429192464695
 10
3.4060759150653053
 20
7.052235294117647
 10
3.3999217221135027
 20
7.061222844014259
 10
3.35518590998043
 20
7.0703981907639255
 10
3.3267948492487625
 20
7.052235294117647
 10
3.3104500978473577
 20
7.040055203488398
 10
3.2786478880861636
 20
7.012392156862745
 10
3.2657142857142856
 20
6.9861743470288005
 10
3.261147327150891
 20
6.972549019607843
 10
3.2657142857142856
 20
6.961022045472549
 10
3.3104500978473577
 20
6.955058679710729
 10
3.3354002491931025
 20
6.932705882352941
 10
3.317223461910465
 20
6.892862745098039
 10
3.35518590998043
 20
6.869951427363072
 10
3.3999217221135027
 20
6.8837439241851905
 10
3.4063733150945077
 20
6.892862745098039
  0
LWPOLYLINE
  5
90
330
17
100
AcDbEntity
  8
CONDUCTIVE_METASURFACE
100
AcDbPolyline
 90
23
 70
1
 10
8.089025451060325
 20
6.892862745098039
 10
8.070908210852236
 20
6.932705882352941
 10
8.097181996086105
 20
6.955759055066823
 10
8.141917808219178
 20
6.96164270834534
 10
8.14627283358583
 20
6.972549019607843
 10
8.141917808219178
 20
6.985597008547009
 10
8.128722495073808
 20
7.012392156862745
 10
8.097181996086105
 20
7.039931060836481
 10
8.08055206460114
 20
7.052235294117647
 10
8.052446183953032
 20
7.0700941917256515
 10
8.007710371819961
 20
7.060730500081082
 10
8.001893756163355
 20
7.052235294117647
 10
8.007710371819961
 20
7.03908556224997
 10
8.052446183953032
 20
7.018154679294412
 10
8.057511302808841
 20
7.012392156862745
 10
8.082468220687504
 20
6.972549019607843
 10
8.052446183953032
 20
6.945497256553505
 10
8.032657383923985
 20
6.932705882352941
 10
8.007710371819961
 20
6.906832235515452
 10
8.001801627851282
 20
6.892862745098039
 10
8.007710371819961
 20
6.884502776022943
 10
8.052446183953032
 20
6.870478710919251
 10
8.089025451060325
 20
6.892862745098039
  0
LWPOLYLINE
  5
91
330
17
100
AcDbEntity
  8
CONDUCTIVE_METASURFACE
100
AcDbPolyline
 90
23
 70
1
 10
9.132557268127776
 20
6.892862745098039
 10
9.12610567514677
 20
6.908080563237718
 10
9.102413815596877
 20
6.932705882352941
 10
9.081369863013698
 20
6.946263532980478
 10
9.051722474181798
 20
6.972549019607843
 10
9.076735449934214
 20
7.012392156862745
 10
9.081369863013698
 20
7.017622373237275
 10
9.12610567514677
 20
7.0382429192464695
 10
9.132259868098572
 20
7.052235294117647
 10
9.12610567514677
 20
7.061222844014259
 10
9.081369863013698
 20
7.0703981907639255
 10
9.05297880228203
 20
7.052235294117647
 10
9.036634050880625
 20
7.040055203488398
 10
9.004831841119431
 20
7.012392156862745
 10
8.991898238747552
 20
6.9861743470288005
 10
8.987331280184158
 20
6.972549019607843
 10
8.991898238747552
 20
6.961022045472549
 10
9.036634050880625
 20
6.955058679710729
 10
9.06158420222637
 20
6.932705882352941
 10
9.043407414943733
 20
6.892862745098039
 10
9.081369863013698
 20
6.869951427363072
 10
9.12610567514677
 20
6.8837439241851905
 10
9.132557268127776
 20
6.892862745098039
  0
LWPOLYLINE
  5
92
330
17
100
AcDbEntity
  8
CONDUCTIVE_METASURFACE
100
AcDbPolyline
 90
23
 70
1
 10
13.815209404093594
 20
6.892862745098039
 10
13.797092163885507
 20
6.932705882352941
 10
13.823365949119374
 20
6.955759055066823
 10
13.868101761252445
 20
6.96164270834534
 10
13.872456786619098
 20
6.972549019607843
 10
13.868101761252445
 20
6.985597008547009
 10
13.854906448107078
 20
7.012392156862745
 10
13.823365949119374
 20
7.039931060836481
 10
13.806736017634405
 20
7.052235294117647
 10
13.778630136986301
 20
7.0700941917256515
 10
13.73389432485323
 20
7.060730500081082
 10
13.72807770919662
 20
7.052235294117647
 10
13.73389432485323
 20
7.03908556224997
 10
13.778630136986301
 20
7.018154679294412
 10
13.78369525584211
 20
7.012392156862745
 10
13.808652173720773
 20
6.972549019607843
 10
13.778630136986301
 20
6.945497256553505
 10
13.758841336957254
 20
6.932705882352941
 10
13.73389432485323
 20
6.906832235515452
 10
13.72798558088455
 20
6.892862745098039
 10
13.73389432485323
 20
6.884502776022943
 10
13.778630136986301
 20
6.870478710919251
 10
13.815209404093594
 20
6.892862745098039
  0
LWPOLYLINE
  5
93
330
17
100
AcDbEntity
  8
CONDUCTIVE_METASURFACE
100
AcDbPolyline
 90
23
 70
1
 10
14.858741221161043
 20
6.892862745098039
 10
14.852289628180039
 20
6.908080563237718
 10
14.828597768630145
 20
6.932705882352941
 10
14.807553816046967
 20
6.946263532980478
 10
14.777906427215065
 20
6.972549019607843
 10
14.80291940296748
 20
7.012392156862745
 10
14.807553816046967
 20
7.017622373237275
 10
14.852289628180039
 20
7.0382429192464695
 10
14.858443821131841
 20
7.052235294117647
 10
14.852289628180039
 20
7.061222844014259
 10
14.807553816046967
 20
7.0703981907639255
 10
14.779162755315298
 20
7.052235294117647
 10
14.762818003913893
 20
7.040055203488398
 10
14.7310157941527
 20
7.012392156862745
 10
14.718082191780821
 20
6.9861743470288005
 10
14.713515233217429
 20
6.972549019607843
 10
14.718082191780821
 20
6.961022045472549
 10
14.762818003913893
 20
6.955058679710729
 10
14.78776815525964
 20
6.932705882352941
 10
14.769591367977002
 20
6.892862745098039
 10
14.807553816046967
 20
6.869951427363072
 10
14.852289628180039
 20
6.8837439241851905
 10
14.858741221161043
 20
6.892862745098039
  0
LWPOLYLINE
  5
94
330
17
100
AcDbEntity
  8
CONDUCTIVE_METASURFACE
100
AcDbPolyline
 90
23
 70
1
 10
19.54139335712686
 20
6.892862745098039
 10
19.523276116918776
 20
6.932705882352941
 10
19.54954990215264
 20
6.955759055066823
 10
19.594285714285714
 20
6.96164270834534
 10
19.598640739652367
 20
6.972549019607843
 10
19.594285714285714
 20
6.985597008547009
 10
19.581090401140347
 20
7.012392156862745
 10
19.54954990215264
 20
7.039931060836481
 10
19.532919970667674
 20
7.052235294117647
 10
19.50481409001957
 20
7.0700941917256515
 10
19.460078277886495
 20
7.060730500081082
 10
19.45426166222989
 20
7.052235294117647
 10
19.460078277886495
 20
7.03908556224997
 10
19.50481409001957
 20
7.018154679294412
 10
19.509879208875375
 20
7.012392156862745
 10
19.53483612675404
 20
6.972549019607843
 10
19.50481409001957
 20
6.945497256553505
 10
19.48502528999052
 20
6.932705882352941
 10
19.460078277886495
 20
6.906832235515452
 10
19.45416953391782
 20
6.892862745098039
 10
19.460078277886495
 20
6.884502776022943
 10
19.50481409001957
 20
6.870478710919251
 10
19.54139335712686
 20
6.892862745098039
  0
LWPOLYLINE
  5
95
330
17
100
AcDbEntity
  8
CONDUCTIVE_METASURFACE
100
AcDbPolyline
 90
23
 70
1
 10
20.58492517419431
 20
6.892862745098039
 10
20.578473581213306
 20
6.908080563237718
 10
20.554781721663414
 20
6.932705882352941
 10
20.533737769080233
 20
6.946263532980478
 10
20.504090380248332
 20
6.972549019607843
 10
20.52910335600075
 20
7.012392156862745
 10
20.533737769080233
 20
7.017622373237275
 10
20.578473581213306
 20
7.0382429192464695
 10
20.58462777416511
 20
7.052235294117647
 10
20.578473581213306
 20
7.061222844014259
 10
20.533737769080233
 20
7.0703981907639255
 10
20.505346708348565
 20
7.052235294117647
 10
20.48900195694716
 20
7.040055203488398
 10
20.457199747185967
 20
7.012392156862745
 10
20.44426614481409
 20
6.9861743470288005
 10
20.439699186250696
 20
6.972549019607843
 10
20.44426614481409
 20
6.961022045472549
 10
20.48900195694716
 20
6.955058679710729
 10
20.513952108292905
 20
6.932705882352941
 10
20.49577532101027
 20
6.892862745098039
 10
20.533737769080233
 20
6.869951427363072
 10
20.578473581213306
 20
6.8837439241851905
 10
20.58492517419431
 20
6.892862745098039
  0
LWPOLYLINE
  5
96
330
17
100
AcDbEntity
  8
CONDUCTIVE_METASURFACE
100
AcDbPolyline
 90
7
 70
1
 10
1.3868101761252445
 20
6.450982020553423
 10
1.38112666459903
 20
6.454588235294118
 10
1.3572448205557017
 20
6.494431372549019
 10
1.3868101761252445
 20
6.529296908218379
 10
1.401498945274403
 20
6.494431372549019
 10
1.3914104162292993
 20
6.454588235294118
 10
1.3868101761252445
 20
6.450982020553423
  0
LWPOLYLINE
  5
97
330
17
100
AcDbEntity
  8
CONDUCTIVE_METASURFACE
100
AcDbPolyline
 90
7
 70
1
 10
4.29463796477495
 20
6.4510815337314735
 10
4.290227204026968
 20
6.454588235294118
 10
4.280600560372671
 20
6.494431372549019
 10
4.29463796477495
 20
6.527963803026272
 10
4.323220893064295
 20
6.494431372549019
 10
4.300117011804925
 20
6.454588235294118
 10
4.29463796477495
 20
6.4510815337314735
  0
LWPOLYLINE
  5
98
330
17
100
AcDbEntity
  8
CONDUCTIVE_METASURFACE
100
AcDbPolyline
 90
7
 70
1
 10
7.112994129158512
 20
6.450982020553423
 10
7.107310617632297
 20
6.454588235294118
 10
7.08342877358897
 20
6.494431372549019
 10
7.112994129158512
 20
6.529296908218379
 10
7.127682898307671
 20
6.494431372549019
 10
7.117594369262568
 20
6.454588235294118
 10
7.112994129158512
 20
6.450982020553423
  0
LWPOLYLINE
  5
99
330
17
100
AcDbEntity
  8
CONDUCTIVE_METASURFACE
100
AcDbPolyline
 90
7
 70
1
 10
10.020821917808219
 20
6.4510815337314735
 10
10.016411157060237
 20
6.454588235294118
 10
10.00678451340594
 20
6.494431372549019
 10
10.020821917808219
 20
6.527963803026272
 10
10.049404846097561
 20
6.494431372549019
 10
10.026300964838194
 20
6.454588235294118
 10
10.020821917808219
 20
6.4510815337314735
  0
LWPOLYLINE
  5
9A
330
17
100
AcDbEntity
  8
CONDUCTIVE_METASURFACE
100
AcDbPolyline
 90
7
 70
1
 10
12.839178082191781
 20
6.450982020553423
 10
12.833494570665566
 20
6.454588235294118
 10
12.80961272662224
 20
6.494431372549019
 10
12.839178082191781
 20
6.529296908218379
 10
12.853866851340939
 20
6.494431372549019
 10
12.843778322295835
 20
6.454588235294118
 10
12.839178082191781
 20
6.450982020553423
  0
LWPOLYLINE
  5
9B
330
17
100
AcDbEntity
  8
CONDUCTIVE_METASURFACE
100
AcDbPolyline
 90
7
 70
1
 10
15.747005870841486
 20
6.4510815337314735
 10
15.742595110093504
 20
6.454588235294118
 10
15.732968466439207
 20
6.494431372549019
 10
15.747005870841486
 20
6.527963803026272
 10
15.775588799130832
 20
6.494431372549019
 10
15.752484917871461
 20
6.454588235294118
 10
15.747005870841486
 20
6.4510815337314735
  0
LWPOLYLINE
  5
9C
330
17
100
AcDbEntity
  8
CONDUCTIVE_METASURFACE
100
AcDbPolyline
 90
7
 70
1
 10
18.56536203522505
 20
6.450982020553423
 10
18.559678523698835
 20
6.454588235294118
 10
18.535796679655505
 20
6.494431372549019
 10
18.56536203522505
 20
6.529296908218379
 10
18.580050804374206
 20
6.494431372549019
 10
18.569962275329104
 20
6.454588235294118
 10
18.56536203522505
 20
6.450982020553423
  0
LWPOLYLINE
  5
9D
330
17
100
AcDbEntity
  8
CONDUCTIVE_METASURFACE
100
AcDbPolyline
 90
7
 70
1
 10
21.473189823874755
 20
6.4510815337314735
 10
21.46877906312677
 20
6.454588235294118
 10
21.459152419472474
 20
6.494431372549019
 10
21.473189823874755
 20
6.527963803026272
 10
21.5017727521641
 20
6.494431372549019
 10
21.47866887090473
 20
6.454588235294118
 10
21.473189823874755
 20
6.4510815337314735
  0
LWPOLYLINE
  5
9E
330
17
100
AcDbEntity
  8
CONDUCTIVE_METASURFACE
100
AcDbPolyline
 90
7
 70
1
 10
1.5657534246575342
 20
6.309601819376355
 10
1.5210176125244617
 20
6.33017887999201
 10
1.5170801961824436
 20
6.335058823529412
 10
1.5210176125244617
 20
6.338987288008685
 10
1.5657534246575342
 20
6.347561018295178
 10
1.6034034970759763
 20
6.335058823529412
 10
1.5657534246575342
 20
6.309601819376355
  0
LWPOLYLINE
  5
9F
330
17
100
AcDbEntity
  8
CONDUCTIVE_METASURFACE
100
AcDbPolyline
 90
7
 70
1
 10
4.160430528375733
 20
6.3299968983450965
 10
4.115694716242661
 20
6.308726892908389
 10
4.076547690693988
 20
6.335058823529412
 10
4.115694716242661
 20
6.348141070731915
 10
4.160430528375733
 20
6.339155913027515
 10
4.164479584033475
 20
6.335058823529412
 10
4.160430528375733
 20
6.3299968983450965
  0
LWPOLYLINE
  5
A0
330
17
100
AcDbEntity
  8
CONDUCTIVE_METASURFACE
100
AcDbPolyline
 90
7
 70
1
 10
7.291937377690802
 20
6.309601819376355
 10
7.247201565557729
 20
6.33017887999201
 10
7.243264149215713
 20
6.335058823529412
 10
7.247201565557729
 20
6.338987288008685
 10
7.291937377690802
 20
6.347561018295178
 10
7.329587450109244
 20
6.335058823529412
 10
7.291937377690802
 20
6.309601819376355
  0
LWPOLYLINE
  5
A1
330
17
100
AcDbEntity
  8
CONDUCTIVE_METASURFACE
100
AcDbPolyline
 90
7
 70
1
 10
9.886614481409001
 20
6.3299968983450965
 10
9.841878669275928
 20
6.308726892908389
 10
9.802731643727256
 20
6.335058823529412
 10
9.841878669275928
 20
6.348141070731915
 10
9.886614481409001
 20
6.339155913027515
 10
9.890663537066743
 20
6.335058823529412
 10
9.886614481409001
 20
6.3299968983450965
  0
LWPOLYLINE
  5
A2
330
17
100
AcDbEntity
  8
CONDUCTIVE_METASURFACE
100
AcDbPolyline
 90
7
 70
1
 10
13.018121330724071
 20
6.309601819376355
 10
12.973385518590996
 20
6.33017887999201
 10
12.969448102248979
 20
6.335058823529412
 10
12.973385518590996
 20
6.338987288008685
 10
13.018121330724071
 20
6.347561018295178
 10
13.055771403142511
 20
6.335058823529412
 10
13.018121330724071
 20
6.309601819376355
  0
LWPOLYLINE
  5
A3
330
17
100
AcDbEntity
  8
CONDUCTIVE_METASURFACE
100
AcDbPolyline
 90
7
 70
1
 10
15.61279843444227
 20
6.3299968983450965
 10
15.568062622309196
 20
6.308726892908389
 10
15.528915596760523
 20
6.335058823529412
 10
15.568062622309196
 20
6.348141070731915
 10
15.61279843444227
 20
6.339155913027515
 10
15.616847490100012
 20
6.335058823529412
 10
15.61279843444227
 20
6.3299968983450965
  0
LWPOLYLINE
  5
A4
330
17
100
AcDbEntity
  8
CONDUCTIVE_METASURFACE
100
AcDbPolyline
 90
7
 70
1
 10
18.74430528375734
 20
6.309601819376355
 10
18.699569471624265
 20
6.33017887999201
 10
18.695632055282246
 20
6.335058823529412
 10
18.699569471624265
 20
6.338987288008685
 10
18.74430528375734
 20
6.347561018295178
 10
18.781955356175782
 20
6.335058823529412
 10
18.74430528375734
 20
6.309601819376355
  0
LWPOLYLINE
  5
A5
330
17
100
AcDbEntity
  8
CONDUCTIVE_METASURFACE
100
AcDbPolyline
 90
7
 70
1
 10
21.33898238747554
 20
6.3299968983450965
 10
21.294246575342463
 20
6.308726892908389
 10
21.255099549793794
 20
6.335058823529412
 10
21.294246575342463
 20
6.348141070731915
 10
21.33898238747554
 20
6.339155913027515
 10
21.34303144313328
 20
6.335058823529412
 10
21.33898238747554
 20
6.3299968983450965
  0
LWPOLYLINE
  5
A6
330
17
100
AcDbEntity
  8
CONDUCTIVE_METASURFACE
100
AcDbPolyline
 90
5
 70
1
 10
1.3420743639921722
 20
6.2574826733603315
 10
1.3001914096327685
 20
6.29521568627451
 10
1.3420743639921722
 20
6.318679520800622
 10
1.3686504562188435
 20
6.29521568627451
 10
1.3420743639921722
 20
6.2574826733603315
  0
LWPOLYLINE
  5
A7
330
17
100
AcDbEntity
  8
CONDUCTIVE_METASURFACE
100
AcDbPolyline
 90
5
 70
1
 10
4.339373776908023
 20
6.257913403356515
 10
4.313028649700768
 20
6.29521568627451
 10
4.339373776908023
 20
6.318885128380201
 10
4.3817402733672655
 20
6.29521568627451
 10
4.339373776908023
 20
6.257913403356515
  0
LWPOLYLINE
  5
A8
330
17
100
AcDbEntity
  8
CONDUCTIVE_METASURFACE
100
AcDbPolyline
 90
5
 70
1
 10
7.06825831702544
 20
6.2574826733603315
 10
7.026375362666036
 20
6.29521568627451
 10
7.06825831702544
 20
6.318679520800622
 10
7.094834409252112
 20
6.29521568627451
 10
7.06825831702544
 20
6.2574826733603315
  0
LWPOLYLINE
  5
A9
330
17
100
AcDbEntity
  8
CONDUCTIVE_METASURFACE
100
AcDbPolyline
 90
5
 70
1
 10
10.065557729941291
 20
6.257913403356515
 10
10.039212602734036
 20
6.29521568627451
 10
10.065557729941291
 20
6.318885128380201
 10
10.107924226400533
 20
6.29521568627451
 10
10.065557729941291
 20
6.257913403356515
  0
LWPOLYLINE
  5
AA
330
17
100
AcDbEntity
  8
CONDUCTIVE_METASURFACE
100
AcDbPolyline
 90
5
 70
1
 10
12.794442270058708
 20
6.2574826733603315
 10
12.752559315699306
 20
6.29521568627451
 10
12.794442270058708
 20
6.318679520800622
 10
12.821018362285377
 20
6.29521568627451
 10
12.794442270058708
 20
6.2574826733603315
  0
LWPOLYLINE
  5
AB
330
17
100
AcDbEntity
  8
CONDUCTIVE_METASURFACE
100
AcDbPolyline
 90
5
 70
1
 10
15.79174168297456
 20
6.257913403356515
 10
15.765396555767305
 20
6.29521568627451
 10
15.79174168297456
 20
6.318885128380201
 10
15.8341081794338
 20
6.29521568627451
 10
15.79174168297456
 20
6.257913403356515
  0
LWPOLYLINE
  5
AC
330
17
100
AcDbEntity
  8
CONDUCTIVE_METASURFACE
100
AcDbPolyline
 90
5
 70
1
 10
18.520626223091973
 20
6.2574826733603315
 10
18.478743268732575
 20
6.29521568627451
 10
18.520626223091973
 20
6.318679520800622
 10
18.547202315318646
 20
6.29521568627451
 10
18.520626223091973
 20
6.2574826733603315
  0
LWPOLYLINE
  5
AD
330
17
100
AcDbEntity
  8
CONDUCTIVE_METASURFACE
100
AcDbPolyline
 90
5
 70
1
 10
21.517925636007828
 20
6.257913403356515
 10
21.49158050880057
 20
6.29521568627451
 10
21.517925636007828
 20
6.318885128380201
 10
21.56029213246707
 20
6.29521568627451
 10
21.517925636007828
 20
6.257913403356515
  0
LWPOLYLINE
  5
AE
330
17
100
AcDbEntity
  8
CONDUCTIVE_METASURFACE
100
AcDbPolyline
 90
5
 70
1
 10
0.0532374852850732
 20
6.215529411764707
 10
0.0447358121330724
 20
6.220877049558287
 10
0.033555306801870806
 20
6.215529411764707
 10
0.0447358121330724
 20
6.18548196474397
 10
0.0532374852850732
 20
6.215529411764707
  0
LWPOLYLINE
  5
AF
330
17
100
AcDbEntity
  8
CONDUCTIVE_METASURFACE
100
AcDbPolyline
 90
5
 70
1
 10
5.647658683841949
 20
6.215529411764707
 10
5.636712328767123
 20
6.2207536960604015
 10
5.628434515969102
 20
6.215529411764707
 10
5.636712328767123
 20
6.185863287591444
 10
5.647658683841949
 20
6.215529411764707
  0
LWPOLYLINE
  5
B0
330
17
100
AcDbEntity
  8
CONDUCTIVE_METASURFACE
100
AcDbPolyline
 90
5
 70
1
 10
5.779421438318342
 20
6.215529411764707
 10
5.77091976516634
 20
6.220877049558287
 10
5.759739259835139
 20
6.215529411764707
 10
5.77091976516634
 20
6.18548196474397
 10
5.779421438318342
 20
6.215529411764707
  0
LWPOLYLINE
  5
B1
330
17
100
AcDbEntity
  8
CONDUCTIVE_METASURFACE
100
AcDbPolyline
 90
5
 70
1
 10
11.373842636875217
 20
6.215529411764707
 10
11.36289628180039
 20
6.2207536960604015
 10
11.35461846900237
 20
6.215529411764707
 10
11.36289628180039
 20
6.185863287591444
 10
11.373842636875217
 20
6.215529411764707
  0
LWPOLYLINE
  5
B2
330
17
100
AcDbEntity
  8
CONDUCTIVE_METASURFACE
100
AcDbPolyline
 90
5
 70
1
 10
11.50560539135161
 20
6.215529411764707
 10
11.49710371819961
 20
6.220877049558287
 10
11.485923212868407
 20
6.215529411764707
 10
11.49710371819961
 20
6.18548196474397
 10
11.50560539135161
 20
6.215529411764707
  0
LWPOLYLINE
  5
B3
330
17
100
AcDbEntity
  8
CONDUCTIVE_METASURFACE
100
AcDbPolyline
 90
5
 70
1
 10
17.100026589908484
 20
6.215529411764707
 10
17.08908023483366
 20
6.2207536960604015
 10
17.080802422035635
 20
6.215529411764707
 10
17.08908023483366
 20
6.185863287591444
 10
17.100026589908484
 20
6.215529411764707
  0
LWPOLYLINE
  5
B4
330
17
100
AcDbEntity
  8
CONDUCTIVE_METASURFACE
100
AcDbPolyline
 90
5
 70
1
 10
17.23178934438488
 20
6.215529411764707
 10
17.223287671232878
 20
6.220877049558287
 10
17.212107165901674
 20
6.215529411764707
 10
17.223287671232878
 20
6.18548196474397
 10
17.23178934438488
 20
6.215529411764707
  0
LWPOLYLINE
  5
B5
330
17
100
AcDbEntity
  8
CONDUCTIVE_METASURFACE
100
AcDbPolyline
 90
5
 70
1
 10
22.82621054294175
 20
6.215529411764707
 10
22.815264187866926
 20
6.2207536960604015
 10
22.806986375068906
 20
6.215529411764707
 10
22.815264187866926
 20
6.185863287591444
 10
22.82621054294175
 20
6.215529411764707
  0
LWPOLYLINE
  5
B6
330
17
100
AcDbEntity
  8
CONDUCTIVE_METASURFACE
100
AcDbPolyline
 90
13
 70
1
 10
0.5896138300834514
 20
5.5780392156862755
 10
0.6263013698630137
 20
5.5963139570236375
 10
0.63408754963718
 20
5.6178823529411765
 10
0.6263013698630137
 20
5.637115547376617
 10
0.6031999646527527
 20
5.6577254901960785
 10
0.5815655577299412
 20
5.664706092189718
 10
0.5570663736074989
 20
5.6577254901960785
 10
0.5368297455968688
 20
5.625246014347021
 10
0.5348312413904722
 20
5.6178823529411765
 10
0.5368297455968688
 20
5.606977747345387
 10
0.5694196345124146
 20
5.5780392156862755
 10
0.5815655577299412
 20
5.576279692600627
 10
0.5896138300834514
 20
5.5780392156862755
  0
LWPOLYLINE
  5
B7
330
17
100
AcDbEntity
  8
CONDUCTIVE_METASURFACE
100
AcDbPolyline
 90
13
 70
1
 10
5.1121263667760894
 20
5.5780392156862755
 10
5.144618395303326
 20
5.607064805494805
 10
5.14659398448816
 20
5.6178823529411765
 10
5.144618395303326
 20
5.625050393024655
 10
5.124099527950659
 20
5.6577254901960785
 10
5.099882583170254
 20
5.66466010278197
 10
5.078287641753965
 20
5.6577254901960785
 10
5.055146771037181
 20
5.637150588507936
 10
5.047308969966727
 20
5.6178823529411765
 10
5.055146771037181
 20
5.596062612262522
 10
5.091614599050224
 20
5.5780392156862755
 10
5.099882583170254
 20
5.576259261496395
 10
5.1121263667760894
 20
5.5780392156862755
  0
LWPOLYLINE
  5
B8
330
17
100
AcDbEntity
  8
CONDUCTIVE_METASURFACE
100
AcDbPolyline
 90
13
 70
1
 10
6.31579778311672
 20
5.5780392156862755
 10
6.352485322896281
 20
5.5963139570236375
 10
6.3602715026704475
 20
5.6178823529411765
 10
6.352485322896281
 20
5.637115547376617
 10
6.3293839176860205
 20
5.6577254901960785
 10
6.307749510763209
 20
5.664706092189718
 10
6.283250326640767
 20
5.6577254901960785
 10
6.263013698630137
 20
5.625246014347021
 10
6.261015194423741
 20
5.6178823529411765
 10
6.263013698630137
 20
5.606977747345387
 10
6.295603587545684
 20
5.5780392156862755
 10
6.307749510763209
 20
5.576279692600627
 10
6.31579778311672
 20
5.5780392156862755
  0
LWPOLYLINE
  5
B9
330
17
100
AcDbEntity
  8
CONDUCTIVE_METASURFACE
100
AcDbPolyline
 90
13
 70
1
 10
10.838310319809358
 20
5.5780392156862755
 10
10.870802348336595
 20
5.607064805494805
 10
10.872777937521429
 20
5.6178823529411765
 10
10.870802348336595
 20
5.625050393024655
 10
10.850283480983927
 20
5.6577254901960785
 10
10.826066536203522
 20
5.66466010278197
 10
10.804471594787232
 20
5.6577254901960785
 10
10.781330724070449
 20
5.637150588507936
 10
10.773492922999994
 20
5.6178823529411765
 10
10.781330724070449
 20
5.596062612262522
 10
10.817798552083492
 20
5.5780392156862755
 10
10.826066536203522
 20
5.576259261496395
 10
10.838310319809358
 20
5.5780392156862755
  0
LWPOLYLINE
  5
BA
330
17
100
AcDbEntity
  8
CONDUCTIVE_METASURFACE
100
AcDbPolyline
 90
13
 70
1
 10
12.041981736149989
 20
5.5780392156862755
 10
12.078669275929549
 20
5.5963139570236375
 10
12.086455455703716
 20
5.6178823529411765
 10
12.078669275929549
 20
5.637115547376617
 10
12.05556787071929
 20
5.6577254901960785
 10
12.033933463796478
 20
5.664706092189718
 10
12.009434279674034
 20
5.6577254901960785
 10
11.989197651663405
 20
5.625246014347021
 10
11.987199147457009
 20
5.6178823529411765
 10
11.989197651663405
 20
5.606977747345387
 10
12.02178754057895
 20
5.5780392156862755
 10
12.033933463796478
 20
5.576279692600627
 10
12.041981736149989
 20
5.5780392156862755
  0
LWPOLYLINE
  5
BB
330
17
100
AcDbEntity
  8
CONDUCTIVE_METASURFACE
100
AcDbPolyline
 90
13
 70
1
 10
16.564494272842623
 20
5.5780392156862755
 10
16.596986301369864
 20
5.607064805494805
 10
16.598961890554698
 20
5.6178823529411765
 10
16.596986301369864
 20
5.625050393024655
 10
16.576467434017193
 20
5.6577254901960785
 10
16.55225048923679
 20
5.66466010278197
 10
16.530655547820498
 20
5.6577254901960785
 10
16.507514677103718
 20
5.637150588507936
 10
16.499676876033263
 20
5.6178823529411765
 10
16.507514677103718
 20
5.596062612262522
 10
16.543982505116762
 20
5.5780392156862755
 10
16.55225048923679
 20
5.576259261496395
 10
16.564494272842623
 20
5.5780392156862755
  0
LWPOLYLINE
  5
BC
330
17
100
AcDbEntity
  8
CONDUCTIVE_METASURFACE
100
AcDbPolyline
 90
13
 70
1
 10
17.768165689183256
 20
5.5780392156862755
 10
17.804853228962816
 20
5.5963139570236375
 10
17.812639408736985
 20
5.6178823529411765
 10
17.804853228962816
 20
5.637115547376617
 10
17.781751823752558
 20
5.6577254901960785
 10
17.760117416829747
 20
5.664706092189718
 10
17.735618232707303
 20
5.6577254901960785
 10
17.71538160469667
 20
5.625246014347021
 10
17.713383100490276
 20
5.6178823529411765
 10
17.71538160469667
 20
5.606977747345387
 10
17.74797149361222
 20
5.5780392156862755
 10
17.760117416829747
 20
5.576279692600627
 10
17.768165689183256
 20
5.5780392156862755
  0
LWPOLYLINE
  5
BD
330
17
100
AcDbEntity
  8
CONDUCTIVE_METASURFACE
100
AcDbPolyline
 90
13
 70
1
 10
22.290678225875894
 20
5.5780392156862755
 10
22.32317025440313
 20
5.607064805494805
 10
22.325145843587965
 20
5.6178823529411765
 10
22.32317025440313
 20
5.625050393024655
 10
22.302651387050464
 20
5.6577254901960785
 10
22.278434442270058
 20
5.66466010278197
 10
22.25683950085377
 20
5.6577254901960785
 10
22.233698630136985
 20
5.637150588507936
 10
22.22586082906653
 20
5.6178823529411765
 10
22.233698630136985
 20
5.596062612262522
 10
22.27016645815003
 20
5.5780392156862755
 10
22.278434442270058
 20
5.576259261496395
 10
22.290678225875894
 20
5.5780392156862755
  0
LWPOLYLINE
  5
BE
330
17
100
AcDbEntity
  8
CONDUCTIVE_METASURFACE
100
AcDbPolyline
 90
5
 70
1
 10
1.2584685269408813
 20
5.139764705882353
 10
1.2526027397260273
 20
5.147137156475845
 10
1.2192937548787417
 20
5.139764705882353
 10
1.2526027397260273
 20
5.130015583954533
 10
1.2584685269408813
 20
5.139764705882353
  0
LWPOLYLINE
  5
BF
330
17
100
AcDbEntity
  8
CONDUCTIVE_METASURFACE
100
AcDbPolyline
 90
5
 70
1
 10
4.462582664087465
 20
5.139764705882353
 10
4.428845401174168
 20
5.14733658081036
 10
4.422841078392843
 20
5.139764705882353
 10
4.428845401174168
 20
5.129806986822458
 10
4.462582664087465
 20
5.139764705882353
  0
LWPOLYLINE
  5
C0
330
17
100
AcDbEntity
  8
CONDUCTIVE_METASURFACE
100
AcDbPolyline
 90
5
 70
1
 10
6.98465247997415
 20
5.139764705882353
 10
6.978786692759295
 20
5.147137156475845
 10
6.945477707912009
 20
5.139764705882353
 10
6.978786692759295
 20
5.130015583954533
 10
6.98465247997415
 20
5.139764705882353
  0
LWPOLYLINE
  5
C1
330
17
100
AcDbEntity
  8
CONDUCTIVE_METASURFACE
100
AcDbPolyline
 90
5
 70
1
 10
10.188766617120733
 20
5.139764705882353
 10
10.155029354207436
 20
5.14733658081036
 10
10.14902503142611
 20
5.139764705882353
 10
10.155029354207436
 20
5.129806986822458
 10
10.188766617120733
 20
5.139764705882353
  0
LWPOLYLINE
  5
C2
330
17
100
AcDbEntity
  8
CONDUCTIVE_METASURFACE
100
AcDbPolyline
 90
5
 70
1
 10
12.710836433007417
 20
5.139764705882353
 10
12.704970645792562
 20
5.147137156475845
 10
12.67166166094528
 20
5.139764705882353
 10
12.704970645792562
 20
5.130015583954533
 10
12.710836433007417
 20
5.139764705882353
  0
LWPOLYLINE
  5
C3
330
17
100
AcDbEntity
  8
CONDUCTIVE_METASURFACE
100
AcDbPolyline
 90
5
 70
1
 10
15.914950570154001
 20
5.139764705882353
 10
15.881213307240705
 20
5.14733658081036
 10
15.87520898445938
 20
5.139764705882353
 10
15.881213307240705
 20
5.129806986822458
 10
15.914950570154001
 20
5.139764705882353
  0
LWPOLYLINE
  5
C4
330
17
100
AcDbEntity
  8
CONDUCTIVE_METASURFACE
100
AcDbPolyline
 90
5
 70
1
 10
18.437020386040686
 20
5.139764705882353
 10
18.43115459882583
 20
5.147137156475845
 10
18.397845613978546
 20
5.139764705882353
 10
18.43115459882583
 20
5.130015583954533
 10
18.437020386040686
 20
5.139764705882353
  0
LWPOLYLINE
  5
C5
330
17
100
AcDbEntity
  8
CONDUCTIVE_METASURFACE
100
AcDbPolyline
 90
5
 70
1
 10
21.641134523187272
 20
5.139764705882353
 10
21.607397260273974
 20
5.14733658081036
 10
21.601392937492648
 20
5.139764705882353
 10
21.607397260273974
 20
5.129806986822458
 10
21.641134523187272
 20
5.139764705882353
  0
LWPOLYLINE
  5
C6
330
17
100
AcDbEntity
  8
CONDUCTIVE_METASURFACE
100
AcDbPolyline
 90
5
 70
1
 10
1.2586070876208855
 20
5.020235294117647
 10
1.2526027397260273
 20
5.030193045443372
 10
1.2188653674944445
 20
5.020235294117647
 10
1.2526027397260273
 20
5.012663400871553
 10
1.2586070876208855
 20
5.020235294117647
  0
LWPOLYLINE
  5
C7
330
17
100
AcDbEntity
  8
CONDUCTIVE_METASURFACE
100
AcDbPolyline
 90
5
 70
1
 10
4.462154460525849
 20
5.020235294117647
 10
4.428845401174168
 20
5.029984459419297
 10
4.422979581085087
 20
5.020235294117647
 10
4.428845401174168
 20
5.012862819342956
 10
4.462154460525849
 20
5.020235294117647
  0
LWPOLYLINE
  5
C8
330
17
100
AcDbEntity
  8
CONDUCTIVE_METASURFACE
100
AcDbPolyline
 90
5
 70
1
 10
6.984791040654154
 20
5.020235294117647
 10
6.978786692759295
 20
5.030193045443372
 10
6.945049320527713
 20
5.020235294117647
 10
6.978786692759295
 20
5.012663400871553
 10
6.984791040654154
 20
5.020235294117647
  0
LWPOLYLINE
  5
C9
330
17
100
AcDbEntity
  8
CONDUCTIVE_METASURFACE
100
AcDbPolyline
 90
5
 70
1
 10
10.18833841355912
 20
5.020235294117647
 10
10.155029354207436
 20
5.029984459419297
 10
10.149163534118355
 20
5.020235294117647
 10
10.155029354207436
 20
5.012862819342956
 10
10.18833841355912
 20
5.020235294117647
  0
LWPOLYLINE
  5
CA
330
17
100
AcDbEntity
  8
CONDUCTIVE_METASURFACE
100
AcDbPolyline
 90
5
 70
1
 10
12.71097499368742
 20
5.020235294117647
 10
12.704970645792562
 20
5.030193045443372
 10
12.671233273560983
 20
5.020235294117647
 10
12.704970645792562
 20
5.012663400871553
 10
12.71097499368742
 20
5.020235294117647
  0
LWPOLYLINE
  5
CB
330
17
100
AcDbEntity
  8
CONDUCTIVE_METASURFACE
100
AcDbPolyline
 90
5
 70
1
 10
15.914522366592385
 20
5.020235294117647
 10
15.881213307240705
 20
5.029984459419297
 10
15.875347487151625
 20
5.020235294117647
 10
15.881213307240705
 20
5.012862819342956
 10
15.914522366592385
 20
5.020235294117647
  0
LWPOLYLINE
  5
CC
330
17
100
AcDbEntity
  8
CONDUCTIVE_METASURFACE
100
AcDbPolyline
 90
5
 70
1
 10
18.43715894672069
 20
5.020235294117647
 10
18.43115459882583
 20
5.030193045443372
 10
18.39741722659425
 20
5.020235294117647
 10
18.43115459882583
 20
5.012663400871553
 10
18.43715894672069
 20
5.020235294117647
  0
LWPOLYLINE
  5
CD
330
17
100
AcDbEntity
  8
CONDUCTIVE_METASURFACE
100
AcDbPolyline
 90
5
 70
1
 10
21.640706319625654
 20
5.020235294117647
 10
21.607397260273974
 20
5.029984459419297
 10
21.601531440184893
 20
5.020235294117647
 10
21.607397260273974
 20
5.012862819342956
 10
21.640706319625654
 20
5.020235294117647
  0
LWPOLYLINE
  5
CE
330
17
100
AcDbEntity
  8
CONDUCTIVE_METASURFACE
100
AcDbPolyline
 90
13
 70
1
 10
0.6031605909010248
 20
4.502274509803922
 10
0.6263013698630137
 20
4.5228493101039655
 10
0.6341392128115073
 20
4.542117647058824
 10
0.6263013698630137
 20
4.563937493472376
 10
0.5898337475133777
 20
4.581960784313725
 10
0.5815655577299412
 20
4.583740780633115
 10
0.5693214753848544
 20
4.581960784313725
 10
0.5368297455968688
 20
4.5529353268345565
 10
0.5348541391380122
 20
4.542117647058824
 10
0.5368297455968688
 20
4.534949551545132
 10
0.5573485634829985
 20
4.502274509803922
 10
0.5815655577299412
 20
4.495339869695775
 10
0.6031605909010248
 20
4.502274509803922
  0
LWPOLYLINE
  5
CF
330
17
100
AcDbEntity
  8
CONDUCTIVE_METASURFACE
100
AcDbPolyline
 90
217
 70
1
 10
0.6208915566826765
 20
2.9882352941176467
 10
0.6263013698630137
 20
2.995274648815062
 10
0.6582308439003047
 20
3.0280784313725495
 10
0.6519579875102578
 20
3.0679215686274515
 10
0.6607049504125243
 20
3.1077647058823534
 10
0.6710371819960861
 20
3.126325877773135
 10
0.7157729941291584
 20
3.1409404727880665
 10
0.7368735561229729
 20
3.147607843137255
 10
0.7605088062622308
 20
3.158022597612853
 10
0.8052446183953033
 20
3.1640406140306045
 10
0.8499804305283757
 20
3.1633989049147093
 10
0.8928473887614238
 20
3.147607843137255
 10
0.8947162426614481
 20
3.147065736797055
 10
0.9394520547945204
 20
3.1394611999047366
 10
0.9642465817571109
 20
3.147607843137255
 10
0.9841878669275929
 20
3.168744290072548
 10
0.9973171681945371
 20
3.187450980392157
 10
1.010500548041321
 20
3.227294117647059
 10
1.0289236790606653
 20
3.2435117156086815
 10
1.0625892580230298
 20
3.227294117647059
 10
1.0736594911937376
 20
3.2212397024641497
 10
1.082785549844995
 20
3.227294117647059
 10
1.1183953033268101
 20
3.254712254599549
 10
1.1307412945979007
 20
3.2671372549019604
 10
1.1183953033268101
 20
3.295258198977678
 10
1.1140147011866295
 20
3.3069803921568623
 10
1.1084013659387006
 20
3.346823529411765
 10
1.0859817410083152
 20
3.386666666666667
 10
1.0736594911937376
 20
3.4174829658246324
 10
1.070945311076084
 20
3.426509803921569
 10
1.063331016481239
 20
3.4663529411764706
 10
1.0736594911937376
 20
3.482711301364922
 10
1.1183953033268101
 20
3.495078708056531
 10
1.1631311154598825
 20
3.47733633429621
 10
1.1666856597462738
 20
3.4663529411764706
 10
1.1817233478759652
 20
3.426509803921569
 10
1.207866927592955
 20
3.402315354569186
 10
1.2526027397260273
 20
3.409149563811223
 10
1.2973385518590996
 20
3.410637409669022
 10
1.3420743639921722
 20
3.4118424414484823
 10
1.3621531772790656
 20
3.426509803921569
 10
1.3797656713898496
 20
3.4663529411764706
 10
1.3868101761252445
 20
3.4799814459000817
 10
1.4204595487521372
 20
3.5061960784313726
 10
1.4315459882583168
 20
3.544580792876613
 10
1.4318762720179306
 20
3.5460392156862746
 10
1.4449643335741862
 20
3.585882352941176
 10
1.4762818003913893
 20
3.6243981159062004
 10
1.4819375040327196
 20
3.625725490196078
 10
1.5210176125244617
 20
3.638808129181963
 10
1.5364074023507968
 20
3.665568627450981
 10
1.5657534246575342
 20
3.6918688026268844
 10
1.5952572582803017
 20
3.705411764705883
 10
1.6104892367906065
 20
3.7434832525676294
 10
1.610982975482875
 20
3.745254901960785
 10
1.6552250489236788
 20
3.77360247817216
 10
1.6996359761811684
 20
3.7850980392156863
 10
1.6999608610567514
 20
3.7854193092133324
 10
1.7446966731898237
 20
3.7953935179912346
 10
1.773900967706115
 20
3.8249411764705883
 10
1.7894324853228962
 20
3.831288460809461
 10
1.8341682974559685
 20
3.846841303608964
 10
1.8506837250343333
 20
3.8647843137254903
 10
1.8519926502465272
 20
3.9046274509803918
 10
1.853948044064971
 20
3.9444705882352937
 10
1.861912023126346
 20
3.9843137254901966
 10
1.8341682974559685
 20
4.007853378366975
 10
1.7894324853228962
 20
4.021412303812297
 10
1.7788124466929498
 20
4.024156862745098
 10
1.757498802785914
 20
4.064
 10
1.7712418829310848
 20
4.103843137254902
 10
1.7894324853228962
 20
4.1129910271316605
 10
1.8341682974559685
 20
4.106165139278861
 10
1.8439218298508435
 20
4.103843137254902
 10
1.8789041095890409
 20
4.0927707737230685
 10
1.9236399217221134
 20
4.072797528346013
 10
1.9683757338551857
 20
4.067891817353127
 10
1.9814988098405044
 20
4.064
 10
2.013111545988258
 20
4.052982124741477
 10
2.0270782362868354
 20
4.064
 10
2.0578473581213306
 20
4.095599706788637
 10
2.064789589502782
 20
4.103843137254902
 10
2.0578473581213306
 20
4.113928139813276
 10
2.0398324559343712
 20
4.143686274509804
 10
2.0578473581213306
 20
4.159911245353844
 10
2.102583170254403
 20
4.171674218632854
 10
2.1239406053339054
 20
4.183529411764706
 10
2.147318982387475
 20
4.200881220615877
 10
2.156683835036577
 20
4.223372549019608
 10
2.148414470706605
 20
4.263215686274509
 10
2.147318982387475
 20
4.26622494131312
 10
2.130148847327265
 20
4.303058823529413
 10
2.1294204103047685
 20
4.342901960784314
 10
2.136396988914386
 20
4.382745098039216
 10
2.147318982387475
 20
4.402525572347679
 10
2.1552314821097753
 20
4.422588235294118
 10
2.1720379609548104
 20
4.46243137254902
 10
2.1920547945205477
 20
4.471220952484339
 10
2.2367906066536203
 20
4.478870003420976
 10
2.2815264187866924
 20
4.472849656847711
 10
2.319095245079158
 20
4.502274509803922
 10
2.326262230919765
 20
4.50669705863079
 10
2.346992365162144
 20
4.542117647058824
 10
2.340754378923347
 20
4.581960784313725
 10
2.326262230919765
 20
4.598312475682876
 10
2.2815264187866924
 20
4.604140450910189
 10
2.2367906066536203
 20
4.599258966059763
 10
2.1920547945205477
 20
4.587781211865453
 10
2.1873138688364246
 20
4.581960784313725
 10
2.147318982387475
 20
4.546862286701921
 10
2.102583170254403
 20
4.54552128157963
 10
2.0978816211449205
 20
4.542117647058824
 10
2.102583170254403
 20
4.520426920848673
 10
2.1076664747369573
 20
4.502274509803922
 10
2.102583170254403
 20
4.49546952910153
 10
2.0578473581213306
 20
4.479172055439344
 10
2.013111545988258
 20
4.485282253569283
 10
1.9701819987011813
 20
4.502274509803922
 10
1.9683757338551857
 20
4.504199970861347
 10
1.9236399217221134
 20
4.51485419515867
 10
1.8911675014776033
 20
4.502274509803922
 10
1.8789041095890409
 20
4.495458239763053
 10
1.8341682974559685
 20
4.469406306831116
 10
1.8247694843752025
 20
4.46243137254902
 10
1.81271281366623
 20
4.422588235294118
 10
1.7894324853228962
 20
4.384496458693523
 10
1.7887641794184508
 20
4.382745098039216
 10
1.7850590354824818
 20
4.342901960784314
 10
1.7894324853228962
 20
4.324630651338036
 10
1.7933643464047397
 20
4.303058823529413
 10
1.7894324853228962
 20
4.2963843448189705
 10
1.7676332130348742
 20
4.263215686274509
 10
1.7446966731898237
 20
4.24221299737489
 10
1.6999608610567514
 20
4.239343407308374
 10
1.6552250489236788
 20
4.256967968307894
 10
1.6104892367906065
 20
4.259405845880001
 10
1.5657534246575342
 20
4.249713186932421
 10
1.5210176125244617
 20
4.231566373408737
 10
1.5147315602765234
 20
4.223372549019608
 10
1.4918852530470434
 20
4.183529411764706
 10
1.5210176125244617
 20
4.143898575426171
 10
1.5212021101637492
 20
4.143686274509804
 10
1.5657534246575342
 20
4.114205551363763
 10
1.6104892367906065
 20
4.124641846554548
 10
1.6552250489236788
 20
4.133258463389431
 10
1.6773343860338117
 20
4.103843137254902
 10
1.6552250489236788
 20
4.0682983033102005
 10
1.6104892367906065
 20
4.0690110413598015
 10
1.6061907150798924
 20
4.064
 10
1.5828928731984047
 20
4.024156862745098
 10
1.575585481326385
 20
3.9843137254901966
 10
1.5657534246575342
 20
3.9735163014990267
 10
1.5210176125244617
 20
3.9477722504564983
 10
1.5184640189471634
 20
3.9444705882352937
 10
1.4762818003913893
 20
3.9232702591035458
 10
1.4315459882583168
 20
3.9156026332164906
 10
1.3868101761252445
 20
3.9114904446071574
 10
1.3420743639921722
 20
3.90629039816631
 10
1.3316737495792006
 20
3.9046274509803918
 10
1.2973385518590996
 20
3.872719606330694
 10
1.2957992599639137
 20
3.8647843137254903
 10
1.2901709418669516
 20
3.8249411764705883
 10
1.285263343450959
 20
3.7850980392156863
 10
1.27645970884433
 20
3.745254901960785
 10
1.2526027397260273
 20
3.7078824545924163
 10
1.248537107434704
 20
3.705411764705883
 10
1.2197727644047005
 20
3.665568627450981
 10
1.207866927592955
 20
3.656840207027219
 10
1.1631311154598825
 20
3.650146910561882
 10
1.1183953033268101
 20
3.6293502462188463
 10
1.1129813041519676
 20
3.625725490196078
 10
1.1137917857439064
 20
3.585882352941176
 10
1.0736594911937376
 20
3.5663048660581858
 10
1.041422828493036
 20
3.585882352941176
 10
1.0507020542559642
 20
3.625725490196078
 10
1.0621615036434007
 20
3.665568627450981
 10
1.0290754755177198
 20
3.705411764705883
 10
1.0289236790606653
 20
3.705553512461978
 10
0.9841878669275929
 20
3.731721636819941
 10
0.9394520547945204
 20
3.711202725194611
 10
0.9299735907779371
 20
3.705411764705883
 10
0.9097233972323843
 20
3.665568627450981
 10
0.8984321181944754
 20
3.625725490196078
 10
0.900276012888429
 20
3.585882352941176
 10
0.9207920332200401
 20
3.5460392156862746
 10
0.9178132996611577
 20
3.5061960784313726
 10
0.8947162426614481
 20
3.4860703869415213
 10
0.8573278968720367
 20
3.4663529411764706
 10
0.8499804305283757
 20
3.462911513780929
 10
0.8266142533833578
 20
3.4663529411764706
 10
0.8052446183953033
 20
3.470502881598516
 10
0.7605088062622308
 20
3.4672917260341407
 10
0.7573898416666491
 20
3.4663529411764706
 10
0.7157729941291584
 20
3.446249404163471
 10
0.6710371819960861
 20
3.4354347539248464
 10
0.6627099518754132
 20
3.426509803921569
 10
0.6336800014940155
 20
3.386666666666667
 10
0.6263013698630137
 20
3.376101583805582
 10
0.6118900134750626
 20
3.346823529411765
 10
0.6238530192391876
 20
3.3069803921568623
 10
0.6263013698630137
 20
3.3051719999855407
 10
0.6453218065904169
 20
3.2671372549019604
 10
0.6522343321334146
 20
3.227294117647059
 10
0.6340775972970485
 20
3.187450980392157
 10
0.6263013698630137
 20
3.1828455955577244
 10
0.6059721493490914
 20
3.187450980392157
 10
0.5815655577299412
 20
3.1917284402756327
 10
0.5776806361942871
 20
3.187450980392157
 10
0.5763227777227935
 20
3.147607843137255
 10
0.5368297455968688
 20
3.1118190779716244
 10
0.5305989121595316
 20
3.1077647058823534
 10
0.5178322226330793
 20
3.0679215686274515
 10
0.5125178775786184
 20
3.0280784313725495
 10
0.5186896758191829
 20
2.9882352941176467
 10
0.5368297455968688
 20
2.9753482698008766
 10
0.5815655577299412
 20
2.9697478748157935
 10
0.6208915566826765
 20
2.9882352941176467
  0
LWPOLYLINE
  5
D0
330
17
100
AcDbEntity
  8
CONDUCTIVE_METASURFACE
100
AcDbPolyline
 90
217
 70
1
 10
5.162977979480072
 20
2.9882352941176467
 10
5.169521609673019
 20
3.0280784313725495
 10
5.164040698025404
 20
3.0679215686274515
 10
5.151153481520061
 20
3.1077647058823534
 10
5.144618395303326
 20
3.1119870762900055
 10
5.105209862406607
 20
3.147607843137255
 10
5.103704219146317
 20
3.187450980392157
 10
5.099882583170254
 20
3.191638380689347
 10
5.075527807680151
 20
3.187450980392157
 10
5.055146771037181
 20
3.1829237493586118
 10
5.047506362298088
 20
3.187450980392157
 10
5.029207435289643
 20
3.227294117647059
 10
5.036067958552108
 20
3.2671372549019604
 10
5.055146771037181
 20
3.3053715220322544
 10
5.057308880329991
 20
3.3069803921568623
 10
5.069271329487907
 20
3.346823529411765
 10
5.055146771037181
 20
3.375744723483576
 10
5.047493612680999
 20
3.386666666666667
 10
5.018242493116318
 20
3.426509803921569
 10
5.010410958904109
 20
3.4348807652695927
 10
4.965675146771037
 20
3.4456188126555976
 10
4.922905903636608
 20
3.4663529411764706
 10
4.920939334637964
 20
3.466948198760232
 10
4.876203522504892
 20
3.470248160796331
 10
4.855688136491197
 20
3.4663529411764706
 10
4.83146771037182
 20
3.46285114747459
 10
4.8239737081304375
 20
3.4663529411764706
 10
4.786731898238747
 20
3.4857680987922395
 10
4.763150133190478
 20
3.5061960784313726
 10
4.759928172903499
 20
3.5460392156862746
 10
4.779717081399541
 20
3.585882352941176
 10
4.782454206026432
 20
3.625725490196078
 10
4.771571280457772
 20
3.665568627450981
 10
4.751196022615532
 20
3.705411764705883
 10
4.741996086105675
 20
3.711010265192085
 10
4.697260273972602
 20
3.731357919338243
 10
4.6527629638595105
 20
3.705411764705883
 10
4.65252446183953
 20
3.7052473550751532
 10
4.619423569316486
 20
3.665568627450981
 10
4.631141415808829
 20
3.625725490196078
 10
4.6408161139671025
 20
3.585882352941176
 10
4.607788649706458
 20
3.566191089612247
 10
4.567878947097674
 20
3.585882352941176
 10
4.568679172016861
 20
3.625725490196078
 10
4.563052837573385
 20
3.629553847598945
 10
4.518317025440313
 20
3.6503037041668636
 10
4.473581213307241
 20
3.656811867821296
 10
4.461457828488449
 20
3.665568627450981
 10
4.432552455996179
 20
3.705411764705883
 10
4.428845401174168
 20
3.7076860541225756
 10
4.40504171520132
 20
3.745254901960785
 10
4.39643257771793
 20
3.7850980392156863
 10
4.391815381613995
 20
3.8249411764705883
 10
4.385976773888152
 20
3.8647843137254903
 10
4.3841095890410955
 20
3.8740476284076815
 10
4.348283638147907
 20
3.9046274509803918
 10
4.339373776908023
 20
3.9059984043262683
 10
4.29463796477495
 20
3.911011195631516
 10
4.249902152641878
 20
3.915382073266716
 10
4.205166340508806
 20
3.923222886550999
 10
4.1632047769337
 20
3.9444705882352937
 10
4.160430528375733
 20
3.9480917785594327
 10
4.115694716242661
 20
3.9737101319276444
 10
4.105894561644691
 20
3.9843137254901966
 10
4.098379283053631
 20
4.024156862745098
 10
4.075028857237512
 20
4.064
 10
4.070958904109589
 20
4.068821965819799
 10
4.026223091976516
 20
4.068100173544855
 10
4.004241567704462
 20
4.103843137254902
 10
4.026223091976516
 20
4.1325541199907505
 10
4.070958904109589
 20
4.124289731718893
 10
4.115694716242661
 20
4.114083573010907
 10
4.160430528375733
 20
4.14355102161935
 10
4.160589750705559
 20
4.143686274509804
 10
4.189971260202056
 20
4.183529411764706
 10
4.166932648779548
 20
4.223372549019608
 10
4.160430528375733
 20
4.231814426349945
 10
4.115694716242661
 20
4.2498498437341095
 10
4.070958904109589
 20
4.25990620932919
 10
4.026223091976516
 20
4.258264012112542
 10
3.981487279843444
 20
4.239991759761779
 10
3.9367514677103714
 20
4.242644736682144
 10
3.9141544153972556
 20
4.263215686274509
 10
3.892015655577299
 20
4.2965149573090775
 10
3.8881516311059245
 20
4.303058823529413
 10
3.892015655577299
 20
4.323869474915327
 10
3.896675203170278
 20
4.342901960784314
 10
3.8930697566564545
 20
4.382745098039216
 10
3.892015655577299
 20
4.385523037624827
 10
3.8694434996497833
 20
4.422588235294118
 10
3.8573008286817947
 20
4.46243137254902
 10
3.847279843444227
 20
4.469847909615176
 10
3.8025440313111543
 20
4.49570287456377
 10
3.790681598329439
 20
4.502274509803922
 10
3.7578082191780817
 20
4.515109783977448
 10
3.7130724070450096
 20
4.50445513834493
 10
3.7110419026003623
 20
4.502274509803922
 10
3.668336594911937
 20
4.485334336306512
 10
3.6236007827788645
 20
4.4791778656663865
 10
3.5788649706457925
 20
4.495348866978334
 10
3.5736941157411213
 20
4.502274509803922
 10
3.5788649706457925
 20
4.520379947865666
 10
3.583667829384297
 20
4.542117647058824
 10
3.5788649706457925
 20
4.545577777397378
 10
3.53412915851272
 20
4.5467870881044075
 10
3.493945694574547
 20
4.581960784313725
 10
3.4893933463796474
 20
4.587510289320954
 10
3.4446575342465753
 20
4.598880643268608
 10
3.3999217221135027
 20
4.603613791575592
 10
3.35518590998043
 20
4.598116955316918
 10
3.340716337466855
 20
4.581960784313725
 10
3.3344282492595476
 20
4.542117647058824
 10
3.35518590998043
 20
4.507092661670071
 10
3.363089691979071
 20
4.502274509803922
 10
3.3999217221135027
 20
4.4738370748414615
 10
3.4446575342465753
 20
4.479423942301495
 10
3.4893933463796474
 20
4.47163359249217
 10
3.5102338119374346
 20
4.46243137254902
 10
3.5266430859848574
 20
4.422588235294118
 10
3.53412915851272
 20
4.403795522798828
 10
3.54582286919033
 20
4.382745098039216
 10
3.5525798945097593
 20
4.342901960784314
 10
3.5518593726301635
 20
4.303058823529413
 10
3.53412915851272
 20
4.264880025082859
 10
3.533520526019148
 20
4.263215686274509
 10
3.524982142650806
 20
4.223372549019608
 10
3.53412915851272
 20
4.201289818777292
 10
3.557861207811274
 20
4.183529411764706
 10
3.5788649706457925
 20
4.171836074101934
 10
3.6236007827788645
 20
4.160094520652478
 10
3.641809902722213
 20
4.143686274509804
 10
3.6236007827788645
 20
4.113702566456893
 10
3.616802956986581
 20
4.103843137254902
 10
3.6236007827788645
 20
4.095715250292866
 10
3.654385896489615
 20
4.064
 10
3.668336594911937
 20
4.053004329016955
 10
3.699910603048355
 20
4.064
 10
3.7130724070450096
 20
4.067901544620911
 10
3.7578082191780817
 20
4.072900914549153
 10
3.8025440313111543
 20
4.092868542455515
 10
3.8371445781303626
 20
4.103843137254902
 10
3.847279843444227
 20
4.1062604549570905
 10
3.892015655577299
 20
4.113041988725776
 10
3.9103827664836026
 20
4.103843137254902
 10
3.9242688489288797
 20
4.064
 10
3.9043477036085608
 20
4.024156862745098
 10
3.892015655577299
 20
4.02099109331582
 10
3.847279843444227
 20
4.0075980406484435
 10
3.8201143461570948
 20
3.9843137254901966
 10
3.8277877860014358
 20
3.9444705882352937
 10
3.829458337635196
 20
3.9046274509803918
 10
3.8308113589458266
 20
3.8647843137254903
 10
3.847279843444227
 20
3.8469014963045547
 10
3.892015655577299
 20
3.8312152634060292
 10
3.9073177666332475
 20
3.8249411764705883
 10
3.9367514677103714
 20
3.7949719490124254
 10
3.979849810218079
 20
3.7850980392156863
 10
3.981487279843444
 20
3.7848038874974472
 10
4.026223091976516
 20
3.7731471752238543
 10
4.069468531234042
 20
3.745254901960785
 10
4.070958904109589
 20
3.7402177744663874
 10
4.085648120997881
 20
3.705411764705883
 10
4.115694716242661
 20
3.6917051444222757
 10
4.145224463554019
 20
3.665568627450981
 10
4.160430528375733
 20
3.639291386585406
 10
4.20317683545446
 20
3.625725490196078
 10
4.205166340508806
 20
3.6252856887172618
 10
4.236994894482851
 20
3.585882352941176
 10
4.249902152641878
 20
3.546328418095813
 10
4.250262690226192
 20
3.5460392156862746
 10
4.2614619679673895
 20
3.5061960784313726
 10
4.29463796477495
 20
3.4801859198613982
 10
4.301764749721312
 20
3.4663529411764706
 10
4.319227467188574
 20
3.426509803921569
 10
4.339373776908023
 20
3.411800697629602
 10
4.3841095890410955
 20
3.41063491368804
 10
4.428845401174168
 20
3.4088933957955576
 10
4.473581213307241
 20
3.401800412829024
 10
4.500011515910355
 20
3.426509803921569
 10
4.515235439648647
 20
3.4663529411764706
 10
4.518317025440313
 20
3.4758114460175813
 10
4.563052837573385
 20
3.49479409963374
 10
4.607788649706458
 20
3.482554037201974
 10
4.6180598686379115
 20
3.4663529411764706
 10
4.6103957693064235
 20
3.426509803921569
 10
4.607788649706458
 20
3.417823043862201
 10
4.595356636513528
 20
3.386666666666667
 10
4.57293070547498
 20
3.346823529411765
 10
4.567422568908642
 20
3.3069803921568623
 10
4.563052837573385
 20
3.29529252871451
 10
4.550682012105292
 20
3.2671372549019604
 10
4.563052837573385
 20
3.254698120143322
 10
4.5985330306788965
 20
3.227294117647059
 10
4.607788649706458
 20
3.221111205302776
 10
4.61911197203641
 20
3.227294117647059
 10
4.65252446183953
 20
3.2433387899546786
 10
4.670741880172231
 20
3.227294117647059
 10
4.683949321410225
 20
3.187450980392157
 10
4.697260273972602
 20
3.1684294314741805
 10
4.716742912266044
 20
3.147607843137255
 10
4.741996086105675
 20
3.139267221381939
 10
4.786731898238747
 20
3.146632176288646
 10
4.790110655105007
 20
3.147607843137255
 10
4.83146771037182
 20
3.1629001113496322
 10
4.876203522504892
 20
3.1635488738896402
 10
4.920939334637964
 20
3.157335299968232
 10
4.943148833265811
 20
3.147607843137255
 10
4.965675146771037
 20
3.1405607367026045
 10
5.010410958904109
 20
3.125592354386065
 10
5.020279922390314
 20
3.1077647058823534
 10
5.028868297928583
 20
3.0679215686274515
 10
5.022108671540945
 20
3.0280784313725495
 10
5.055146771037181
 20
2.9946184932026636
 10
5.060112447207091
 20
2.9882352941176467
 10
5.099882583170254
 20
2.9697724052922023
 10
5.144618395303326
 20
2.9753281689317768
 10
5.162977979480072
 20
2.9882352941176467
  0
LWPOLYLINE
  5
D1
330
17
100
AcDbEntity
  8
CONDUCTIVE_METASURFACE
100
AcDbPolyline
 90
13
 70
1
 10
5.124381733274903
 20
4.502274509803922
 10
5.144618395303326
 20
4.53475390211079
 10
5.146616930731183
 20
4.542117647058824
 10
5.144618395303326
 20
4.553022426893045
 10
5.112028629130421
 20
4.581960784313725
 10
5.099882583170254
 20
4.583720320169459
 10
5.091834249057001
 20
4.581960784313725
 10
5.055146771037181
 20
4.563686091828837
 10
5.0473605725903266
 20
4.542117647058824
 10
5.055146771037181
 20
4.522884469226841
 10
5.0782482445021735
 20
4.502274509803922
 10
5.099882583170254
 20
4.4952939184294065
 10
5.124381733274903
 20
4.502274509803922
  0
LWPOLYLINE
  5
D2
330
17
100
AcDbEntity
  8
CONDUCTIVE_METASURFACE
100
AcDbPolyline
 90
13
 70
1
 10
6.329344543934293
 20
4.502274509803922
 10
6.352485322896281
 20
4.5228493101039655
 10
6.360323165844776
 20
4.542117647058824
 10
6.352485322896281
 20
4.563937493472376
 10
6.316017700546646
 20
4.581960784313725
 10
6.307749510763209
 20
4.583740780633115
 10
6.295505428418122
 20
4.581960784313725
 10
6.263013698630137
 20
4.5529353268345565
 10
6.26103809217128
 20
4.542117647058824
 10
6.263013698630137
 20
4.534949551545132
 10
6.283532516516266
 20
4.502274509803922
 10
6.307749510763209
 20
4.495339869695775
 10
6.329344543934293
 20
4.502274509803922
  0
LWPOLYLINE
  5
D3
330
17
100
AcDbEntity
  8
CONDUCTIVE_METASURFACE
100
AcDbPolyline
 90
217
 70
1
 10
6.347075509715945
 20
2.9882352941176467
 10
6.352485322896281
 20
2.995274648815062
 10
6.384414796933572
 20
3.0280784313725495
 10
6.378141940543526
 20
3.0679215686274515
 10
6.386888903445794
 20
3.1077647058823534
 10
6.397221135029354
 20
3.126325877773135
 10
6.441956947162426
 20
3.1409404727880665
 10
6.463057509156242
 20
3.147607843137255
 10
6.486692759295498
 20
3.158022597612853
 10
6.531428571428571
 20
3.1640406140306045
 10
6.576164383561643
 20
3.1633989049147093
 10
6.619031341794692
 20
3.147607843137255
 10
6.620900195694715
 20
3.147065736797055
 10
6.665636007827788
 20
3.1394611999047366
 10
6.690430534790378
 20
3.147607843137255
 10
6.71037181996086
 20
3.168744290072548
 10
6.723501121227804
 20
3.187450980392157
 10
6.736684501074589
 20
3.227294117647059
 10
6.7551076320939325
 20
3.2435117156086815
 10
6.788773211056299
 20
3.227294117647059
 10
6.7998434442270055
 20
3.2212397024641497
 10
6.808969502878262
 20
3.227294117647059
 10
6.844579256360078
 20
3.254712254599549
 10
6.856925247631168
 20
3.2671372549019604
 10
6.844579256360078
 20
3.295258198977678
 10
6.840198654219897
 20
3.3069803921568623
 10
6.8345853189719685
 20
3.346823529411765
 10
6.8121656940415845
 20
3.386666666666667
 10
6.7998434442270055
 20
3.4174829658246324
 10
6.797129264109353
 20
3.426509803921569
 10
6.789514969514507
 20
3.4663529411764706
 10
6.7998434442270055
 20
3.482711301364922
 10
6.844579256360078
 20
3.495078708056531
 10
6.889315068493151
 20
3.47733633429621
 10
6.892869612779542
 20
3.4663529411764706
 10
6.907907300909233
 20
3.426509803921569
 10
6.934050880626223
 20
3.402315354569186
 10
6.978786692759295
 20
3.409149563811223
 10
7.023522504892368
 20
3.410637409669022
 10
7.06825831702544
 20
3.4118424414484823
 10
7.0883371303123335
 20
3.426509803921569
 10
7.1059496244231175
 20
3.4663529411764706
 10
7.112994129158512
 20
3.4799814459000817
 10
7.146643501785405
 20
3.5061960784313726
 10
7.157729941291585
 20
3.544580792876613
 10
7.158060225051199
 20
3.5460392156862746
 10
7.171148286607455
 20
3.585882352941176
 10
7.202465753424657
 20
3.6243981159062004
 10
7.208121457065987
 20
3.625725490196078
 10
7.247201565557729
 20
3.638808129181963
 10
7.262591355384064
 20
3.665568627450981
 10
7.291937377690802
 20
3.6918688026268844
 10
7.321441211313569
 20
3.705411764705883
 10
7.336673189823874
 20
3.7434832525676294
 10
7.337166928516143
 20
3.745254901960785
 10
7.381409001956946
 20
3.77360247817216
 10
7.425819929214436
 20
3.7850980392156863
 10
7.426144814090019
 20
3.7854193092133324
 10
7.470880626223091
 20
3.7953935179912346
 10
7.500084920739382
 20
3.8249411764705883
 10
7.515616438356163
 20
3.831288460809461
 10
7.560352250489236
 20
3.846841303608964
 10
7.576867678067601
 20
3.8647843137254903
 10
7.578176603279796
 20
3.9046274509803918
 10
7.580131997098239
 20
3.9444705882352937
 10
7.5880959761596145
 20
3.9843137254901966
 10
7.560352250489236
 20
4.007853378366975
 10
7.515616438356163
 20
4.021412303812297
 10
7.504996399726217
 20
4.024156862745098
 10
7.483682755819182
 20
4.064
 10
7.497425835964353
 20
4.103843137254902
 10
7.515616438356163
 20
4.1129910271316605
 10
7.560352250489236
 20
4.106165139278861
 10
7.570105782884112
 20
4.103843137254902
 10
7.6050880626223085
 20
4.0927707737230685
 10
7.649823874755381
 20
4.072797528346013
 10
7.694559686888454
 20
4.067891817353127
 10
7.707682762873773
 20
4.064
 10
7.739295499021526
 20
4.052982124741477
 10
7.753262189320103
 20
4.064
 10
7.784031311154598
 20
4.095599706788637
 10
7.790973542536049
 20
4.103843137254902
 10
7.784031311154598
 20
4.113928139813276
 10
7.766016408967639
 20
4.143686274509804
 10
7.784031311154598
 20
4.159911245353844
 10
7.828767123287671
 20
4.171674218632854
 10
7.850124558367173
 20
4.183529411764706
 10
7.873502935420743
 20
4.200881220615877
 10
7.882867788069845
 20
4.223372549019608
 10
7.874598423739874
 20
4.263215686274509
 10
7.873502935420743
 20
4.26622494131312
 10
7.856332800360533
 20
4.303058823529413
 10
7.8556043633380375
 20
4.342901960784314
 10
7.862580941947654
 20
4.382745098039216
 10
7.873502935420743
 20
4.402525572347679
 10
7.881415435143044
 20
4.422588235294118
 10
7.8982219139880785
 20
4.46243137254902
 10
7.918238747553816
 20
4.471220952484339
 10
7.962974559686888
 20
4.478870003420976
 10
8.007710371819961
 20
4.472849656847711
 10
8.045279198112425
 20
4.502274509803922
 10
8.052446183953032
 20
4.50669705863079
 10
8.073176318195413
 20
4.542117647058824
 10
8.066938331956615
 20
4.581960784313725
 10
8.052446183953032
 20
4.598312475682876
 10
8.007710371819961
 20
4.604140450910189
 10
7.962974559686888
 20
4.599258966059763
 10
7.918238747553816
 20
4.587781211865453
 10
7.913497821869693
 20
4.581960784313725
 10
7.873502935420743
 20
4.546862286701921
 10
7.828767123287671
 20
4.54552128157963
 10
7.824065574178188
 20
4.542117647058824
 10
7.828767123287671
 20
4.520426920848673
 10
7.833850427770225
 20
4.502274509803922
 10
7.828767123287671
 20
4.49546952910153
 10
7.784031311154598
 20
4.479172055439344
 10
7.739295499021526
 20
4.485282253569283
 10
7.6963659517344505
 20
4.502274509803922
 10
7.694559686888454
 20
4.504199970861347
 10
7.649823874755381
 20
4.51485419515867
 10
7.617351454510871
 20
4.502274509803922
 10
7.6050880626223085
 20
4.495458239763053
 10
7.560352250489236
 20
4.469406306831116
 10
7.55095343740847
 20
4.46243137254902
 10
7.538896766699498
 20
4.422588235294118
 10
7.515616438356163
 20
4.384496458693523
 10
7.514948132451718
 20
4.382745098039216
 10
7.51124298851575
 20
4.342901960784314
 10
7.515616438356163
 20
4.324630651338036
 10
7.519548299438007
 20
4.303058823529413
 10
7.515616438356163
 20
4.2963843448189705
 10
7.493817166068142
 20
4.263215686274509
 10
7.470880626223091
 20
4.24221299737489
 10
7.426144814090019
 20
4.239343407308374
 10
7.381409001956946
 20
4.256967968307894
 10
7.336673189823874
 20
4.259405845880001
 10
7.291937377690802
 20
4.249713186932421
 10
7.247201565557729
 20
4.231566373408737
 10
7.240915513309792
 20
4.223372549019608
 10
7.218069206080312
 20
4.183529411764706
 10
7.247201565557729
 20
4.143898575426171
 10
7.247386063197016
 20
4.143686274509804
 10
7.291937377690802
 20
4.114205551363763
 10
7.336673189823874
 20
4.124641846554548
 10
7.381409001956946
 20
4.133258463389431
 10
7.403518339067079
 20
4.103843137254902
 10
7.381409001956946
 20
4.0682983033102005
 10
7.336673189823874
 20
4.0690110413598015
 10
7.332374668113161
 20
4.064
 10
7.309076826231673
 20
4.024156862745098
 10
7.301769434359653
 20
3.9843137254901966
 10
7.291937377690802
 20
3.9735163014990267
 10
7.247201565557729
 20
3.9477722504564983
 10
7.244647971980431
 20
3.9444705882352937
 10
7.202465753424657
 20
3.9232702591035458
 10
7.157729941291585
 20
3.9156026332164906
 10
7.112994129158512
 20
3.9114904446071574
 10
7.06825831702544
 20
3.90629039816631
 10
7.057857702612469
 20
3.9046274509803918
 10
7.023522504892368
 20
3.872719606330694
 10
7.021983212997181
 20
3.8647843137254903
 10
7.01635489490022
 20
3.8249411764705883
 10
7.011447296484228
 20
3.7850980392156863
 10
7.002643661877597
 20
3.745254901960785
 10
6.978786692759295
 20
3.7078824545924163
 10
6.974721060467972
 20
3.705411764705883
 10
6.945956717437969
 20
3.665568627450981
 10
6.934050880626223
 20
3.656840207027219
 10
6.889315068493151
 20
3.650146910561882
 10
6.844579256360078
 20
3.6293502462188463
 10
6.839165257185235
 20
3.625725490196078
 10
6.8399757387771745
 20
3.585882352941176
 10
6.7998434442270055
 20
3.5663048660581858
 10
6.767606781526303
 20
3.585882352941176
 10
6.7768860072892325
 20
3.625725490196078
 10
6.788345456676668
 20
3.665568627450981
 10
6.755259428550988
 20
3.705411764705883
 10
6.7551076320939325
 20
3.705553512461978
 10
6.71037181996086
 20
3.731721636819941
 10
6.665636007827788
 20
3.711202725194611
 10
6.656157543811205
 20
3.705411764705883
 10
6.6359073502656525
 20
3.665568627450981
 10
6.624616071227743
 20
3.625725490196078
 10
6.626459965921698
 20
3.585882352941176
 10
6.646975986253309
 20
3.5460392156862746
 10
6.643997252694426
 20
3.5061960784313726
 10
6.620900195694715
 20
3.4860703869415213
 10
6.583511849905304
 20
3.4663529411764706
 10
6.576164383561643
 20
3.462911513780929
 10
6.552798206416626
 20
3.4663529411764706
 10
6.531428571428571
 20
3.470502881598516
 10
6.486692759295498
 20
3.4672917260341407
 10
6.483573794699916
 20
3.4663529411764706
 10
6.441956947162426
 20
3.446249404163471
 10
6.397221135029354
 20
3.4354347539248464
 10
6.38889390490868
 20
3.426509803921569
 10
6.359863954527283
 20
3.386666666666667
 10
6.352485322896281
 20
3.376101583805582
 10
6.33807396650833
 20
3.346823529411765
 10
6.350036972272456
 20
3.3069803921568623
 10
6.352485322896281
 20
3.3051719999855407
 10
6.371505759623684
 20
3.2671372549019604
 10
6.378418285166682
 20
3.227294117647059
 10
6.360261550330316
 20
3.187450980392157
 10
6.352485322896281
 20
3.1828455955577244
 10
6.33215610238236
 20
3.187450980392157
 10
6.307749510763209
 20
3.1917284402756327
 10
6.303864589227555
 20
3.187450980392157
 10
6.302506730756062
 20
3.147607843137255
 10
6.263013698630137
 20
3.1118190779716244
 10
6.2567828651927995
 20
3.1077647058823534
 10
6.2440161756663475
 20
3.0679215686274515
 10
6.238701830611887
 20
3.0280784313725495
 10
6.24487362885245
 20
2.9882352941176467
 10
6.263013698630137
 20
2.9753482698008766
 10
6.307749510763209
 20
2.9697478748157935
 10
6.347075509715945
 20
2.9882352941176467
  0
LWPOLYLINE
  5
D4
330
17
100
AcDbEntity
  8
CONDUCTIVE_METASURFACE
100
AcDbPolyline
 90
217
 70
1
 10
10.88916193251334
 20
2.9882352941176467
 10
10.895705562706288
 20
3.0280784313725495
 10
10.890224651058672
 20
3.0679215686274515
 10
10.87733743455333
 20
3.1077647058823534
 10
10.870802348336595
 20
3.1119870762900055
 10
10.831393815439874
 20
3.147607843137255
 10
10.829888172179585
 20
3.187450980392157
 10
10.826066536203522
 20
3.191638380689347
 10
10.801711760713419
 20
3.187450980392157
 10
10.781330724070449
 20
3.1829237493586118
 10
10.773690315331356
 20
3.187450980392157
 10
10.755391388322911
 20
3.227294117647059
 10
10.762251911585375
 20
3.2671372549019604
 10
10.781330724070449
 20
3.3053715220322544
 10
10.78349283336326
 20
3.3069803921568623
 10
10.795455282521175
 20
3.346823529411765
 10
10.781330724070449
 20
3.375744723483576
 10
10.773677565714268
 20
3.386666666666667
 10
10.744426446149586
 20
3.426509803921569
 10
10.736594911937377
 20
3.4348807652695927
 10
10.691859099804304
 20
3.4456188126555976
 10
10.649089856669876
 20
3.4663529411764706
 10
10.647123287671231
 20
3.466948198760232
 10
10.60238747553816
 20
3.470248160796331
 10
10.581872089524463
 20
3.4663529411764706
 10
10.557651663405087
 20
3.46285114747459
 10
10.550157661163706
 20
3.4663529411764706
 10
10.512915851272014
 20
3.4857680987922395
 10
10.489334086223746
 20
3.5061960784313726
 10
10.486112125936767
 20
3.5460392156862746
 10
10.505901034432808
 20
3.585882352941176
 10
10.5086381590597
 20
3.625725490196078
 10
10.49775523349104
 20
3.665568627450981
 10
10.4773799756488
 20
3.705411764705883
 10
10.468180039138943
 20
3.711010265192085
 10
10.42344422700587
 20
3.731357919338243
 10
10.37894691689278
 20
3.705411764705883
 10
10.378708414872797
 20
3.7052473550751532
 10
10.345607522349754
 20
3.665568627450981
 10
10.357325368842098
 20
3.625725490196078
 10
10.36700006700037
 20
3.585882352941176
 10
10.333972602739726
 20
3.566191089612247
 10
10.29406290013094
 20
3.585882352941176
 10
10.29486312505013
 20
3.625725490196078
 10
10.289236790606653
 20
3.629553847598945
 10
10.24450097847358
 20
3.6503037041668636
 10
10.199765166340509
 20
3.656811867821296
 10
10.187641781521718
 20
3.665568627450981
 10
10.158736409029448
 20
3.705411764705883
 10
10.155029354207436
 20
3.7076860541225756
 10
10.131225668234588
 20
3.745254901960785
 10
10.122616530751198
 20
3.7850980392156863
 10
10.117999334647262
 20
3.8249411764705883
 10
10.11216072692142
 20
3.8647843137254903
 10
10.110293542074363
 20
3.8740476284076815
 10
10.074467591181175
 20
3.9046274509803918
 10
10.065557729941291
 20
3.9059984043262683
 10
10.020821917808219
 20
3.911011195631516
 10
9.976086105675146
 20
3.915382073266716
 10
9.931350293542074
 20
3.923222886550999
 10
9.889388729966967
 20
3.9444705882352937
 10
9.886614481409001
 20
3.9480917785594327
 10
9.841878669275928
 20
3.9737101319276444
 10
9.832078514677958
 20
3.9843137254901966
 10
9.824563236086899
 20
4.024156862745098
 10
9.80121281027078
 20
4.064
 10
9.797142857142857
 20
4.068821965819799
 10
9.752407045009784
 20
4.068100173544855
 10
9.73042552073773
 20
4.103843137254902
 10
9.752407045009784
 20
4.1325541199907505
 10
9.797142857142857
 20
4.124289731718893
 10
9.841878669275928
 20
4.114083573010907
 10
9.886614481409001
 20
4.14355102161935
 10
9.886773703738827
 20
4.143686274509804
 10
9.916155213235323
 20
4.183529411764706
 10
9.893116601812817
 20
4.223372549019608
 10
9.886614481409001
 20
4.231814426349945
 10
9.841878669275928
 20
4.2498498437341095
 10
9.797142857142857
 20
4.25990620932919
 10
9.752407045009784
 20
4.258264012112542
 10
9.707671232876711
 20
4.239991759761779
 10
9.66293542074364
 20
4.242644736682144
 10
9.640338368430525
 20
4.263215686274509
 10
9.618199608610567
 20
4.2965149573090775
 10
9.614335584139193
 20
4.303058823529413
 10
9.618199608610567
 20
4.323869474915327
 10
9.622859156203546
 20
4.342901960784314
 10
9.619253709689723
 20
4.382745098039216
 10
9.618199608610567
 20
4.385523037624827
 10
9.595627452683052
 20
4.422588235294118
 10
9.583484781715063
 20
4.46243137254902
 10
9.573463796477494
 20
4.469847909615176
 10
9.528727984344423
 20
4.49570287456377
 10
9.516865551362708
 20
4.502274509803922
 10
9.48399217221135
 20
4.515109783977448
 10
9.439256360078277
 20
4.50445513834493
 10
9.43722585563363
 20
4.502274509803922
 10
9.394520547945204
 20
4.485334336306512
 10
9.349784735812133
 20
4.4791778656663865
 10
9.30504892367906
 20
4.495348866978334
 10
9.299878068774388
 20
4.502274509803922
 10
9.30504892367906
 20
4.520379947865666
 10
9.309851782417564
 20
4.542117647058824
 10
9.30504892367906
 20
4.545577777397378
 10
9.260313111545987
 20
4.5467870881044075
 10
9.220129647607815
 20
4.581960784313725
 10
9.215577299412915
 20
4.587510289320954
 10
9.170841487279842
 20
4.598880643268608
 10
9.12610567514677
 20
4.603613791575592
 10
9.081369863013698
 20
4.598116955316918
 10
9.066900290500124
 20
4.581960784313725
 10
9.060612202292814
 20
4.542117647058824
 10
9.081369863013698
 20
4.507092661670071
 10
9.089273645012339
 20
4.502274509803922
 10
9.12610567514677
 20
4.4738370748414615
 10
9.170841487279842
 20
4.479423942301495
 10
9.215577299412915
 20
4.47163359249217
 10
9.236417764970703
 20
4.46243137254902
 10
9.252827039018126
 20
4.422588235294118
 10
9.260313111545987
 20
4.403795522798828
 10
9.272006822223599
 20
4.382745098039216
 10
9.278763847543027
 20
4.342901960784314
 10
9.27804332566343
 20
4.303058823529413
 10
9.260313111545987
 20
4.264880025082859
 10
9.259704479052415
 20
4.263215686274509
 10
9.251166095684075
 20
4.223372549019608
 10
9.260313111545987
 20
4.201289818777292
 10
9.284045160844544
 20
4.183529411764706
 10
9.30504892367906
 20
4.171836074101934
 10
9.349784735812133
 20
4.160094520652478
 10
9.367993855755481
 20
4.143686274509804
 10
9.349784735812133
 20
4.113702566456893
 10
9.34298691001985
 20
4.103843137254902
 10
9.349784735812133
 20
4.095715250292866
 10
9.380569849522884
 20
4.064
 10
9.394520547945204
 20
4.053004329016955
 10
9.426094556081622
 20
4.064
 10
9.439256360078277
 20
4.067901544620911
 10
9.48399217221135
 20
4.072900914549153
 10
9.528727984344423
 20
4.092868542455515
 10
9.56332853116363
 20
4.103843137254902
 10
9.573463796477494
 20
4.1062604549570905
 10
9.618199608610567
 20
4.113041988725776
 10
9.63656671951687
 20
4.103843137254902
 10
9.650452801962148
 20
4.064
 10
9.630531656641828
 20
4.024156862745098
 10
9.618199608610567
 20
4.02099109331582
 10
9.573463796477494
 20
4.0075980406484435
 10
9.546298299190363
 20
3.9843137254901966
 10
9.553971739034703
 20
3.9444705882352937
 10
9.555642290668464
 20
3.9046274509803918
 10
9.556995311979094
 20
3.8647843137254903
 10
9.573463796477494
 20
3.8469014963045547
 10
9.618199608610567
 20
3.8312152634060292
 10
9.633501719666516
 20
3.8249411764705883
 10
9.66293542074364
 20
3.7949719490124254
 10
9.706033763251346
 20
3.7850980392156863
 10
9.707671232876711
 20
3.7848038874974472
 10
9.752407045009784
 20
3.7731471752238543
 10
9.79565248426731
 20
3.745254901960785
 10
9.797142857142857
 20
3.7402177744663874
 10
9.81183207403115
 20
3.705411764705883
 10
9.841878669275928
 20
3.6917051444222757
 10
9.871408416587288
 20
3.665568627450981
 10
9.886614481409001
 20
3.639291386585406
 10
9.929360788487728
 20
3.625725490196078
 10
9.931350293542074
 20
3.6252856887172618
 10
9.963178847516119
 20
3.585882352941176
 10
9.976086105675146
 20
3.546328418095813
 10
9.97644664325946
 20
3.5460392156862746
 10
9.987645921000658
 20
3.5061960784313726
 10
10.020821917808219
 20
3.4801859198613982
 10
10.02794870275458
 20
3.4663529411764706
 10
10.045411420221841
 20
3.426509803921569
 10
10.065557729941291
 20
3.411800697629602
 10
10.110293542074363
 20
3.41063491368804
 10
10.155029354207436
 20
3.4088933957955576
 10
10.199765166340509
 20
3.401800412829024
 10
10.226195468943624
 20
3.426509803921569
 10
10.241419392681914
 20
3.4663529411764706
 10
10.24450097847358
 20
3.4758114460175813
 10
10.289236790606653
 20
3.49479409963374
 10
10.333972602739726
 20
3.482554037201974
 10
10.34424382167118
 20
3.4663529411764706
 10
10.33657972233969
 20
3.426509803921569
 10
10.333972602739726
 20
3.417823043862201
 10
10.321540589546796
 20
3.386666666666667
 10
10.299114658508248
 20
3.346823529411765
 10
10.293606521941909
 20
3.3069803921568623
 10
10.289236790606653
 20
3.29529252871451
 10
10.27686596513856
 20
3.2671372549019604
 10
10.289236790606653
 20
3.254698120143322
 10
10.324716983712165
 20
3.227294117647059
 10
10.333972602739726
 20
3.221111205302776
 10
10.345295925069678
 20
3.227294117647059
 10
10.378708414872797
 20
3.2433387899546786
 10
10.396925833205499
 20
3.227294117647059
 10
10.410133274443492
 20
3.187450980392157
 10
10.42344422700587
 20
3.1684294314741805
 10
10.442926865299311
 20
3.147607843137255
 10
10.468180039138943
 20
3.139267221381939
 10
10.512915851272014
 20
3.146632176288646
 10
10.516294608138274
 20
3.147607843137255
 10
10.557651663405087
 20
3.1629001113496322
 10
10.60238747553816
 20
3.1635488738896402
 10
10.647123287671231
 20
3.157335299968232
 10
10.669332786299078
 20
3.147607843137255
 10
10.691859099804304
 20
3.1405607367026045
 10
10.736594911937377
 20
3.125592354386065
 10
10.746463875423583
 20
3.1077647058823534
 10
10.75505225096185
 20
3.0679215686274515
 10
10.748292624574214
 20
3.0280784313725495
 10
10.781330724070449
 20
2.9946184932026636
 10
10.78629640024036
 20
2.9882352941176467
 10
10.826066536203522
 20
2.9697724052922023
 10
10.870802348336595
 20
2.9753281689317768
 10
10.88916193251334
 20
2.9882352941176467
  0
LWPOLYLINE
  5
D5
330
17
100
AcDbEntity
  8
CONDUCTIVE_METASURFACE
100
AcDbPolyline
 90
13
 70
1
 10
10.85056568630817
 20
4.502274509803922
 10
10.870802348336595
 20
4.53475390211079
 10
10.87280088376445
 20
4.542117647058824
 10
10.870802348336595
 20
4.553022426893045
 10
10.838212582163688
 20
4.581960784313725
 10
10.826066536203522
 20
4.583720320169459
 10
10.81801820209027
 20
4.581960784313725
 10
10.781330724070449
 20
4.563686091828837
 10
10.773544525623594
 20
4.542117647058824
 10
10.781330724070449
 20
4.522884469226841
 10
10.804432197535442
 20
4.502274509803922
 10
10.826066536203522
 20
4.4952939184294065
 10
10.85056568630817
 20
4.502274509803922
  0
LWPOLYLINE
  5
D6
330
17
100
AcDbEntity
  8
CONDUCTIVE_METASURFACE
100
AcDbPolyline
 90
13
 70
1
 10
12.05552849696756
 20
4.502274509803922
 10
12.078669275929549
 20
4.5228493101039655
 10
12.086507118878044
 20
4.542117647058824
 10
12.078669275929549
 20
4.563937493472376
 10
12.042201653579914
 20
4.581960784313725
 10
12.033933463796478
 20
4.583740780633115
 10
12.021689381451388
 20
4.581960784313725
 10
11.989197651663405
 20
4.5529353268345565
 10
11.987222045204549
 20
4.542117647058824
 10
11.989197651663405
 20
4.534949551545132
 10
12.009716469549533
 20
4.502274509803922
 10
12.033933463796478
 20
4.495339869695775
 10
12.05552849696756
 20
4.502274509803922
  0
LWPOLYLINE
  5
D7
330
17
100
AcDbEntity
  8
CONDUCTIVE_METASURFACE
100
AcDbPolyline
 90
217
 70
1
 10
12.073259462749212
 20
2.9882352941176467
 10
12.078669275929549
 20
2.995274648815062
 10
12.110598749966842
 20
3.0280784313725495
 10
12.104325893576792
 20
3.0679215686274515
 10
12.113072856479059
 20
3.1077647058823534
 10
12.123405088062622
 20
3.126325877773135
 10
12.168140900195693
 20
3.1409404727880665
 10
12.189241462189507
 20
3.147607843137255
 10
12.212876712328768
 20
3.158022597612853
 10
12.25761252446184
 20
3.1640406140306045
 10
12.302348336594912
 20
3.1633989049147093
 10
12.345215294827963
 20
3.147607843137255
 10
12.347084148727983
 20
3.147065736797055
 10
12.391819960861056
 20
3.1394611999047366
 10
12.416614487823649
 20
3.147607843137255
 10
12.436555772994128
 20
3.168744290072548
 10
12.44968507426107
 20
3.187450980392157
 10
12.462868454107857
 20
3.227294117647059
 10
12.481291585127202
 20
3.2435117156086815
 10
12.514957164089568
 20
3.227294117647059
 10
12.526027397260274
 20
3.2212397024641497
 10
12.53515345591153
 20
3.227294117647059
 10
12.570763209393347
 20
3.254712254599549
 10
12.583109200664437
 20
3.2671372549019604
 10
12.570763209393347
 20
3.295258198977678
 10
12.566382607253164
 20
3.3069803921568623
 10
12.560769272005237
 20
3.346823529411765
 10
12.538349647074853
 20
3.386666666666667
 10
12.526027397260274
 20
3.4174829658246324
 10
12.52331321714262
 20
3.426509803921569
 10
12.515698922547774
 20
3.4663529411764706
 10
12.526027397260274
 20
3.482711301364922
 10
12.570763209393347
 20
3.495078708056531
 10
12.615499021526418
 20
3.47733633429621
 10
12.61905356581281
 20
3.4663529411764706
 10
12.6340912539425
 20
3.426509803921569
 10
12.66023483365949
 20
3.402315354569186
 10
12.704970645792562
 20
3.409149563811223
 10
12.749706457925637
 20
3.410637409669022
 10
12.794442270058708
 20
3.4118424414484823
 10
12.814521083345602
 20
3.426509803921569
 10
12.832133577456386
 20
3.4663529411764706
 10
12.839178082191781
 20
3.4799814459000817
 10
12.872827454818673
 20
3.5061960784313726
 10
12.883913894324852
 20
3.544580792876613
 10
12.884244178084465
 20
3.5460392156862746
 10
12.897332239640722
 20
3.585882352941176
 10
12.928649706457925
 20
3.6243981159062004
 10
12.934305410099258
 20
3.625725490196078
 10
12.973385518590996
 20
3.638808129181963
 10
12.988775308417335
 20
3.665568627450981
 10
13.018121330724071
 20
3.6918688026268844
 10
13.047625164346838
 20
3.705411764705883
 10
13.062857142857142
 20
3.7434832525676294
 10
13.063350881549411
 20
3.745254901960785
 10
13.107592954990215
 20
3.77360247817216
 10
13.152003882247705
 20
3.7850980392156863
 10
13.152328767123286
 20
3.7854193092133324
 10
13.19706457925636
 20
3.7953935179912346
 10
13.226268873772652
 20
3.8249411764705883
 10
13.24180039138943
 20
3.831288460809461
 10
13.286536203522505
 20
3.846841303608964
 10
13.303051631100868
 20
3.8647843137254903
 10
13.304360556313062
 20
3.9046274509803918
 10
13.306315950131507
 20
3.9444705882352937
 10
13.314279929192882
 20
3.9843137254901966
 10
13.286536203522505
 20
4.007853378366975
 10
13.24180039138943
 20
4.021412303812297
 10
13.231180352759488
 20
4.024156862745098
 10
13.20986670885245
 20
4.064
 10
13.22360978899762
 20
4.103843137254902
 10
13.24180039138943
 20
4.1129910271316605
 10
13.286536203522505
 20
4.106165139278861
 10
13.29628973591738
 20
4.103843137254902
 10
13.331272015655577
 20
4.0927707737230685
 10
13.37600782778865
 20
4.072797528346013
 10
13.42074363992172
 20
4.067891817353127
 10
13.43386671590704
 20
4.064
 10
13.465479452054796
 20
4.052982124741477
 10
13.479446142353371
 20
4.064
 10
13.510215264187865
 20
4.095599706788637
 10
13.517157495569318
 20
4.103843137254902
 10
13.510215264187865
 20
4.113928139813276
 10
13.492200362000906
 20
4.143686274509804
 10
13.510215264187865
 20
4.159911245353844
 10
13.55495107632094
 20
4.171674218632854
 10
13.576308511400441
 20
4.183529411764706
 10
13.599686888454011
 20
4.200881220615877
 10
13.609051741103112
 20
4.223372549019608
 10
13.600782376773141
 20
4.263215686274509
 10
13.599686888454011
 20
4.26622494131312
 10
13.5825167533938
 20
4.303058823529413
 10
13.581788316371304
 20
4.342901960784314
 10
13.588764894980923
 20
4.382745098039216
 10
13.599686888454011
 20
4.402525572347679
 10
13.607599388176311
 20
4.422588235294118
 10
13.624405867021345
 20
4.46243137254902
 10
13.644422700587084
 20
4.471220952484339
 10
13.689158512720155
 20
4.478870003420976
 10
13.73389432485323
 20
4.472849656847711
 10
13.771463151145696
 20
4.502274509803922
 10
13.778630136986301
 20
4.50669705863079
 10
13.799360271228679
 20
4.542117647058824
 10
13.793122284989884
 20
4.581960784313725
 10
13.778630136986301
 20
4.598312475682876
 10
13.73389432485323
 20
4.604140450910189
 10
13.689158512720155
 20
4.599258966059763
 10
13.644422700587084
 20
4.587781211865453
 10
13.63968177490296
 20
4.581960784313725
 10
13.599686888454011
 20
4.546862286701921
 10
13.55495107632094
 20
4.54552128157963
 10
13.550249527211456
 20
4.542117647058824
 10
13.55495107632094
 20
4.520426920848673
 10
13.560034380803492
 20
4.502274509803922
 10
13.55495107632094
 20
4.49546952910153
 10
13.510215264187865
 20
4.479172055439344
 10
13.465479452054796
 20
4.485282253569283
 10
13.422549904767717
 20
4.502274509803922
 10
13.42074363992172
 20
4.504199970861347
 10
13.37600782778865
 20
4.51485419515867
 10
13.34353540754414
 20
4.502274509803922
 10
13.331272015655577
 20
4.495458239763053
 10
13.286536203522505
 20
4.469406306831116
 10
13.277137390441737
 20
4.46243137254902
 10
13.265080719732767
 20
4.422588235294118
 10
13.24180039138943
 20
4.384496458693523
 10
13.241132085484987
 20
4.382745098039216
 10
13.237426941549018
 20
4.342901960784314
 10
13.24180039138943
 20
4.324630651338036
 10
13.245732252471274
 20
4.303058823529413
 10
13.24180039138943
 20
4.2963843448189705
 10
13.22000111910141
 20
4.263215686274509
 10
13.19706457925636
 20
4.24221299737489
 10
13.152328767123286
 20
4.239343407308374
 10
13.107592954990215
 20
4.256967968307894
 10
13.062857142857142
 20
4.259405845880001
 10
13.018121330724071
 20
4.249713186932421
 10
12.973385518590996
 20
4.231566373408737
 10
12.967099466343058
 20
4.223372549019608
 10
12.944253159113579
 20
4.183529411764706
 10
12.973385518590996
 20
4.143898575426171
 10
12.973570016230283
 20
4.143686274509804
 10
13.018121330724071
 20
4.114205551363763
 10
13.062857142857142
 20
4.124641846554548
 10
13.107592954990215
 20
4.133258463389431
 10
13.129702292100346
 20
4.103843137254902
 10
13.107592954990215
 20
4.0682983033102005
 10
13.062857142857142
 20
4.0690110413598015
 10
13.058558621146426
 20
4.064
 10
13.035260779264942
 20
4.024156862745098
 10
13.027953387392921
 20
3.9843137254901966
 10
13.018121330724071
 20
3.9735163014990267
 10
12.973385518590996
 20
3.9477722504564983
 10
12.970831925013698
 20
3.9444705882352937
 10
12.928649706457925
 20
3.9232702591035458
 10
12.883913894324852
 20
3.9156026332164906
 10
12.839178082191781
 20
3.9114904446071574
 10
12.794442270058708
 20
3.90629039816631
 10
12.784041655645737
 20
3.9046274509803918
 10
12.749706457925637
 20
3.872719606330694
 10
12.748167166030449
 20
3.8647843137254903
 10
12.742538847933488
 20
3.8249411764705883
 10
12.737631249517495
 20
3.7850980392156863
 10
12.728827614910868
 20
3.745254901960785
 10
12.704970645792562
 20
3.7078824545924163
 10
12.700905013501242
 20
3.705411764705883
 10
12.672140670471235
 20
3.665568627450981
 10
12.66023483365949
 20
3.656840207027219
 10
12.615499021526418
 20
3.650146910561882
 10
12.570763209393347
 20
3.6293502462188463
 10
12.565349210218503
 20
3.625725490196078
 10
12.566159691810444
 20
3.585882352941176
 10
12.526027397260274
 20
3.5663048660581858
 10
12.493790734559573
 20
3.585882352941176
 10
12.503069960322502
 20
3.625725490196078
 10
12.514529409709938
 20
3.665568627450981
 10
12.481443381584253
 20
3.705411764705883
 10
12.481291585127202
 20
3.705553512461978
 10
12.436555772994128
 20
3.731721636819941
 10
12.391819960861056
 20
3.711202725194611
 10
12.382341496844472
 20
3.705411764705883
 10
12.362091303298921
 20
3.665568627450981
 10
12.350800024261012
 20
3.625725490196078
 10
12.352643918954964
 20
3.585882352941176
 10
12.373159939286575
 20
3.5460392156862746
 10
12.370181205727691
 20
3.5061960784313726
 10
12.347084148727983
 20
3.4860703869415213
 10
12.309695802938574
 20
3.4663529411764706
 10
12.302348336594912
 20
3.462911513780929
 10
12.278982159449896
 20
3.4663529411764706
 10
12.25761252446184
 20
3.470502881598516
 10
12.212876712328768
 20
3.4672917260341407
 10
12.209757747733187
 20
3.4663529411764706
 10
12.168140900195693
 20
3.446249404163471
 10
12.123405088062622
 20
3.4354347539248464
 10
12.115077857941948
 20
3.426509803921569
 10
12.086047907560554
 20
3.386666666666667
 10
12.078669275929549
 20
3.376101583805582
 10
12.064257919541598
 20
3.346823529411765
 10
12.076220925305725
 20
3.3069803921568623
 10
12.078669275929549
 20
3.3051719999855407
 10
12.097689712656955
 20
3.2671372549019604
 10
12.10460223819995
 20
3.227294117647059
 10
12.086445503363585
 20
3.187450980392157
 10
12.078669275929549
 20
3.1828455955577244
 10
12.058340055415627
 20
3.187450980392157
 10
12.033933463796478
 20
3.1917284402756327
 10
12.030048542260824
 20
3.187450980392157
 10
12.028690683789327
 20
3.147607843137255
 10
11.989197651663405
 20
3.1118190779716244
 10
11.982966818226066
 20
3.1077647058823534
 10
11.970200128699613
 20
3.0679215686274515
 10
11.964885783645155
 20
3.0280784313725495
 10
11.971057581885718
 20
2.9882352941176467
 10
11.989197651663405
 20
2.9753482698008766
 10
12.033933463796478
 20
2.9697478748157935
 10
12.073259462749212
 20
2.9882352941176467
  0
LWPOLYLINE
  5
D8
330
17
100
AcDbEntity
  8
CONDUCTIVE_METASURFACE
100
AcDbPolyline
 90
217
 70
1
 10
16.61534588554661
 20
2.9882352941176467
 10
16.621889515739554
 20
3.0280784313725495
 10
16.61640860409194
 20
3.0679215686274515
 10
16.603521387586596
 20
3.1077647058823534
 10
16.596986301369864
 20
3.1119870762900055
 10
16.557577768473145
 20
3.147607843137255
 10
16.55607212521285
 20
3.187450980392157
 10
16.55225048923679
 20
3.191638380689347
 10
16.527895713746688
 20
3.187450980392157
 10
16.507514677103718
 20
3.1829237493586118
 10
16.49987426836462
 20
3.187450980392157
 10
16.48157534135618
 20
3.227294117647059
 10
16.488435864618644
 20
3.2671372549019604
 10
16.507514677103718
 20
3.3053715220322544
 10
16.509676786396525
 20
3.3069803921568623
 10
16.521639235554442
 20
3.346823529411765
 10
16.507514677103718
 20
3.375744723483576
 10
16.499861518747537
 20
3.386666666666667
 10
16.470610399182853
 20
3.426509803921569
 10
16.462778864970645
 20
3.4348807652695927
 10
16.41804305283757
 20
3.4456188126555976
 10
16.375273809703142
 20
3.4663529411764706
 10
16.3733072407045
 20
3.466948198760232
 10
16.32857142857143
 20
3.470248160796331
 10
16.308056042557734
 20
3.4663529411764706
 10
16.283835616438356
 20
3.46285114747459
 10
16.276341614196976
 20
3.4663529411764706
 10
16.239099804305283
 20
3.4857680987922395
 10
16.215518039257017
 20
3.5061960784313726
 10
16.212296078970034
 20
3.5460392156862746
 10
16.232084987466077
 20
3.585882352941176
 10
16.234822112092967
 20
3.625725490196078
 10
16.22393918652431
 20
3.665568627450981
 10
16.203563928682065
 20
3.705411764705883
 10
16.19436399217221
 20
3.711010265192085
 10
16.149628180039137
 20
3.731357919338243
 10
16.105130869926047
 20
3.705411764705883
 10
16.104892367906064
 20
3.7052473550751532
 10
16.071791475383023
 20
3.665568627450981
 10
16.083509321875365
 20
3.625725490196078
 10
16.093184020033636
 20
3.585882352941176
 10
16.060156555772995
 20
3.566191089612247
 10
16.02024685316421
 20
3.585882352941176
 10
16.021047078083395
 20
3.625725490196078
 10
16.015420743639922
 20
3.629553847598945
 10
15.970684931506849
 20
3.6503037041668636
 10
15.925949119373776
 20
3.656811867821296
 10
15.913825734554985
 20
3.665568627450981
 10
15.884920362062713
 20
3.705411764705883
 10
15.881213307240705
 20
3.7076860541225756
 10
15.857409621267855
 20
3.745254901960785
 10
15.848800483784466
 20
3.7850980392156863
 10
15.844183287680531
 20
3.8249411764705883
 10
15.838344679954687
 20
3.8647843137254903
 10
15.836477495107632
 20
3.8740476284076815
 10
15.800651544214443
 20
3.9046274509803918
 10
15.79174168297456
 20
3.9059984043262683
 10
15.747005870841486
 20
3.911011195631516
 10
15.702270058708415
 20
3.915382073266716
 10
15.657534246575342
 20
3.923222886550999
 10
15.615572683000236
 20
3.9444705882352937
 10
15.61279843444227
 20
3.9480917785594327
 10
15.568062622309196
 20
3.9737101319276444
 10
15.558262467711225
 20
3.9843137254901966
 10
15.550747189120168
 20
4.024156862745098
 10
15.527396763304047
 20
4.064
 10
15.523326810176126
 20
4.068821965819799
 10
15.478590998043051
 20
4.068100173544855
 10
15.456609473770998
 20
4.103843137254902
 10
15.478590998043051
 20
4.1325541199907505
 10
15.523326810176126
 20
4.124289731718893
 10
15.568062622309196
 20
4.114083573010907
 10
15.61279843444227
 20
4.14355102161935
 10
15.612957656772096
 20
4.143686274509804
 10
15.642339166268592
 20
4.183529411764706
 10
15.619300554846085
 20
4.223372549019608
 10
15.61279843444227
 20
4.231814426349945
 10
15.568062622309196
 20
4.2498498437341095
 10
15.523326810176126
 20
4.25990620932919
 10
15.478590998043051
 20
4.258264012112542
 10
15.43385518590998
 20
4.239991759761779
 10
15.389119373776907
 20
4.242644736682144
 10
15.366522321463792
 20
4.263215686274509
 10
15.344383561643836
 20
4.2965149573090775
 10
15.34051953717246
 20
4.303058823529413
 10
15.344383561643836
 20
4.323869474915327
 10
15.349043109236815
 20
4.342901960784314
 10
15.34543766272299
 20
4.382745098039216
 10
15.344383561643836
 20
4.385523037624827
 10
15.321811405716316
 20
4.422588235294118
 10
15.30966873474833
 20
4.46243137254902
 10
15.299647749510761
 20
4.469847909615176
 10
15.25491193737769
 20
4.49570287456377
 10
15.243049504395975
 20
4.502274509803922
 10
15.210176125244617
 20
4.515109783977448
 10
15.165440313111546
 20
4.50445513834493
 10
15.1634098086669
 20
4.502274509803922
 10
15.120704500978473
 20
4.485334336306512
 10
15.075968688845402
 20
4.4791778656663865
 10
15.031232876712327
 20
4.495348866978334
 10
15.026062021807657
 20
4.502274509803922
 10
15.031232876712327
 20
4.520379947865666
 10
15.036035735450833
 20
4.542117647058824
 10
15.031232876712327
 20
4.545577777397378
 10
14.986497064579256
 20
4.5467870881044075
 10
14.946313600641085
 20
4.581960784313725
 10
14.941761252446183
 20
4.587510289320954
 10
14.897025440313111
 20
4.598880643268608
 10
14.852289628180039
 20
4.603613791575592
 10
14.807553816046967
 20
4.598116955316918
 10
14.793084243533391
 20
4.581960784313725
 10
14.786796155326082
 20
4.542117647058824
 10
14.807553816046967
 20
4.507092661670071
 10
14.815457598045608
 20
4.502274509803922
 10
14.852289628180039
 20
4.4738370748414615
 10
14.897025440313111
 20
4.479423942301495
 10
14.941761252446183
 20
4.47163359249217
 10
14.96260171800397
 20
4.46243137254902
 10
14.979010992051395
 20
4.422588235294118
 10
14.986497064579256
 20
4.403795522798828
 10
14.998190775256868
 20
4.382745098039216
 10
15.004947800576296
 20
4.342901960784314
 10
15.0042272786967
 20
4.303058823529413
 10
14.986497064579256
 20
4.264880025082859
 10
14.985888432085684
 20
4.263215686274509
 10
14.977350048717343
 20
4.223372549019608
 10
14.986497064579256
 20
4.201289818777292
 10
15.01022911387781
 20
4.183529411764706
 10
15.031232876712327
 20
4.171836074101934
 10
15.075968688845402
 20
4.160094520652478
 10
15.09417780878875
 20
4.143686274509804
 10
15.075968688845402
 20
4.113702566456893
 10
15.069170863053117
 20
4.103843137254902
 10
15.075968688845402
 20
4.095715250292866
 10
15.106753802556149
 20
4.064
 10
15.120704500978473
 20
4.053004329016955
 10
15.152278509114891
 20
4.064
 10
15.165440313111546
 20
4.067901544620911
 10
15.210176125244617
 20
4.072900914549153
 10
15.25491193737769
 20
4.092868542455515
 10
15.289512484196898
 20
4.103843137254902
 10
15.299647749510761
 20
4.1062604549570905
 10
15.344383561643836
 20
4.113041988725776
 10
15.362750672550138
 20
4.103843137254902
 10
15.376636754995413
 20
4.064
 10
15.356715609675097
 20
4.024156862745098
 10
15.344383561643836
 20
4.02099109331582
 10
15.299647749510761
 20
4.0075980406484435
 10
15.27248225222363
 20
3.9843137254901966
 10
15.280155692067972
 20
3.9444705882352937
 10
15.281826243701731
 20
3.9046274509803918
 10
15.283179265012365
 20
3.8647843137254903
 10
15.299647749510761
 20
3.8469014963045547
 10
15.344383561643836
 20
3.8312152634060292
 10
15.359685672699781
 20
3.8249411764705883
 10
15.389119373776907
 20
3.7949719490124254
 10
15.432217716284615
 20
3.7850980392156863
 10
15.43385518590998
 20
3.7848038874974472
 10
15.478590998043051
 20
3.7731471752238543
 10
15.521836437300578
 20
3.745254901960785
 10
15.523326810176126
 20
3.7402177744663874
 10
15.538016027064417
 20
3.705411764705883
 10
15.568062622309196
 20
3.6917051444222757
 10
15.597592369620557
 20
3.665568627450981
 10
15.61279843444227
 20
3.639291386585406
 10
15.655544741520997
 20
3.625725490196078
 10
15.657534246575342
 20
3.6252856887172618
 10
15.689362800549388
 20
3.585882352941176
 10
15.702270058708415
 20
3.546328418095813
 10
15.702630596292726
 20
3.5460392156862746
 10
15.713829874033925
 20
3.5061960784313726
 10
15.747005870841486
 20
3.4801859198613982
 10
15.754132655787847
 20
3.4663529411764706
 10
15.77159537325511
 20
3.426509803921569
 10
15.79174168297456
 20
3.411800697629602
 10
15.836477495107632
 20
3.41063491368804
 10
15.881213307240705
 20
3.4088933957955576
 10
15.925949119373776
 20
3.401800412829024
 10
15.952379421976891
 20
3.426509803921569
 10
15.967603345715183
 20
3.4663529411764706
 10
15.970684931506849
 20
3.4758114460175813
 10
16.015420743639922
 20
3.49479409963374
 10
16.060156555772995
 20
3.482554037201974
 10
16.07042777470445
 20
3.4663529411764706
 10
16.06276367537296
 20
3.426509803921569
 10
16.060156555772995
 20
3.417823043862201
 10
16.047724542580063
 20
3.386666666666667
 10
16.025298611541515
 20
3.346823529411765
 10
16.019790474975178
 20
3.3069803921568623
 10
16.015420743639922
 20
3.29529252871451
 10
16.00304991817183
 20
3.2671372549019604
 10
16.015420743639922
 20
3.254698120143322
 10
16.050900936745432
 20
3.227294117647059
 10
16.060156555772995
 20
3.221111205302776
 10
16.071479878102945
 20
3.227294117647059
 10
16.104892367906064
 20
3.2433387899546786
 10
16.123109786238768
 20
3.227294117647059
 10
16.13631722747676
 20
3.187450980392157
 10
16.149628180039137
 20
3.1684294314741805
 10
16.16911081833258
 20
3.147607843137255
 10
16.19436399217221
 20
3.139267221381939
 10
16.239099804305283
 20
3.146632176288646
 10
16.242478561171545
 20
3.147607843137255
 10
16.283835616438356
 20
3.1629001113496322
 10
16.32857142857143
 20
3.1635488738896402
 10
16.3733072407045
 20
3.157335299968232
 10
16.395516739332347
 20
3.147607843137255
 10
16.41804305283757
 20
3.1405607367026045
 10
16.462778864970645
 20
3.125592354386065
 10
16.47264782845685
 20
3.1077647058823534
 10
16.48123620399512
 20
3.0679215686274515
 10
16.474476577607483
 20
3.0280784313725495
 10
16.507514677103718
 20
2.9946184932026636
 10
16.512480353273624
 20
2.9882352941176467
 10
16.55225048923679
 20
2.9697724052922023
 10
16.596986301369864
 20
2.9753281689317768
 10
16.61534588554661
 20
2.9882352941176467
  0
LWPOLYLINE
  5
D9
330
17
100
AcDbEntity
  8
CONDUCTIVE_METASURFACE
100
AcDbPolyline
 90
13
 70
1
 10
16.576749639341436
 20
4.502274509803922
 10
16.596986301369864
 20
4.53475390211079
 10
16.59898483679772
 20
4.542117647058824
 10
16.596986301369864
 20
4.553022426893045
 10
16.564396535196956
 20
4.581960784313725
 10
16.55225048923679
 20
4.583720320169459
 10
16.54420215512354
 20
4.581960784313725
 10
16.507514677103718
 20
4.563686091828837
 10
16.499728478656863
 20
4.542117647058824
 10
16.507514677103718
 20
4.522884469226841
 10
16.530616150568708
 20
4.502274509803922
 10
16.55225048923679
 20
4.4952939184294065
 10
16.576749639341436
 20
4.502274509803922
  0
LWPOLYLINE
  5
DA
330
17
100
AcDbEntity
  8
CONDUCTIVE_METASURFACE
100
AcDbPolyline
 90
13
 70
1
 10
17.78171245000083
 20
4.502274509803922
 10
17.804853228962816
 20
4.5228493101039655
 10
17.81269107191131
 20
4.542117647058824
 10
17.804853228962816
 20
4.563937493472376
 10
17.768385606613183
 20
4.581960784313725
 10
17.760117416829747
 20
4.583740780633115
 10
17.747873334484655
 20
4.581960784313725
 10
17.71538160469667
 20
4.5529353268345565
 10
17.713405998237818
 20
4.542117647058824
 10
17.71538160469667
 20
4.534949551545132
 10
17.7359004225828
 20
4.502274509803922
 10
17.760117416829747
 20
4.495339869695775
 10
17.78171245000083
 20
4.502274509803922
  0
LWPOLYLINE
  5
DB
330
17
100
AcDbEntity
  8
CONDUCTIVE_METASURFACE
100
AcDbPolyline
 90
217
 70
1
 10
17.79944341578248
 20
2.9882352941176467
 10
17.804853228962816
 20
2.995274648815062
 10
17.836782703000107
 20
3.0280784313725495
 10
17.830509846610063
 20
3.0679215686274515
 10
17.83925680951233
 20
3.1077647058823534
 10
17.84958904109589
 20
3.126325877773135
 10
17.894324853228962
 20
3.1409404727880665
 10
17.915425415222774
 20
3.147607843137255
 10
17.939060665362035
 20
3.158022597612853
 10
17.983796477495105
 20
3.1640406140306045
 10
18.02853228962818
 20
3.1633989049147093
 10
18.07139924786123
 20
3.147607843137255
 10
18.07326810176125
 20
3.147065736797055
 10
18.118003913894324
 20
3.1394611999047366
 10
18.142798440856915
 20
3.147607843137255
 10
18.162739726027397
 20
3.168744290072548
 10
18.17586902729434
 20
3.187450980392157
 10
18.189052407141123
 20
3.227294117647059
 10
18.20747553816047
 20
3.2435117156086815
 10
18.241141117122833
 20
3.227294117647059
 10
18.25221135029354
 20
3.2212397024641497
 10
18.261337408944797
 20
3.227294117647059
 10
18.296947162426616
 20
3.254712254599549
 10
18.309293153697705
 20
3.2671372549019604
 10
18.296947162426616
 20
3.295258198977678
 10
18.29256656028643
 20
3.3069803921568623
 10
18.286953225038502
 20
3.346823529411765
 10
18.26453360010812
 20
3.386666666666667
 10
18.25221135029354
 20
3.4174829658246324
 10
18.24949717017589
 20
3.426509803921569
 10
18.24188287558104
 20
3.4663529411764706
 10
18.25221135029354
 20
3.482711301364922
 10
18.296947162426616
 20
3.495078708056531
 10
18.341682974559685
 20
3.47733633429621
 10
18.345237518846076
 20
3.4663529411764706
 10
18.36027520697577
 20
3.426509803921569
 10
18.386418786692758
 20
3.402315354569186
 10
18.43115459882583
 20
3.409149563811223
 10
18.475890410958904
 20
3.410637409669022
 10
18.520626223091973
 20
3.4118424414484823
 10
18.54070503637887
 20
3.426509803921569
 10
18.558317530489653
 20
3.4663529411764706
 10
18.56536203522505
 20
3.4799814459000817
 10
18.59901140785194
 20
3.5061960784313726
 10
18.61009784735812
 20
3.544580792876613
 10
18.610428131117736
 20
3.5460392156862746
 10
18.62351619267399
 20
3.585882352941176
 10
18.654833659491192
 20
3.6243981159062004
 10
18.660489363132523
 20
3.625725490196078
 10
18.699569471624265
 20
3.638808129181963
 10
18.714959261450602
 20
3.665568627450981
 10
18.74430528375734
 20
3.6918688026268844
 10
18.773809117380107
 20
3.705411764705883
 10
18.789041095890408
 20
3.7434832525676294
 10
18.78953483458268
 20
3.745254901960785
 10
18.833776908023484
 20
3.77360247817216
 10
18.878187835280972
 20
3.7850980392156863
 10
18.878512720156554
 20
3.7854193092133324
 10
18.923248532289627
 20
3.7953935179912346
 10
18.952452826805917
 20
3.8249411764705883
 10
18.9679843444227
 20
3.831288460809461
 10
19.012720156555773
 20
3.846841303608964
 10
19.029235584134135
 20
3.8647843137254903
 10
19.03054450934633
 20
3.9046274509803918
 10
19.032499903164776
 20
3.9444705882352937
 10
19.04046388222615
 20
3.9843137254901966
 10
19.012720156555773
 20
4.007853378366975
 10
18.9679843444227
 20
4.021412303812297
 10
18.957364305792755
 20
4.024156862745098
 10
18.936050661885716
 20
4.064
 10
18.94979374203089
 20
4.103843137254902
 10
18.9679843444227
 20
4.1129910271316605
 10
19.012720156555773
 20
4.106165139278861
 10
19.02247368895065
 20
4.103843137254902
 10
19.057455968688846
 20
4.0927707737230685
 10
19.10219178082192
 20
4.072797528346013
 10
19.146927592954988
 20
4.067891817353127
 10
19.16005066894031
 20
4.064
 10
19.19166340508806
 20
4.052982124741477
 10
19.20563009538664
 20
4.064
 10
19.236399217221134
 20
4.095599706788637
 10
19.243341448602585
 20
4.103843137254902
 10
19.236399217221134
 20
4.113928139813276
 10
19.218384315034175
 20
4.143686274509804
 10
19.236399217221134
 20
4.159911245353844
 10
19.281135029354207
 20
4.171674218632854
 10
19.30249246443371
 20
4.183529411764706
 10
19.32587084148728
 20
4.200881220615877
 10
19.33523569413638
 20
4.223372549019608
 10
19.32696632980641
 20
4.263215686274509
 10
19.32587084148728
 20
4.26622494131312
 10
19.308700706427068
 20
4.303058823529413
 10
19.307972269404573
 20
4.342901960784314
 10
19.31494884801419
 20
4.382745098039216
 10
19.32587084148728
 20
4.402525572347679
 10
19.33378334120958
 20
4.422588235294118
 10
19.350589820054612
 20
4.46243137254902
 10
19.370606653620353
 20
4.471220952484339
 10
19.415342465753422
 20
4.478870003420976
 10
19.460078277886495
 20
4.472849656847711
 10
19.497647104178963
 20
4.502274509803922
 10
19.50481409001957
 20
4.50669705863079
 10
19.52554422426195
 20
4.542117647058824
 10
19.51930623802315
 20
4.581960784313725
 10
19.50481409001957
 20
4.598312475682876
 10
19.460078277886495
 20
4.604140450910189
 10
19.415342465753422
 20
4.599258966059763
 10
19.370606653620353
 20
4.587781211865453
 10
19.365865727936228
 20
4.581960784313725
 10
19.32587084148728
 20
4.546862286701921
 10
19.281135029354207
 20
4.54552128157963
 10
19.276433480244723
 20
4.542117647058824
 10
19.281135029354207
 20
4.520426920848673
 10
19.28621833383676
 20
4.502274509803922
 10
19.281135029354207
 20
4.49546952910153
 10
19.236399217221134
 20
4.479172055439344
 10
19.19166340508806
 20
4.485282253569283
 10
19.148733857800984
 20
4.502274509803922
 10
19.146927592954988
 20
4.504199970861347
 10
19.10219178082192
 20
4.51485419515867
 10
19.06971936057741
 20
4.502274509803922
 10
19.057455968688846
 20
4.495458239763053
 10
19.012720156555773
 20
4.469406306831116
 10
19.003321343475005
 20
4.46243137254902
 10
18.991264672766036
 20
4.422588235294118
 10
18.9679843444227
 20
4.384496458693523
 10
18.967316038518256
 20
4.382745098039216
 10
18.963610894582285
 20
4.342901960784314
 10
18.9679843444227
 20
4.324630651338036
 10
18.97191620550454
 20
4.303058823529413
 10
18.9679843444227
 20
4.2963843448189705
 10
18.94618507213468
 20
4.263215686274509
 10
18.923248532289627
 20
4.24221299737489
 10
18.878512720156554
 20
4.239343407308374
 10
18.833776908023484
 20
4.256967968307894
 10
18.789041095890408
 20
4.259405845880001
 10
18.74430528375734
 20
4.249713186932421
 10
18.699569471624265
 20
4.231566373408737
 10
18.693283419376325
 20
4.223372549019608
 10
18.670437112146846
 20
4.183529411764706
 10
18.699569471624265
 20
4.143898575426171
 10
18.69975396926355
 20
4.143686274509804
 10
18.74430528375734
 20
4.114205551363763
 10
18.789041095890408
 20
4.124641846554548
 10
18.833776908023484
 20
4.133258463389431
 10
18.855886245133615
 20
4.103843137254902
 10
18.833776908023484
 20
4.0682983033102005
 10
18.789041095890408
 20
4.0690110413598015
 10
18.784742574179695
 20
4.064
 10
18.761444732298212
 20
4.024156862745098
 10
18.754137340426187
 20
3.9843137254901966
 10
18.74430528375734
 20
3.9735163014990267
 10
18.699569471624265
 20
3.9477722504564983
 10
18.697015878046965
 20
3.9444705882352937
 10
18.654833659491192
 20
3.9232702591035458
 10
18.61009784735812
 20
3.9156026332164906
 10
18.56536203522505
 20
3.9114904446071574
 10
18.520626223091973
 20
3.90629039816631
 10
18.510225608679004
 20
3.9046274509803918
 10
18.475890410958904
 20
3.872719606330694
 10
18.474351119063716
 20
3.8647843137254903
 10
18.468722800966756
 20
3.8249411764705883
 10
18.463815202550762
 20
3.7850980392156863
 10
18.455011567944137
 20
3.745254901960785
 10
18.43115459882583
 20
3.7078824545924163
 10
18.42708896653451
 20
3.705411764705883
 10
18.398324623504504
 20
3.665568627450981
 10
18.386418786692758
 20
3.656840207027219
 10
18.341682974559685
 20
3.650146910561882
 10
18.296947162426616
 20
3.6293502462188463
 10
18.29153316325177
 20
3.625725490196078
 10
18.29234364484371
 20
3.585882352941176
 10
18.25221135029354
 20
3.5663048660581858
 10
18.21997468759284
 20
3.585882352941176
 10
18.22925391335577
 20
3.625725490196078
 10
18.240713362743207
 20
3.665568627450981
 10
18.207627334617523
 20
3.705411764705883
 10
18.20747553816047
 20
3.705553512461978
 10
18.162739726027397
 20
3.731721636819941
 10
18.118003913894324
 20
3.711202725194611
 10
18.10852544987774
 20
3.705411764705883
 10
18.08827525633219
 20
3.665568627450981
 10
18.07698397729428
 20
3.625725490196078
 10
18.078827871988235
 20
3.585882352941176
 10
18.099343892319844
 20
3.5460392156862746
 10
18.09636515876096
 20
3.5061960784313726
 10
18.07326810176125
 20
3.4860703869415213
 10
18.03587975597184
 20
3.4663529411764706
 10
18.02853228962818
 20
3.462911513780929
 10
18.005166112483163
 20
3.4663529411764706
 10
17.983796477495105
 20
3.470502881598516
 10
17.939060665362035
 20
3.4672917260341407
 10
17.935941700766456
 20
3.4663529411764706
 10
17.894324853228962
 20
3.446249404163471
 10
17.84958904109589
 20
3.4354347539248464
 10
17.841261810975215
 20
3.426509803921569
 10
17.81223186059382
 20
3.386666666666667
 10
17.804853228962816
 20
3.376101583805582
 10
17.790441872574867
 20
3.346823529411765
 10
17.80240487833899
 20
3.3069803921568623
 10
17.804853228962816
 20
3.3051719999855407
 10
17.823873665690222
 20
3.2671372549019604
 10
17.83078619123322
 20
3.227294117647059
 10
17.812629456396852
 20
3.187450980392157
 10
17.804853228962816
 20
3.1828455955577244
 10
17.784524008448898
 20
3.187450980392157
 10
17.760117416829747
 20
3.1917284402756327
 10
17.756232495294093
 20
3.187450980392157
 10
17.7548746368226
 20
3.147607843137255
 10
17.71538160469667
 20
3.1118190779716244
 10
17.709150771259335
 20
3.1077647058823534
 10
17.69638408173288
 20
3.0679215686274515
 10
17.691069736678422
 20
3.0280784313725495
 10
17.697241534918987
 20
2.9882352941176467
 10
17.71538160469667
 20
2.9753482698008766
 10
17.760117416829747
 20
2.9697478748157935
 10
17.79944341578248
 20
2.9882352941176467
  0
LWPOLYLINE
  5
DC
330
17
100
AcDbEntity
  8
CONDUCTIVE_METASURFACE
100
AcDbPolyline
 90
217
 70
1
 10
22.341529838579877
 20
2.9882352941176467
 10
22.34807346877282
 20
3.0280784313725495
 10
22.342592557125208
 20
3.0679215686274515
 10
22.329705340619864
 20
3.1077647058823534
 10
22.32317025440313
 20
3.1119870762900055
 10
22.283761721506412
 20
3.147607843137255
 10
22.282256078246117
 20
3.187450980392157
 10
22.278434442270058
 20
3.191638380689347
 10
22.254079666779955
 20
3.187450980392157
 10
22.233698630136985
 20
3.1829237493586118
 10
22.226058221397892
 20
3.187450980392157
 10
22.207759294389447
 20
3.227294117647059
 10
22.214619817651915
 20
3.2671372549019604
 10
22.233698630136985
 20
3.3053715220322544
 10
22.235860739429796
 20
3.3069803921568623
 10
22.24782318858771
 20
3.346823529411765
 10
22.233698630136985
 20
3.375744723483576
 10
22.226045471780804
 20
3.386666666666667
 10
22.19679435221612
 20
3.426509803921569
 10
22.188962818003912
 20
3.4348807652695927
 10
22.144227005870842
 20
3.4456188126555976
 10
22.101457762736413
 20
3.4663529411764706
 10
22.099491193737766
 20
3.466948198760232
 10
22.054755381604696
 20
3.470248160796331
 10
22.034239995591
 20
3.4663529411764706
 10
22.010019569471623
 20
3.46285114747459
 10
22.002525567230244
 20
3.4663529411764706
 10
21.96528375733855
 20
3.4857680987922395
 10
21.941701992290284
 20
3.5061960784313726
 10
21.938480032003305
 20
3.5460392156862746
 10
21.958268940499345
 20
3.585882352941176
 10
21.961006065126234
 20
3.625725490196078
 10
21.950123139557576
 20
3.665568627450981
 10
21.929747881715336
 20
3.705411764705883
 10
21.920547945205477
 20
3.711010265192085
 10
21.875812133072408
 20
3.731357919338243
 10
21.831314822959314
 20
3.705411764705883
 10
21.83107632093933
 20
3.7052473550751532
 10
21.79797542841629
 20
3.665568627450981
 10
21.809693274908632
 20
3.625725490196078
 10
21.819367973066903
 20
3.585882352941176
 10
21.786340508806262
 20
3.566191089612247
 10
21.746430806197477
 20
3.585882352941176
 10
21.747231031116666
 20
3.625725490196078
 10
21.74160469667319
 20
3.629553847598945
 10
21.696868884540116
 20
3.6503037041668636
 10
21.652133072407043
 20
3.656811867821296
 10
21.640009687588254
 20
3.665568627450981
 10
21.611104315095982
 20
3.705411764705883
 10
21.607397260273974
 20
3.7076860541225756
 10
21.583593574301126
 20
3.745254901960785
 10
21.574984436817733
 20
3.7850980392156863
 10
21.570367240713797
 20
3.8249411764705883
 10
21.564528632987958
 20
3.8647843137254903
 10
21.562661448140897
 20
3.8740476284076815
 10
21.52683549724771
 20
3.9046274509803918
 10
21.517925636007828
 20
3.9059984043262683
 10
21.473189823874755
 20
3.911011195631516
 10
21.42845401174168
 20
3.915382073266716
 10
21.38371819960861
 20
3.923222886550999
 10
21.341756636033505
 20
3.9444705882352937
 10
21.33898238747554
 20
3.9480917785594327
 10
21.294246575342463
 20
3.9737101319276444
 10
21.284446420744494
 20
3.9843137254901966
 10
21.276931142153437
 20
4.024156862745098
 10
21.253580716337314
 20
4.064
 10
21.249510763209393
 20
4.068821965819799
 10
21.20477495107632
 20
4.068100173544855
 10
21.182793426804267
 20
4.103843137254902
 10
21.20477495107632
 20
4.1325541199907505
 10
21.249510763209393
 20
4.124289731718893
 10
21.294246575342463
 20
4.114083573010907
 10
21.33898238747554
 20
4.14355102161935
 10
21.339141609805363
 20
4.143686274509804
 10
21.36852311930186
 20
4.183529411764706
 10
21.345484507879352
 20
4.223372549019608
 10
21.33898238747554
 20
4.231814426349945
 10
21.294246575342463
 20
4.2498498437341095
 10
21.249510763209393
 20
4.25990620932919
 10
21.20477495107632
 20
4.258264012112542
 10
21.160039138943247
 20
4.239991759761779
 10
21.115303326810174
 20
4.242644736682144
 10
21.09270627449706
 20
4.263215686274509
 10
21.070567514677105
 20
4.2965149573090775
 10
21.06670349020573
 20
4.303058823529413
 10
21.070567514677105
 20
4.323869474915327
 10
21.07522706227008
 20
4.342901960784314
 10
21.071621615756257
 20
4.382745098039216
 10
21.070567514677105
 20
4.385523037624827
 10
21.04799535874959
 20
4.422588235294118
 10
21.0358526877816
 20
4.46243137254902
 10
21.02583170254403
 20
4.469847909615176
 10
20.98109589041096
 20
4.49570287456377
 10
20.969233457429244
 20
4.502274509803922
 10
20.936360078277886
 20
4.515109783977448
 10
20.891624266144813
 20
4.50445513834493
 10
20.88959376170017
 20
4.502274509803922
 10
20.84688845401174
 20
4.485334336306512
 10
20.80215264187867
 20
4.4791778656663865
 10
20.757416829745594
 20
4.495348866978334
 10
20.752245974840925
 20
4.502274509803922
 10
20.757416829745594
 20
4.520379947865666
 10
20.7622196884841
 20
4.542117647058824
 10
20.757416829745594
 20
4.545577777397378
 10
20.712681017612525
 20
4.5467870881044075
 10
20.67249755367435
 20
4.581960784313725
 10
20.66794520547945
 20
4.587510289320954
 10
20.62320939334638
 20
4.598880643268608
 10
20.578473581213306
 20
4.603613791575592
 10
20.533737769080233
 20
4.598116955316918
 10
20.51926819656666
 20
4.581960784313725
 10
20.51298010835935
 20
4.542117647058824
 10
20.533737769080233
 20
4.507092661670071
 10
20.541641551078875
 20
4.502274509803922
 10
20.578473581213306
 20
4.4738370748414615
 10
20.62320939334638
 20
4.479423942301495
 10
20.66794520547945
 20
4.47163359249217
 10
20.688785671037238
 20
4.46243137254902
 10
20.705194945084664
 20
4.422588235294118
 10
20.712681017612525
 20
4.403795522798828
 10
20.724374728290133
 20
4.382745098039216
 10
20.731131753609564
 20
4.342901960784314
 10
20.730411231729967
 20
4.303058823529413
 10
20.712681017612525
 20
4.264880025082859
 10
20.71207238511895
 20
4.263215686274509
 10
20.70353400175061
 20
4.223372549019608
 10
20.712681017612525
 20
4.201289818777292
 10
20.736413066911076
 20
4.183529411764706
 10
20.757416829745594
 20
4.171836074101934
 10
20.80215264187867
 20
4.160094520652478
 10
20.820361761822017
 20
4.143686274509804
 10
20.80215264187867
 20
4.113702566456893
 10
20.795354816086384
 20
4.103843137254902
 10
20.80215264187867
 20
4.095715250292866
 10
20.83293775558942
 20
4.064
 10
20.84688845401174
 20
4.053004329016955
 10
20.878462462148157
 20
4.064
 10
20.891624266144813
 20
4.067901544620911
 10
20.936360078277886
 20
4.072900914549153
 10
20.98109589041096
 20
4.092868542455515
 10
21.01569643723017
 20
4.103843137254902
 10
21.02583170254403
 20
4.1062604549570905
 10
21.070567514677105
 20
4.113041988725776
 10
21.088934625583406
 20
4.103843137254902
 10
21.10282070802868
 20
4.064
 10
21.082899562708366
 20
4.024156862745098
 10
21.070567514677105
 20
4.02099109331582
 10
21.02583170254403
 20
4.0075980406484435
 10
20.9986662052569
 20
3.9843137254901966
 10
21.00633964510124
 20
3.9444705882352937
 10
21.008010196734997
 20
3.9046274509803918
 10
21.009363218045632
 20
3.8647843137254903
 10
21.02583170254403
 20
3.8469014963045547
 10
21.070567514677105
 20
3.8312152634060292
 10
21.08586962573305
 20
3.8249411764705883
 10
21.115303326810174
 20
3.7949719490124254
 10
21.158401669317882
 20
3.7850980392156863
 10
21.160039138943247
 20
3.7848038874974472
 10
21.20477495107632
 20
3.7731471752238543
 10
21.248020390333846
 20
3.745254901960785
 10
21.249510763209393
 20
3.7402177744663874
 10
21.264199980097686
 20
3.705411764705883
 10
21.294246575342463
 20
3.6917051444222757
 10
21.323776322653824
 20
3.665568627450981
 10
21.33898238747554
 20
3.639291386585406
 10
21.381728694554266
 20
3.625725490196078
 10
21.38371819960861
 20
3.6252856887172618
 10
21.415546753582657
 20
3.585882352941176
 10
21.42845401174168
 20
3.546328418095813
 10
21.428814549325995
 20
3.5460392156862746
 10
21.440013827067194
 20
3.5061960784313726
 10
21.473189823874755
 20
3.4801859198613982
 10
21.480316608821116
 20
3.4663529411764706
 10
21.497779326288377
 20
3.426509803921569
 10
21.517925636007828
 20
3.411800697629602
 10
21.562661448140897
 20
3.41063491368804
 10
21.607397260273974
 20
3.4088933957955576
 10
21.652133072407043
 20
3.401800412829024
 10
21.67856337501016
 20
3.426509803921569
 10
21.69378729874845
 20
3.4663529411764706
 10
21.696868884540116
 20
3.4758114460175813
 10
21.74160469667319
 20
3.49479409963374
 10
21.786340508806262
 20
3.482554037201974
 10
21.796611727737716
 20
3.4663529411764706
 10
21.788947628406227
 20
3.426509803921569
 10
21.786340508806262
 20
3.417823043862201
 10
21.77390849561333
 20
3.386666666666667
 10
21.751482564574783
 20
3.346823529411765
 10
21.745974428008445
 20
3.3069803921568623
 10
21.74160469667319
 20
3.29529252871451
 10
21.729233871205096
 20
3.2671372549019604
 10
21.74160469667319
 20
3.254698120143322
 10
21.7770848897787
 20
3.227294117647059
 10
21.786340508806262
 20
3.221111205302776
 10
21.797663831136212
 20
3.227294117647059
 10
21.83107632093933
 20
3.2433387899546786
 10
21.849293739272035
 20
3.227294117647059
 10
21.862501180510026
 20
3.187450980392157
 10
21.875812133072408
 20
3.1684294314741805
 10
21.895294771365847
 20
3.147607843137255
 10
21.920547945205477
 20
3.139267221381939
 10
21.96528375733855
 20
3.146632176288646
 10
21.968662514204812
 20
3.147607843137255
 10
22.010019569471623
 20
3.1629001113496322
 10
22.054755381604696
 20
3.1635488738896402
 10
22.099491193737766
 20
3.157335299968232
 10
22.121700692365614
 20
3.147607843137255
 10
22.144227005870842
 20
3.1405607367026045
 10
22.188962818003912
 20
3.125592354386065
 10
22.198831781490117
 20
3.1077647058823534
 10
22.207420157028388
 20
3.0679215686274515
 10
22.20066053064075
 20
3.0280784313725495
 10
22.233698630136985
 20
2.9946184932026636
 10
22.238664306306895
 20
2.9882352941176467
 10
22.278434442270058
 20
2.9697724052922023
 10
22.32317025440313
 20
2.9753281689317768
 10
22.341529838579877
 20
2.9882352941176467
  0
LWPOLYLINE
  5
DD
330
17
100
AcDbEntity
  8
CONDUCTIVE_METASURFACE
100
AcDbPolyline
 90
13
 70
1
 10
22.302933592374707
 20
4.502274509803922
 10
22.32317025440313
 20
4.53475390211079
 10
22.325168789830986
 20
4.542117647058824
 10
22.32317025440313
 20
4.553022426893045
 10
22.290580488230223
 20
4.581960784313725
 10
22.278434442270058
 20
4.583720320169459
 10
22.270386108156806
 20
4.581960784313725
 10
22.233698630136985
 20
4.563686091828837
 10
22.22591243169013
 20
4.542117647058824
 10
22.233698630136985
 20
4.522884469226841
 10
22.25680010360198
 20
4.502274509803922
 10
22.278434442270058
 20
4.4952939184294065
 10
22.302933592374707
 20
4.502274509803922
  0
LWPOLYLINE
  5
DE
330
17
100
AcDbEntity
  8
CONDUCTIVE_METASURFACE
100
AcDbPolyline
 90
5
 70
1
 10
0.05301358303357451
 20
3.9444705882352937
 10
0.0447358121330724
 20
3.974136531889699
 10
0.03378951329532973
 20
3.9444705882352937
 10
0.0447358121330724
 20
3.9392463300454
 10
0.05301358303357451
 20
3.9444705882352937
  0
LWPOLYLINE
  5
DF
330
17
100
AcDbEntity
  8
CONDUCTIVE_METASURFACE
100
AcDbPolyline
 90
5
 70
1
 10
5.647892803910167
 20
3.9444705882352937
 10
5.636712328767123
 20
3.974518104960956
 10
5.6282106739803615
 20
3.9444705882352937
 10
5.636712328767123
 20
3.9391229650945587
 10
5.647892803910167
 20
3.9444705882352937
  0
LWPOLYLINE
  5
E0
330
17
100
AcDbEntity
  8
CONDUCTIVE_METASURFACE
100
AcDbPolyline
 90
5
 70
1
 10
5.779197536066842
 20
3.9444705882352937
 10
5.77091976516634
 20
3.974136531889699
 10
5.759973466328599
 20
3.9444705882352937
 10
5.77091976516634
 20
3.9392463300454
 10
5.779197536066842
 20
3.9444705882352937
  0
LWPOLYLINE
  5
E1
330
17
100
AcDbEntity
  8
CONDUCTIVE_METASURFACE
100
AcDbPolyline
 90
5
 70
1
 10
11.374076756943435
 20
3.9444705882352937
 10
11.36289628180039
 20
3.974518104960956
 10
11.354394627013628
 20
3.9444705882352937
 10
11.36289628180039
 20
3.9391229650945587
 10
11.374076756943435
 20
3.9444705882352937
  0
LWPOLYLINE
  5
E2
330
17
100
AcDbEntity
  8
CONDUCTIVE_METASURFACE
100
AcDbPolyline
 90
5
 70
1
 10
11.505381489100111
 20
3.9444705882352937
 10
11.49710371819961
 20
3.974136531889699
 10
11.486157419361865
 20
3.9444705882352937
 10
11.49710371819961
 20
3.9392463300454
 10
11.505381489100111
 20
3.9444705882352937
  0
LWPOLYLINE
  5
E3
330
17
100
AcDbEntity
  8
CONDUCTIVE_METASURFACE
100
AcDbPolyline
 90
5
 70
1
 10
17.100260709976705
 20
3.9444705882352937
 10
17.08908023483366
 20
3.974518104960956
 10
17.0805785800469
 20
3.9444705882352937
 10
17.08908023483366
 20
3.9391229650945587
 10
17.100260709976705
 20
3.9444705882352937
  0
LWPOLYLINE
  5
E4
330
17
100
AcDbEntity
  8
CONDUCTIVE_METASURFACE
100
AcDbPolyline
 90
5
 70
1
 10
17.23156544213338
 20
3.9444705882352937
 10
17.223287671232878
 20
3.974136531889699
 10
17.212341372395134
 20
3.9444705882352937
 10
17.223287671232878
 20
3.9392463300454
 10
17.23156544213338
 20
3.9444705882352937
  0
LWPOLYLINE
  5
E5
330
17
100
AcDbEntity
  8
CONDUCTIVE_METASURFACE
100
AcDbPolyline
 90
5
 70
1
 10
22.826444663009973
 20
3.9444705882352937
 10
22.815264187866926
 20
3.974518104960956
 10
22.806762533080168
 20
3.9444705882352937
 10
22.815264187866926
 20
3.9391229650945587
 10
22.826444663009973
 20
3.9444705882352937
  0
LWPOLYLINE
  5
E6
330
17
100
AcDbEntity
  8
CONDUCTIVE_METASURFACE
100
AcDbPolyline
 90
5
 70
1
 10
1.3420743639921722
 20
3.8411147921011763
 10
1.299707784790247
 20
3.8647843137254903
 10
1.3420743639921722
 20
3.9020866296657757
 10
1.3684195769204308
 20
3.8647843137254903
 10
1.3420743639921722
 20
3.8411147921011763
  0
LWPOLYLINE
  5
E7
330
17
100
AcDbEntity
  8
CONDUCTIVE_METASURFACE
100
AcDbPolyline
 90
5
 70
1
 10
4.339373776908023
 20
3.841320466014664
 10
4.3127977017210695
 20
3.8647843137254903
 10
4.339373776908023
 20
3.902517321333452
 10
4.381256711919603
 20
3.8647843137254903
 10
4.339373776908023
 20
3.841320466014664
  0
LWPOLYLINE
  5
E8
330
17
100
AcDbEntity
  8
CONDUCTIVE_METASURFACE
100
AcDbPolyline
 90
5
 70
1
 10
7.06825831702544
 20
3.8411147921011763
 10
7.025891737823515
 20
3.8647843137254903
 10
7.06825831702544
 20
3.9020866296657757
 10
7.094603529953699
 20
3.8647843137254903
 10
7.06825831702544
 20
3.8411147921011763
  0
LWPOLYLINE
  5
E9
330
17
100
AcDbEntity
  8
CONDUCTIVE_METASURFACE
100
AcDbPolyline
 90
5
 70
1
 10
10.065557729941291
 20
3.841320466014664
 10
10.038981654754338
 20
3.8647843137254903
 10
10.065557729941291
 20
3.902517321333452
 10
10.10744066495287
 20
3.8647843137254903
 10
10.065557729941291
 20
3.841320466014664
  0
LWPOLYLINE
  5
EA
330
17
100
AcDbEntity
  8
CONDUCTIVE_METASURFACE
100
AcDbPolyline
 90
5
 70
1
 10
12.794442270058708
 20
3.8411147921011763
 10
12.752075690856785
 20
3.8647843137254903
 10
12.794442270058708
 20
3.9020866296657757
 10
12.820787482986967
 20
3.8647843137254903
 10
12.794442270058708
 20
3.8411147921011763
  0
LWPOLYLINE
  5
EB
330
17
100
AcDbEntity
  8
CONDUCTIVE_METASURFACE
100
AcDbPolyline
 90
5
 70
1
 10
15.79174168297456
 20
3.841320466014664
 10
15.765165607787607
 20
3.8647843137254903
 10
15.79174168297456
 20
3.902517321333452
 10
15.833624617986139
 20
3.8647843137254903
 10
15.79174168297456
 20
3.841320466014664
  0
LWPOLYLINE
  5
EC
330
17
100
AcDbEntity
  8
CONDUCTIVE_METASURFACE
100
AcDbPolyline
 90
5
 70
1
 10
18.520626223091973
 20
3.8411147921011763
 10
18.478259643890052
 20
3.8647843137254903
 10
18.520626223091973
 20
3.9020866296657757
 10
18.546971436020236
 20
3.8647843137254903
 10
18.520626223091973
 20
3.8411147921011763
  0
LWPOLYLINE
  5
ED
330
17
100
AcDbEntity
  8
CONDUCTIVE_METASURFACE
100
AcDbPolyline
 90
5
 70
1
 10
21.517925636007828
 20
3.841320466014664
 10
21.491349560820872
 20
3.8647843137254903
 10
21.517925636007828
 20
3.902517321333452
 10
21.559808571019406
 20
3.8647843137254903
 10
21.517925636007828
 20
3.841320466014664
  0
LWPOLYLINE
  5
EE
330
17
100
AcDbEntity
  8
CONDUCTIVE_METASURFACE
100
AcDbPolyline
 90
7
 70
1
 10
1.5657534246575342
 20
3.811858860891947
 10
1.5210176125244617
 20
3.8208439431905217
 10
1.5169684212177232
 20
3.8249411764705883
 10
1.5210176125244617
 20
3.830003245685546
 10
1.5657534246575342
 20
3.8512731567788623
 10
1.6049005735822808
 20
3.8249411764705883
 10
1.5657534246575342
 20
3.811858860891947
  0
LWPOLYLINE
  5
EF
330
17
100
AcDbEntity
  8
CONDUCTIVE_METASURFACE
100
AcDbPolyline
 90
7
 70
1
 10
4.160430528375733
 20
3.8210128666379175
 10
4.115694716242661
 20
3.812439043781713
 10
4.078044924334363
 20
3.8249411764705883
 10
4.115694716242661
 20
3.850397898719979
 10
4.160430528375733
 20
3.8298208927877018
 10
4.164367773401891
 20
3.8249411764705883
 10
4.160430528375733
 20
3.8210128666379175
  0
LWPOLYLINE
  5
F0
330
17
100
AcDbEntity
  8
CONDUCTIVE_METASURFACE
100
AcDbPolyline
 90
7
 70
1
 10
7.291937377690802
 20
3.811858860891947
 10
7.247201565557729
 20
3.8208439431905217
 10
7.2431523742509905
 20
3.8249411764705883
 10
7.247201565557729
 20
3.830003245685546
 10
7.291937377690802
 20
3.8512731567788623
 10
7.331084526615548
 20
3.8249411764705883
 10
7.291937377690802
 20
3.811858860891947
  0
LWPOLYLINE
  5
F1
330
17
100
AcDbEntity
  8
CONDUCTIVE_METASURFACE
100
AcDbPolyline
 90
7
 70
1
 10
9.886614481409001
 20
3.8210128666379175
 10
9.841878669275928
 20
3.812439043781713
 10
9.804228877367631
 20
3.8249411764705883
 10
9.841878669275928
 20
3.850397898719979
 10
9.886614481409001
 20
3.8298208927877018
 10
9.89055172643516
 20
3.8249411764705883
 10
9.886614481409001
 20
3.8210128666379175
  0
LWPOLYLINE
  5
F2
330
17
100
AcDbEntity
  8
CONDUCTIVE_METASURFACE
100
AcDbPolyline
 90
7
 70
1
 10
13.018121330724071
 20
3.811858860891947
 10
12.973385518590996
 20
3.8208439431905217
 10
12.96933632728426
 20
3.8249411764705883
 10
12.973385518590996
 20
3.830003245685546
 10
13.018121330724071
 20
3.8512731567788623
 10
13.057268479648817
 20
3.8249411764705883
 10
13.018121330724071
 20
3.811858860891947
  0
LWPOLYLINE
  5
F3
330
17
100
AcDbEntity
  8
CONDUCTIVE_METASURFACE
100
AcDbPolyline
 90
7
 70
1
 10
15.61279843444227
 20
3.8210128666379175
 10
15.568062622309196
 20
3.812439043781713
 10
15.530412830400898
 20
3.8249411764705883
 10
15.568062622309196
 20
3.850397898719979
 10
15.61279843444227
 20
3.8298208927877018
 10
15.616735679468427
 20
3.8249411764705883
 10
15.61279843444227
 20
3.8210128666379175
  0
LWPOLYLINE
  5
F4
330
17
100
AcDbEntity
  8
CONDUCTIVE_METASURFACE
100
AcDbPolyline
 90
7
 70
1
 10
18.74430528375734
 20
3.811858860891947
 10
18.699569471624265
 20
3.8208439431905217
 10
18.695520280317528
 20
3.8249411764705883
 10
18.699569471624265
 20
3.830003245685546
 10
18.74430528375734
 20
3.8512731567788623
 10
18.783452432682086
 20
3.8249411764705883
 10
18.74430528375734
 20
3.811858860891947
  0
LWPOLYLINE
  5
F5
330
17
100
AcDbEntity
  8
CONDUCTIVE_METASURFACE
100
AcDbPolyline
 90
7
 70
1
 10
21.33898238747554
 20
3.8210128666379175
 10
21.294246575342463
 20
3.812439043781713
 10
21.256596783434166
 20
3.8249411764705883
 10
21.294246575342463
 20
3.850397898719979
 10
21.33898238747554
 20
3.8298208927877018
 10
21.342919632501694
 20
3.8249411764705883
 10
21.33898238747554
 20
3.8210128666379175
  0
LWPOLYLINE
  5
F6
330
17
100
AcDbEntity
  8
CONDUCTIVE_METASURFACE
100
AcDbPolyline
 90
7
 70
1
 10
1.3868101761252445
 20
3.632036283079766
 10
1.358227244891124
 20
3.665568627450981
 10
1.3813310083543677
 20
3.705411764705883
 10
1.3868101761252445
 20
3.7089185433475453
 10
1.391221058919991
 20
3.705411764705883
 10
1.4008476499866422
 20
3.665568627450981
 10
1.3868101761252445
 20
3.632036283079766
  0
LWPOLYLINE
  5
F7
330
17
100
AcDbEntity
  8
CONDUCTIVE_METASURFACE
100
AcDbPolyline
 90
7
 70
1
 10
4.29463796477495
 20
3.6307028018126384
 10
4.279949095653061
 20
3.665568627450981
 10
4.29003751490435
 20
3.705411764705883
 10
4.29463796477495
 20
3.7090181694819178
 10
4.30032178027092
 20
3.705411764705883
 10
4.324203756703622
 20
3.665568627450981
 10
4.29463796477495
 20
3.6307028018126384
  0
LWPOLYLINE
  5
F8
330
17
100
AcDbEntity
  8
CONDUCTIVE_METASURFACE
100
AcDbPolyline
 90
7
 70
1
 10
7.112994129158512
 20
3.632036283079766
 10
7.084411197924392
 20
3.665568627450981
 10
7.107514961387636
 20
3.705411764705883
 10
7.112994129158512
 20
3.7089185433475453
 10
7.1174050119532595
 20
3.705411764705883
 10
7.12703160301991
 20
3.665568627450981
 10
7.112994129158512
 20
3.632036283079766
  0
LWPOLYLINE
  5
F9
330
17
100
AcDbEntity
  8
CONDUCTIVE_METASURFACE
100
AcDbPolyline
 90
7
 70
1
 10
10.020821917808219
 20
3.6307028018126384
 10
10.006133048686328
 20
3.665568627450981
 10
10.016221467937617
 20
3.705411764705883
 10
10.020821917808219
 20
3.7090181694819178
 10
10.02650573330419
 20
3.705411764705883
 10
10.05038770973689
 20
3.665568627450981
 10
10.020821917808219
 20
3.6307028018126384
  0
LWPOLYLINE
  5
FA
330
17
100
AcDbEntity
  8
CONDUCTIVE_METASURFACE
100
AcDbPolyline
 90
7
 70
1
 10
12.839178082191781
 20
3.632036283079766
 10
12.81059515095766
 20
3.665568627450981
 10
12.833698914420903
 20
3.705411764705883
 10
12.839178082191781
 20
3.7089185433475453
 10
12.843588964986527
 20
3.705411764705883
 10
12.853215556053177
 20
3.665568627450981
 10
12.839178082191781
 20
3.632036283079766
  0
LWPOLYLINE
  5
FB
330
17
100
AcDbEntity
  8
CONDUCTIVE_METASURFACE
100
AcDbPolyline
 90
7
 70
1
 10
15.747005870841486
 20
3.6307028018126384
 10
15.732317001719597
 20
3.665568627450981
 10
15.742405420970888
 20
3.705411764705883
 10
15.747005870841486
 20
3.7090181694819178
 10
15.752689686337456
 20
3.705411764705883
 10
15.77657166277016
 20
3.665568627450981
 10
15.747005870841486
 20
3.6307028018126384
  0
LWPOLYLINE
  5
FC
330
17
100
AcDbEntity
  8
CONDUCTIVE_METASURFACE
100
AcDbPolyline
 90
7
 70
1
 10
18.56536203522505
 20
3.632036283079766
 10
18.536779103990927
 20
3.665568627450981
 10
18.559882867454174
 20
3.705411764705883
 10
18.56536203522505
 20
3.7089185433475453
 10
18.569772918019794
 20
3.705411764705883
 10
18.579399509086446
 20
3.665568627450981
 10
18.56536203522505
 20
3.632036283079766
  0
LWPOLYLINE
  5
FD
330
17
100
AcDbEntity
  8
CONDUCTIVE_METASURFACE
100
AcDbPolyline
 90
7
 70
1
 10
21.473189823874755
 20
3.6307028018126384
 10
21.458500954752864
 20
3.665568627450981
 10
21.468589374004154
 20
3.705411764705883
 10
21.473189823874755
 20
3.7090181694819178
 10
21.478873639370725
 20
3.705411764705883
 10
21.502755615803427
 20
3.665568627450981
 10
21.473189823874755
 20
3.6307028018126384
  0
LWPOLYLINE
  5
FE
330
17
100
AcDbEntity
  8
CONDUCTIVE_METASURFACE
100
AcDbPolyline
 90
23
 70
1
 10
2.3546532655114527
 20
3.1077647058823534
 10
2.3709980430528375
 20
3.1199448080195387
 10
2.402800263662503
 20
3.147607843137255
 10
2.41573385518591
 20
3.1738257200325055
 10
2.420300774126581
 20
3.187450980392157
 10
2.41573385518591
 20
3.198977842280638
 10
2.3709980430528375
 20
3.2049411892299835
 10
2.3460477278605345
 20
3.227294117647059
 10
2.3642245806979627
 20
3.2671372549019604
 10
2.326262230919765
 20
3.2900485127256913
 10
2.2815264187866924
 20
3.2762559900045334
 10
2.275074885456134
 20
3.2671372549019604
 10
2.2815264187866924
 20
3.251919618504097
 10
2.305218476998054
 20
3.227294117647059
 10
2.326262230919765
 20
3.2137365739714605
 10
2.3559097244052625
 20
3.187450980392157
 10
2.330896684210214
 20
3.147607843137255
 10
2.326262230919765
 20
3.1423775775163274
 10
2.2815264187866924
 20
3.1217570522286415
 10
2.275372240181451
 20
3.1077647058823534
 10
2.2815264187866924
 20
3.098777193263082
 10
2.326262230919765
 20
3.0896018306966586
 10
2.3546532655114527
 20
3.1077647058823534
  0
LWPOLYLINE
  5
FF
330
17
100
AcDbEntity
  8
CONDUCTIVE_METASURFACE
100
AcDbPolyline
 90
23
 70
1
 10
3.405738353255796
 20
3.1077647058823534
 10
3.3999217221135027
 20
3.120914496099592
 10
3.35518590998043
 20
3.141845451416059
 10
3.350120927420236
 20
3.147607843137255
 10
3.3251638273484194
 20
3.187450980392157
 10
3.35518590998043
 20
3.214502814782755
 10
3.374974606569097
 20
3.227294117647059
 10
3.3999217221135027
 20
3.253167760585807
 10
3.4058304934141446
 20
3.2671372549019604
 10
3.3999217221135027
 20
3.2754972797192443
 10
3.35518590998043
 20
3.2895213155479768
 10
3.3186065622626364
 20
3.2671372549019604
 10
3.3367239522683563
 20
3.227294117647059
 10
3.3104500978473577
 20
3.204240917585794
 10
3.2657142857142856
 20
3.1983572452745967
 10
3.2613592775164397
 20
3.187450980392157
 10
3.2657142857142856
 20
3.1744029657228507
 10
3.2789094989381775
 20
3.147607843137255
 10
3.3104500978473577
 20
3.12006884751576
 10
3.3270799567171405
 20
3.1077647058823534
 10
3.35518590998043
 20
3.0899057978142257
 10
3.3999217221135027
 20
3.0992694717639706
 10
3.405738353255796
 20
3.1077647058823534
  0
LWPOLYLINE
  5
100
330
17
100
AcDbEntity
  8
CONDUCTIVE_METASURFACE
100
AcDbPolyline
 90
23
 70
1
 10
8.08083721854472
 20
3.1077647058823534
 10
8.097181996086105
 20
3.1199448080195387
 10
8.128984216695772
 20
3.147607843137255
 10
8.141917808219178
 20
3.1738257200325055
 10
8.146484727159848
 20
3.187450980392157
 10
8.141917808219178
 20
3.198977842280638
 10
8.097181996086105
 20
3.2049411892299835
 10
8.072231680893804
 20
3.227294117647059
 10
8.090408533731232
 20
3.2671372549019604
 10
8.052446183953032
 20
3.2900485127256913
 10
8.007710371819961
 20
3.2762559900045334
 10
8.0012588384894
 20
3.2671372549019604
 10
8.007710371819961
 20
3.251919618504097
 10
8.031402430031322
 20
3.227294117647059
 10
8.052446183953032
 20
3.2137365739714605
 10
8.08209367743853
 20
3.187450980392157
 10
8.057080637243482
 20
3.147607843137255
 10
8.052446183953032
 20
3.1423775775163274
 10
8.007710371819961
 20
3.1217570522286415
 10
8.00155619321472
 20
3.1077647058823534
 10
8.007710371819961
 20
3.098777193263082
 10
8.052446183953032
 20
3.0896018306966586
 10
8.08083721854472
 20
3.1077647058823534
  0
LWPOLYLINE
  5
101
330
17
100
AcDbEntity
  8
CONDUCTIVE_METASURFACE
100
AcDbPolyline
 90
23
 70
1
 10
9.131922306289063
 20
3.1077647058823534
 10
9.12610567514677
 20
3.120914496099592
 10
9.081369863013698
 20
3.141845451416059
 10
9.076304880453504
 20
3.147607843137255
 10
9.051347780381688
 20
3.187450980392157
 10
9.081369863013698
 20
3.214502814782755
 10
9.101158559602364
 20
3.227294117647059
 10
9.12610567514677
 20
3.253167760585807
 10
9.132014446447412
 20
3.2671372549019604
 10
9.12610567514677
 20
3.2754972797192443
 10
9.081369863013698
 20
3.2895213155479768
 10
9.044790515295904
 20
3.2671372549019604
 10
9.062907905301623
 20
3.227294117647059
 10
9.036634050880625
 20
3.204240917585794
 10
8.991898238747552
 20
3.1983572452745967
 10
8.987543230549708
 20
3.187450980392157
 10
8.991898238747552
 20
3.1744029657228507
 10
9.005093451971446
 20
3.147607843137255
 10
9.036634050880625
 20
3.12006884751576
 10
9.05326390975041
 20
3.1077647058823534
 10
9.081369863013698
 20
3.0899057978142257
 10
9.12610567514677
 20
3.0992694717639706
 10
9.131922306289063
 20
3.1077647058823534
  0
LWPOLYLINE
  5
102
330
17
100
AcDbEntity
  8
CONDUCTIVE_METASURFACE
100
AcDbPolyline
 90
23
 70
1
 10
13.80702117157799
 20
3.1077647058823534
 10
13.823365949119374
 20
3.1199448080195387
 10
13.855168169729039
 20
3.147607843137255
 10
13.868101761252445
 20
3.1738257200325055
 10
13.872668680193117
 20
3.187450980392157
 10
13.868101761252445
 20
3.198977842280638
 10
13.823365949119374
 20
3.2049411892299835
 10
13.79841563392707
 20
3.227294117647059
 10
13.816592486764497
 20
3.2671372549019604
 10
13.778630136986301
 20
3.2900485127256913
 10
13.73389432485323
 20
3.2762559900045334
 10
13.72744279152267
 20
3.2671372549019604
 10
13.73389432485323
 20
3.251919618504097
 10
13.75758638306459
 20
3.227294117647059
 10
13.778630136986301
 20
3.2137365739714605
 10
13.8082776304718
 20
3.187450980392157
 10
13.783264590276751
 20
3.147607843137255
 10
13.778630136986301
 20
3.1423775775163274
 10
13.73389432485323
 20
3.1217570522286415
 10
13.727740146247985
 20
3.1077647058823534
 10
13.73389432485323
 20
3.098777193263082
 10
13.778630136986301
 20
3.0896018306966586
 10
13.80702117157799
 20
3.1077647058823534
  0
LWPOLYLINE
  5
103
330
17
100
AcDbEntity
  8
CONDUCTIVE_METASURFACE
100
AcDbPolyline
 90
23
 70
1
 10
14.858106259322332
 20
3.1077647058823534
 10
14.852289628180039
 20
3.120914496099592
 10
14.807553816046967
 20
3.141845451416059
 10
14.80248883348677
 20
3.147607843137255
 10
14.777531733414955
 20
3.187450980392157
 10
14.807553816046967
 20
3.214502814782755
 10
14.827342512635633
 20
3.227294117647059
 10
14.852289628180039
 20
3.253167760585807
 10
14.858198399480678
 20
3.2671372549019604
 10
14.852289628180039
 20
3.2754972797192443
 10
14.807553816046967
 20
3.2895213155479768
 10
14.770974468329173
 20
3.2671372549019604
 10
14.78909185833489
 20
3.227294117647059
 10
14.762818003913893
 20
3.204240917585794
 10
14.718082191780821
 20
3.1983572452745967
 10
14.713727183582975
 20
3.187450980392157
 10
14.718082191780821
 20
3.1744029657228507
 10
14.731277405004715
 20
3.147607843137255
 10
14.762818003913893
 20
3.12006884751576
 10
14.779447862783677
 20
3.1077647058823534
 10
14.807553816046967
 20
3.0899057978142257
 10
14.852289628180039
 20
3.0992694717639706
 10
14.858106259322332
 20
3.1077647058823534
  0
LWPOLYLINE
  5
104
330
17
100
AcDbEntity
  8
CONDUCTIVE_METASURFACE
100
AcDbPolyline
 90
23
 70
1
 10
19.533205124611257
 20
3.1077647058823534
 10
19.54954990215264
 20
3.1199448080195387
 10
19.581352122762304
 20
3.147607843137255
 10
19.594285714285714
 20
3.1738257200325055
 10
19.598852633226386
 20
3.187450980392157
 10
19.594285714285714
 20
3.198977842280638
 10
19.54954990215264
 20
3.2049411892299835
 10
19.52459958696034
 20
3.227294117647059
 10
19.542776439797766
 20
3.2671372549019604
 10
19.50481409001957
 20
3.2900485127256913
 10
19.460078277886495
 20
3.2762559900045334
 10
19.453626744555937
 20
3.2671372549019604
 10
19.460078277886495
 20
3.251919618504097
 10
19.48377033609786
 20
3.227294117647059
 10
19.50481409001957
 20
3.2137365739714605
 10
19.534461583505067
 20
3.187450980392157
 10
19.509448543310018
 20
3.147607843137255
 10
19.50481409001957
 20
3.1423775775163274
 10
19.460078277886495
 20
3.1217570522286415
 10
19.453924099281256
 20
3.1077647058823534
 10
19.460078277886495
 20
3.098777193263082
 10
19.50481409001957
 20
3.0896018306966586
 10
19.533205124611257
 20
3.1077647058823534
  0
LWPOLYLINE
  5
105
330
17
100
AcDbEntity
  8
CONDUCTIVE_METASURFACE
100
AcDbPolyline
 90
23
 70
1
 10
20.584290212355597
 20
3.1077647058823534
 10
20.578473581213306
 20
3.120914496099592
 10
20.533737769080233
 20
3.141845451416059
 10
20.52867278652004
 20
3.147607843137255
 10
20.503715686448224
 20
3.187450980392157
 10
20.533737769080233
 20
3.214502814782755
 10
20.5535264656689
 20
3.227294117647059
 10
20.578473581213306
 20
3.253167760585807
 10
20.584382352513945
 20
3.2671372549019604
 10
20.578473581213306
 20
3.2754972797192443
 10
20.533737769080233
 20
3.2895213155479768
 10
20.497158421362442
 20
3.2671372549019604
 10
20.51527581136816
 20
3.227294117647059
 10
20.48900195694716
 20
3.204240917585794
 10
20.44426614481409
 20
3.1983572452745967
 10
20.439911136616242
 20
3.187450980392157
 10
20.44426614481409
 20
3.1744029657228507
 10
20.457461358037982
 20
3.147607843137255
 10
20.48900195694716
 20
3.12006884751576
 10
20.505631815816944
 20
3.1077647058823534
 10
20.533737769080233
 20
3.0899057978142257
 10
20.578473581213306
 20
3.0992694717639706
 10
20.584290212355597
 20
3.1077647058823534
  0
LWPOLYLINE
  5
106
330
17
100
AcDbEntity
  8
CONDUCTIVE_METASURFACE
100
AcDbPolyline
 90
23
 70
1
 10
2.11723350997836
 20
2.908549019607843
 10
2.147318982387475
 20
2.9203011031536388
 10
2.17823975903735
 20
2.9483921568627447
 10
2.1920547945205477
 20
2.9632031906249523
 10
2.2121067659779787
 20
2.9882352941176467
 10
2.201593256738253
 20
3.0280784313725495
 10
2.1920547945205477
 20
3.0332589190479116
 10
2.177290238768722
 20
3.0280784313725495
 10
2.1537890502931667
 20
2.9882352941176467
 10
2.147318982387475
 20
2.9837242080775384
 10
2.102583170254403
 20
2.961496672418619
 10
2.07220943851467
 20
2.9882352941176467
 10
2.0578473581213306
 20
3.005859771030364
 10
2.0287964025721785
 20
3.0280784313725495
 10
2.013111545988258
 20
3.0333409326628487
 10
2.0037250057755744
 20
3.0280784313725495
 10
1.9879788025894831
 20
2.9882352941176467
 10
2.013111545988258
 20
2.955656568294879
 10
2.0578473581213306
 20
2.9717924348692
 10
2.083731424337679
 20
2.9483921568627447
 10
2.090337561922759
 20
2.908549019607843
 10
2.102583170254403
 20
2.9046702922817444
 10
2.11723350997836
 20
2.908549019607843
  0
LWPOLYLINE
  5
107
330
17
100
AcDbEntity
  8
CONDUCTIVE_METASURFACE
100
AcDbPolyline
 90
23
 70
1
 10
3.5918074154931348
 20
2.908549019607843
 10
3.5985030838198586
 20
2.9483921568627447
 10
3.6236007827788645
 20
2.97061363862673
 10
3.668336594911937
 20
2.9544248432992943
 10
3.694061290640822
 20
2.9882352941176467
 10
3.678575058699016
 20
3.0280784313725495
 10
3.668336594911937
 20
3.0338243594473573
 10
3.6512502532660625
 20
3.0280784313725495
 10
3.6236007827788645
 20
3.0069775751560557
 10
3.60837835606712
 20
2.9882352941176467
 10
3.5788649706457925
 20
2.961830378666865
 10
3.53412915851272
 20
2.9841076978466243
 10
3.5282566301102953
 20
2.9882352941176467
 10
3.5051039420795527
 20
3.0280784313725495
 10
3.4893933463796474
 20
3.0335595479933173
 10
3.4793021672481834
 20
3.0280784313725495
 10
3.4690000724134005
 20
2.9882352941176467
 10
3.4893933463796474
 20
2.9629493008418666
 10
3.5030691329451504
 20
2.9483921568627447
 10
3.53412915851272
 20
2.9200680980670444
 10
3.56356649275619
 20
2.908549019607843
 10
3.5788649706457925
 20
2.9044815518983955
 10
3.5918074154931348
 20
2.908549019607843
  0
LWPOLYLINE
  5
108
330
17
100
AcDbEntity
  8
CONDUCTIVE_METASURFACE
100
AcDbPolyline
 90
23
 70
1
 10
7.843417463011629
 20
2.908549019607843
 10
7.873502935420743
 20
2.9203011031536388
 10
7.904423712070618
 20
2.9483921568627447
 10
7.918238747553816
 20
2.9632031906249523
 10
7.938290719011246
 20
2.9882352941176467
 10
7.92777720977152
 20
3.0280784313725495
 10
7.918238747553816
 20
3.0332589190479116
 10
7.9034741918019895
 20
3.0280784313725495
 10
7.879973003326435
 20
2.9882352941176467
 10
7.873502935420743
 20
2.9837242080775384
 10
7.828767123287671
 20
2.961496672418619
 10
7.798393391547938
 20
2.9882352941176467
 10
7.784031311154598
 20
3.005859771030364
 10
7.754980355605447
 20
3.0280784313725495
 10
7.739295499021526
 20
3.0333409326628487
 10
7.729908958808842
 20
3.0280784313725495
 10
7.714162755622751
 20
2.9882352941176467
 10
7.739295499021526
 20
2.955656568294879
 10
7.784031311154598
 20
2.9717924348692
 10
7.809915377370947
 20
2.9483921568627447
 10
7.816521514956027
 20
2.908549019607843
 10
7.828767123287671
 20
2.9046702922817444
 10
7.843417463011629
 20
2.908549019607843
  0
LWPOLYLINE
  5
109
330
17
100
AcDbEntity
  8
CONDUCTIVE_METASURFACE
100
AcDbPolyline
 90
23
 70
1
 10
9.317991368526403
 20
2.908549019607843
 10
9.324687036853128
 20
2.9483921568627447
 10
9.349784735812133
 20
2.97061363862673
 10
9.394520547945204
 20
2.9544248432992943
 10
9.42024524367409
 20
2.9882352941176467
 10
9.404759011732285
 20
3.0280784313725495
 10
9.394520547945204
 20
3.0338243594473573
 10
9.37743420629933
 20
3.0280784313725495
 10
9.349784735812133
 20
3.0069775751560557
 10
9.334562309100388
 20
2.9882352941176467
 10
9.30504892367906
 20
2.961830378666865
 10
9.260313111545987
 20
2.9841076978466243
 10
9.254440583143563
 20
2.9882352941176467
 10
9.23128789511282
 20
3.0280784313725495
 10
9.215577299412915
 20
3.0335595479933173
 10
9.205486120281451
 20
3.0280784313725495
 10
9.195184025446668
 20
2.9882352941176467
 10
9.215577299412915
 20
2.9629493008418666
 10
9.229253085978417
 20
2.9483921568627447
 10
9.260313111545987
 20
2.9200680980670444
 10
9.289750445789457
 20
2.908549019607843
 10
9.30504892367906
 20
2.9044815518983955
 10
9.317991368526403
 20
2.908549019607843
  0
LWPOLYLINE
  5
10A
330
17
100
AcDbEntity
  8
CONDUCTIVE_METASURFACE
100
AcDbPolyline
 90
23
 70
1
 10
13.569601416044895
 20
2.908549019607843
 10
13.599686888454011
 20
2.9203011031536388
 10
13.630607665103886
 20
2.9483921568627447
 10
13.644422700587084
 20
2.9632031906249523
 10
13.664474672044516
 20
2.9882352941176467
 10
13.65396116280479
 20
3.0280784313725495
 10
13.644422700587084
 20
3.0332589190479116
 10
13.629658144835258
 20
3.0280784313725495
 10
13.606156956359703
 20
2.9882352941176467
 10
13.599686888454011
 20
2.9837242080775384
 10
13.55495107632094
 20
2.961496672418619
 10
13.524577344581209
 20
2.9882352941176467
 10
13.510215264187865
 20
3.005859771030364
 10
13.481164308638714
 20
3.0280784313725495
 10
13.465479452054796
 20
3.0333409326628487
 10
13.45609291184211
 20
3.0280784313725495
 10
13.44034670865602
 20
2.9882352941176467
 10
13.465479452054796
 20
2.955656568294879
 10
13.510215264187865
 20
2.9717924348692
 10
13.536099330404218
 20
2.9483921568627447
 10
13.542705467989293
 20
2.908549019607843
 10
13.55495107632094
 20
2.9046702922817444
 10
13.569601416044895
 20
2.908549019607843
  0
LWPOLYLINE
  5
10B
330
17
100
AcDbEntity
  8
CONDUCTIVE_METASURFACE
100
AcDbPolyline
 90
23
 70
1
 10
15.044175321559672
 20
2.908549019607843
 10
15.050870989886395
 20
2.9483921568627447
 10
15.075968688845402
 20
2.97061363862673
 10
15.120704500978473
 20
2.9544248432992943
 10
15.146429196707357
 20
2.9882352941176467
 10
15.130942964765552
 20
3.0280784313725495
 10
15.120704500978473
 20
3.0338243594473573
 10
15.103618159332598
 20
3.0280784313725495
 10
15.075968688845402
 20
3.0069775751560557
 10
15.060746262133655
 20
2.9882352941176467
 10
15.031232876712327
 20
2.961830378666865
 10
14.986497064579256
 20
2.9841076978466243
 10
14.98062453617683
 20
2.9882352941176467
 10
14.95747184814609
 20
3.0280784313725495
 10
14.941761252446183
 20
3.0335595479933173
 10
14.931670073314722
 20
3.0280784313725495
 10
14.921367978479935
 20
2.9882352941176467
 10
14.941761252446183
 20
2.9629493008418666
 10
14.955437039011684
 20
2.9483921568627447
 10
14.986497064579256
 20
2.9200680980670444
 10
15.015934398822726
 20
2.908549019607843
 10
15.031232876712327
 20
2.9044815518983955
 10
15.044175321559672
 20
2.908549019607843
  0
LWPOLYLINE
  5
10C
330
17
100
AcDbEntity
  8
CONDUCTIVE_METASURFACE
100
AcDbPolyline
 90
23
 70
1
 10
19.295785369078164
 20
2.908549019607843
 10
19.32587084148728
 20
2.9203011031536388
 10
19.356791618137155
 20
2.9483921568627447
 10
19.370606653620353
 20
2.9632031906249523
 10
19.390658625077783
 20
2.9882352941176467
 10
19.380145115838058
 20
3.0280784313725495
 10
19.370606653620353
 20
3.0332589190479116
 10
19.355842097868525
 20
3.0280784313725495
 10
19.33234090939297
 20
2.9882352941176467
 10
19.32587084148728
 20
2.9837242080775384
 10
19.281135029354207
 20
2.961496672418619
 10
19.250761297614474
 20
2.9882352941176467
 10
19.236399217221134
 20
3.005859771030364
 10
19.20734826167198
 20
3.0280784313725495
 10
19.19166340508806
 20
3.0333409326628487
 10
19.18227686487538
 20
3.0280784313725495
 10
19.166530661689286
 20
2.9882352941176467
 10
19.19166340508806
 20
2.955656568294879
 10
19.236399217221134
 20
2.9717924348692
 10
19.262283283437487
 20
2.9483921568627447
 10
19.26888942102256
 20
2.908549019607843
 10
19.281135029354207
 20
2.9046702922817444
 10
19.295785369078164
 20
2.908549019607843
  0
LWPOLYLINE
  5
10D
330
17
100
AcDbEntity
  8
CONDUCTIVE_METASURFACE
100
AcDbPolyline
 90
23
 70
1
 10
20.770359274592938
 20
2.908549019607843
 10
20.777054942919662
 20
2.9483921568627447
 10
20.80215264187867
 20
2.97061363862673
 10
20.84688845401174
 20
2.9544248432992943
 10
20.872613149740626
 20
2.9882352941176467
 10
20.85712691779882
 20
3.0280784313725495
 10
20.84688845401174
 20
3.0338243594473573
 10
20.829802112365865
 20
3.0280784313725495
 10
20.80215264187867
 20
3.0069775751560557
 10
20.786930215166922
 20
2.9882352941176467
 10
20.757416829745594
 20
2.961830378666865
 10
20.712681017612525
 20
2.9841076978466243
 10
20.706808489210097
 20
2.9882352941176467
 10
20.683655801179356
 20
3.0280784313725495
 10
20.66794520547945
 20
3.0335595479933173
 10
20.657854026347987
 20
3.0280784313725495
 10
20.647551931513203
 20
2.9882352941176467
 10
20.66794520547945
 20
2.9629493008418666
 10
20.68162099204495
 20
2.9483921568627447
 10
20.712681017612525
 20
2.9200680980670444
 10
20.742118351855993
 20
2.908549019607843
 10
20.757416829745594
 20
2.9044815518983955
 10
20.770359274592938
 20
2.908549019607843
  0
LWPOLYLINE
  5
10E
330
17
100
AcDbEntity
  8
CONDUCTIVE_METASURFACE
100
AcDbPolyline
 90
17
 70
1
 10
2.945807885404985
 20
2.470274509803922
 10
2.9458293595865386
 20
2.5101176470588236
 10
2.945816436425581
 20
2.5499607843137255
 10
2.945744360330739
 20
2.5898039215686275
 10
2.907827788649706
 20
2.623630199898333
 10
2.8630919765166336
 20
2.6236493222609654
 10
2.8183561643835615
 20
2.6236378428546376
 10
2.773620352250489
 20
2.6235736426243537
 10
2.7356402218309745
 20
2.5898039215686275
 10
2.735618759488305
 20
2.5499607843137255
 10
2.7356316839477532
 20
2.5101176470588236
 10
2.7357037883167634
 20
2.470274509803922
 10
2.773620352250489
 20
2.4364482225269803
 10
2.8183561643835615
 20
2.4364290963954853
 10
2.8630919765166336
 20
2.4364406149264757
 10
2.907827788649706
 20
2.4365048292864344
 10
2.945807885404985
 20
2.470274509803922
  0
LWPOLYLINE
  5
10F
330
17
100
AcDbEntity
  8
CONDUCTIVE_METASURFACE
100
AcDbPolyline
 90
17
 70
1
 10
8.671991838438252
 20
2.470274509803922
 10
8.672013312619807
 20
2.5101176470588236
 10
8.672000389458848
 20
2.5499607843137255
 10
8.671928313364008
 20
2.5898039215686275
 10
8.634011741682974
 20
2.623630199898333
 10
8.5892759295499
 20
2.6236493222609654
 10
8.54454011741683
 20
2.6236378428546376
 10
8.499804305283757
 20
2.6235736426243537
 10
8.461824174864242
 20
2.5898039215686275
 10
8.461802712521573
 20
2.5499607843137255
 10
8.46181563698102
 20
2.5101176470588236
 10
8.461887741350031
 20
2.470274509803922
 10
8.499804305283757
 20
2.4364482225269803
 10
8.54454011741683
 20
2.4364290963954853
 10
8.5892759295499
 20
2.4364406149264757
 10
8.634011741682974
 20
2.4365048292864344
 10
8.671991838438252
 20
2.470274509803922
  0
LWPOLYLINE
  5
110
330
17
100
AcDbEntity
  8
CONDUCTIVE_METASURFACE
100
AcDbPolyline
 90
17
 70
1
 10
14.398175791471521
 20
2.470274509803922
 10
14.398197265653076
 20
2.5101176470588236
 10
14.398184342492117
 20
2.5499607843137255
 10
14.398112266397273
 20
2.5898039215686275
 10
14.360195694716243
 20
2.623630199898333
 10
14.31545988258317
 20
2.6236493222609654
 10
14.270724070450099
 20
2.6236378428546376
 10
14.225988258317024
 20
2.6235736426243537
 10
14.188008127897511
 20
2.5898039215686275
 10
14.187986665554844
 20
2.5499607843137255
 10
14.187999590014291
 20
2.5101176470588236
 10
14.188071694383298
 20
2.470274509803922
 10
14.225988258317024
 20
2.4364482225269803
 10
14.270724070450099
 20
2.4364290963954853
 10
14.31545988258317
 20
2.4364406149264757
 10
14.360195694716243
 20
2.4365048292864344
 10
14.398175791471521
 20
2.470274509803922
  0
LWPOLYLINE
  5
111
330
17
100
AcDbEntity
  8
CONDUCTIVE_METASURFACE
100
AcDbPolyline
 90
17
 70
1
 10
20.124359744504787
 20
2.470274509803922
 10
20.124381218686345
 20
2.5101176470588236
 10
20.124368295525386
 20
2.5499607843137255
 10
20.12429621943054
 20
2.5898039215686275
 10
20.08637964774951
 20
2.623630199898333
 10
20.041643835616437
 20
2.6236493222609654
 10
19.996908023483364
 20
2.6236378428546376
 10
19.95217221135029
 20
2.6235736426243537
 10
19.91419208093078
 20
2.5898039215686275
 10
19.91417061858811
 20
2.5499607843137255
 10
19.91418354304756
 20
2.5101176470588236
 10
19.914255647416567
 20
2.470274509803922
 10
19.95217221135029
 20
2.4364482225269803
 10
19.996908023483364
 20
2.4364290963954853
 10
20.041643835616437
 20
2.4364406149264757
 10
20.08637964774951
 20
2.4365048292864344
 10
20.124359744504787
 20
2.470274509803922
  0
LWPOLYLINE
  5
112
330
17
100
AcDbEntity
  8
CONDUCTIVE_METASURFACE
100
AcDbPolyline
 90
23
 70
1
 10
2.2021460085973645
 20
2.0319999999999996
 10
2.212448074150022
 20
2.0718431372549024
 10
2.1920547945205477
 20
2.0971290909691858
 10
2.1783789769974597
 20
2.1116862745098044
 10
2.147318982387475
 20
2.140010365288315
 10
2.117881690829749
 20
2.1515294117647064
 10
2.102583170254403
 20
2.1555968866096142
 10
2.089640720420915
 20
2.1515294117647064
 10
2.0829451483077537
 20
2.1116862745098044
 10
2.0578473581213306
 20
2.089464769216708
 10
2.013111545988258
 20
2.1056535887380123
 10
1.9873868373145078
 20
2.0718431372549024
 10
2.002873030540762
 20
2.0319999999999996
 10
2.013111545988258
 20
2.0262540484778766
 10
2.030197964284871
 20
2.0319999999999996
 10
2.0578473581213306
 20
2.053100818208366
 10
2.073069798205957
 20
2.0718431372549024
 10
2.102583170254403
 20
2.098248093268268
 10
2.147318982387475
 20
2.0759707074083655
 10
2.153191479991492
 20
2.0718431372549024
 10
2.1763441384545863
 20
2.0319999999999996
 10
2.1920547945205477
 20
2.0265188721949783
 10
2.2021460085973645
 20
2.0319999999999996
  0
LWPOLYLINE
  5
113
330
17
100
AcDbEntity
  8
CONDUCTIVE_METASURFACE
100
AcDbPolyline
 90
23
 70
1
 10
3.677723378297838
 20
2.0319999999999996
 10
3.693469540783278
 20
2.0718431372549024
 10
3.668336594911937
 20
2.1044220426907856
 10
3.6236007827788645
 20
2.088286128794544
 10
3.5977168288540295
 20
2.1116862745098044
 10
3.5911107829736753
 20
2.1515294117647064
 10
3.5788649706457925
 20
2.1554081945901533
 10
3.564214464773908
 20
2.1515294117647064
 10
3.53412915851272
 20
2.1397773477772586
 10
3.503208408638102
 20
2.1116862745098044
 10
3.4893933463796474
 20
2.0968752386148584
 10
3.4693413520535645
 20
2.0718431372549024
 10
3.4798548101601066
 20
2.0319999999999996
 10
3.4893933463796474
 20
2.0268194701979794
 10
3.5041580432539097
 20
2.0319999999999996
 10
3.5276592343472357
 20
2.0718431372549024
 10
3.53412915851272
 20
2.076354129696275
 10
3.5788649706457925
 20
2.0985816351211595
 10
3.609238531885179
 20
2.0718431372549024
 10
3.6236007827788645
 20
2.054218432783882
 10
3.65265135262219
 20
2.0319999999999996
 10
3.668336594911937
 20
2.0267373665741464
 10
3.677723378297838
 20
2.0319999999999996
  0
LWPOLYLINE
  5
114
330
17
100
AcDbEntity
  8
CONDUCTIVE_METASURFACE
100
AcDbPolyline
 90
23
 70
1
 10
7.928329961630633
 20
2.0319999999999996
 10
7.93863202718329
 20
2.0718431372549024
 10
7.918238747553816
 20
2.0971290909691858
 10
7.904562930030727
 20
2.1116862745098044
 10
7.873502935420743
 20
2.140010365288315
 10
7.844065643863018
 20
2.1515294117647064
 10
7.828767123287671
 20
2.1555968866096142
 10
7.815824673454182
 20
2.1515294117647064
 10
7.809129101341021
 20
2.1116862745098044
 10
7.784031311154598
 20
2.089464769216708
 10
7.739295499021526
 20
2.1056535887380123
 10
7.713570790347775
 20
2.0718431372549024
 10
7.72905698357403
 20
2.0319999999999996
 10
7.739295499021526
 20
2.0262540484778766
 10
7.75638191731814
 20
2.0319999999999996
 10
7.784031311154598
 20
2.053100818208366
 10
7.799253751239225
 20
2.0718431372549024
 10
7.828767123287671
 20
2.098248093268268
 10
7.873502935420743
 20
2.0759707074083655
 10
7.87937543302476
 20
2.0718431372549024
 10
7.902528091487854
 20
2.0319999999999996
 10
7.918238747553816
 20
2.0265188721949783
 10
7.928329961630633
 20
2.0319999999999996
  0
LWPOLYLINE
  5
115
330
17
100
AcDbEntity
  8
CONDUCTIVE_METASURFACE
100
AcDbPolyline
 90
23
 70
1
 10
9.403907331331107
 20
2.0319999999999996
 10
9.419653493816547
 20
2.0718431372549024
 10
9.394520547945204
 20
2.1044220426907856
 10
9.349784735812133
 20
2.088286128794544
 10
9.323900781887296
 20
2.1116862745098044
 10
9.317294736006943
 20
2.1515294117647064
 10
9.30504892367906
 20
2.1554081945901533
 10
9.290398417807177
 20
2.1515294117647064
 10
9.260313111545987
 20
2.1397773477772586
 10
9.22939236167137
 20
2.1116862745098044
 10
9.215577299412915
 20
2.0968752386148584
 10
9.195525305086832
 20
2.0718431372549024
 10
9.206038763193375
 20
2.0319999999999996
 10
9.215577299412915
 20
2.0268194701979794
 10
9.230341996287178
 20
2.0319999999999996
 10
9.253843187380502
 20
2.0718431372549024
 10
9.260313111545987
 20
2.076354129696275
 10
9.30504892367906
 20
2.0985816351211595
 10
9.335422484918448
 20
2.0718431372549024
 10
9.349784735812133
 20
2.054218432783882
 10
9.378835305655459
 20
2.0319999999999996
 10
9.394520547945204
 20
2.0267373665741464
 10
9.403907331331107
 20
2.0319999999999996
  0
LWPOLYLINE
  5
116
330
17
100
AcDbEntity
  8
CONDUCTIVE_METASURFACE
100
AcDbPolyline
 90
23
 70
1
 10
13.6545139146639
 20
2.0319999999999996
 10
13.664815980216558
 20
2.0718431372549024
 10
13.644422700587084
 20
2.0971290909691858
 10
13.630746883063996
 20
2.1116862745098044
 10
13.599686888454011
 20
2.140010365288315
 10
13.570249596896286
 20
2.1515294117647064
 10
13.55495107632094
 20
2.1555968866096142
 10
13.54200862648745
 20
2.1515294117647064
 10
13.535313054374289
 20
2.1116862745098044
 10
13.510215264187865
 20
2.089464769216708
 10
13.465479452054796
 20
2.1056535887380123
 10
13.439754743381043
 20
2.0718431372549024
 10
13.455240936607296
 20
2.0319999999999996
 10
13.465479452054796
 20
2.0262540484778766
 10
13.482565870351408
 20
2.0319999999999996
 10
13.510215264187865
 20
2.053100818208366
 10
13.525437704272493
 20
2.0718431372549024
 10
13.55495107632094
 20
2.098248093268268
 10
13.599686888454011
 20
2.0759707074083655
 10
13.60555938605803
 20
2.0718431372549024
 10
13.628712044521121
 20
2.0319999999999996
 10
13.644422700587084
 20
2.0265188721949783
 10
13.6545139146639
 20
2.0319999999999996
  0
LWPOLYLINE
  5
117
330
17
100
AcDbEntity
  8
CONDUCTIVE_METASURFACE
100
AcDbPolyline
 90
23
 70
1
 10
15.130091284364376
 20
2.0319999999999996
 10
15.145837446849816
 20
2.0718431372549024
 10
15.120704500978473
 20
2.1044220426907856
 10
15.075968688845402
 20
2.088286128794544
 10
15.050084734920565
 20
2.1116862745098044
 10
15.043478689040212
 20
2.1515294117647064
 10
15.031232876712327
 20
2.1554081945901533
 10
15.016582370840444
 20
2.1515294117647064
 10
14.986497064579256
 20
2.1397773477772586
 10
14.955576314704638
 20
2.1116862745098044
 10
14.941761252446183
 20
2.0968752386148584
 10
14.921709258120101
 20
2.0718431372549024
 10
14.932222716226642
 20
2.0319999999999996
 10
14.941761252446183
 20
2.0268194701979794
 10
14.956525949320445
 20
2.0319999999999996
 10
14.980027140413771
 20
2.0718431372549024
 10
14.986497064579256
 20
2.076354129696275
 10
15.031232876712327
 20
2.0985816351211595
 10
15.061606437951715
 20
2.0718431372549024
 10
15.075968688845402
 20
2.054218432783882
 10
15.105019258688726
 20
2.0319999999999996
 10
15.120704500978473
 20
2.0267373665741464
 10
15.130091284364376
 20
2.0319999999999996
  0
LWPOLYLINE
  5
118
330
17
100
AcDbEntity
  8
CONDUCTIVE_METASURFACE
100
AcDbPolyline
 90
23
 70
1
 10
19.38069786769717
 20
2.0319999999999996
 10
19.390999933249827
 20
2.0718431372549024
 10
19.370606653620353
 20
2.0971290909691858
 10
19.356930836097263
 20
2.1116862745098044
 10
19.32587084148728
 20
2.140010365288315
 10
19.296433549929553
 20
2.1515294117647064
 10
19.281135029354207
 20
2.1555968866096142
 10
19.268192579520715
 20
2.1515294117647064
 10
19.261497007407556
 20
2.1116862745098044
 10
19.236399217221134
 20
2.089464769216708
 10
19.19166340508806
 20
2.1056535887380123
 10
19.16593869641431
 20
2.0718431372549024
 10
19.181424889640564
 20
2.0319999999999996
 10
19.19166340508806
 20
2.0262540484778766
 10
19.208749823384675
 20
2.0319999999999996
 10
19.236399217221134
 20
2.053100818208366
 10
19.251621657305762
 20
2.0718431372549024
 10
19.281135029354207
 20
2.098248093268268
 10
19.32587084148728
 20
2.0759707074083655
 10
19.331743339091297
 20
2.0718431372549024
 10
19.354895997554387
 20
2.0319999999999996
 10
19.370606653620353
 20
2.0265188721949783
 10
19.38069786769717
 20
2.0319999999999996
  0
LWPOLYLINE
  5
119
330
17
100
AcDbEntity
  8
CONDUCTIVE_METASURFACE
100
AcDbPolyline
 90
23
 70
1
 10
20.856275237397643
 20
2.0319999999999996
 10
20.87202139988308
 20
2.0718431372549024
 10
20.84688845401174
 20
2.1044220426907856
 10
20.80215264187867
 20
2.088286128794544
 10
20.776268687953834
 20
2.1116862745098044
 10
20.76966264207348
 20
2.1515294117647064
 10
20.757416829745594
 20
2.1554081945901533
 10
20.74276632387371
 20
2.1515294117647064
 10
20.712681017612525
 20
2.1397773477772586
 10
20.681760267737907
 20
2.1116862745098044
 10
20.66794520547945
 20
2.0968752386148584
 10
20.64789321115337
 20
2.0718431372549024
 10
20.65840666925991
 20
2.0319999999999996
 10
20.66794520547945
 20
2.0268194701979794
 10
20.682709902353714
 20
2.0319999999999996
 10
20.70621109344704
 20
2.0718431372549024
 10
20.712681017612525
 20
2.076354129696275
 10
20.757416829745594
 20
2.0985816351211595
 10
20.787790390984984
 20
2.0718431372549024
 10
20.80215264187867
 20
2.054218432783882
 10
20.831203211721995
 20
2.0319999999999996
 10
20.84688845401174
 20
2.0267373665741464
 10
20.856275237397643
 20
2.0319999999999996
  0
LWPOLYLINE
  5
11A
330
17
100
AcDbEntity
  8
CONDUCTIVE_METASURFACE
100
AcDbPolyline
 90
217
 70
1
 10
2.340731762158116
 20
0.4781176470588241
 10
2.3470198421186943
 20
0.5179607843137259
 10
2.326262230919765
 20
0.5529857590335419
 10
2.3183584524713354
 20
0.5578039215686277
 10
2.2815264187866924
 20
0.5862413797864503
 10
2.2367906066536203
 20
0.580654529799731
 10
2.1920547945205477
 20
0.5884448674265768
 10
2.171214392422684
 20
0.5976470588235295
 10
2.1548051327963615
 20
0.6374901960784314
 10
2.147318982387475
 20
0.6562831229571497
 10
2.13562538631405
 20
0.6773333333333332
 10
2.128868343672963
 20
0.717176470588235
 10
2.1295888407544905
 20
0.7570196078431368
 10
2.147318982387475
 20
0.7951982830313024
 10
2.1479276589626246
 20
0.7968627450980398
 10
2.1564660152615396
 20
0.8367058823529416
 10
2.147318982387475
 20
0.858788660182548
 10
2.1235870160278436
 20
0.8765490196078434
 10
2.102583170254403
 20
0.8882424019189117
 10
2.0578473581213306
 20
0.8999839351338599
 10
2.039638257445013
 20
0.9163921568627452
 10
2.0578473581213306
 20
0.946375805424442
 10
2.064645234924535
 20
0.9562352941176471
 10
2.0578473581213306
 20
0.9643632441450968
 10
2.0270622965054215
 20
0.9960784313725489
 10
2.013111545988258
 20
1.00707413520628
 10
1.9815374925239146
 20
0.9960784313725489
 10
1.9683757338551857
 20
0.9921768933714714
 10
1.9236399217221134
 20
0.9871774982884328
 10
1.8789041095890409
 20
0.9672098845000929
 10
1.8443036365894199
 20
0.9562352941176471
 10
1.8341682974559685
 20
0.9538179520265676
 10
1.7894324853228962
 20
0.9470364012830008
 10
1.7710653432965555
 20
0.9562352941176471
 10
1.7571792798947092
 20
0.9960784313725489
 10
1.7771003648164694
 20
1.0359215686274508
 10
1.7894324853228962
 20
1.0390873643898688
 10
1.8341682974559685
 20
1.0524804261908531
 10
1.8613337594340849
 20
1.0757647058823525
 10
1.8536602938321212
 20
1.1156078431372554
 10
1.8519897630398614
 20
1.1554509803921573
 10
1.8506367439608853
 20
1.195294117647059
 10
1.8341682974559685
 20
1.2131768926542672
 10
1.7894324853228962
 20
1.228863138235055
 10
1.7741303126244152
 20
1.235137254901961
 10
1.7446966731898237
 20
1.2651064774682523
 10
1.701598464491445
 20
1.2749803921568628
 10
1.6999608610567514
 20
1.2752745684205966
 10
1.6552250489236788
 20
1.2869312335483487
 10
1.6119796138126201
 20
1.3148235294117645
 10
1.6104892367906065
 20
1.3198606664909798
 10
1.5958000207408207
 20
1.3546666666666665
 10
1.5657534246575342
 20
1.3683732894321587
 10
1.5362236440252892
 20
1.3945098039215682
 10
1.5210176125244617
 20
1.4207869223734608
 10
1.478270872591288
 20
1.434352941176471
 10
1.4762818003913893
 20
1.4347926477395943
 10
1.444453193324259
 20
1.474196078431373
 10
1.4315459882583168
 20
1.5137499843767144
 10
1.4311854191509286
 20
1.5140392156862748
 10
1.4199862150553144
 20
1.5538823529411767
 10
1.3868101761252445
 20
1.5798926605805326
 10
1.3796834758635812
 20
1.5937254901960785
 10
1.3622207568031637
 20
1.6335686274509802
 10
1.3420743639921722
 20
1.648277800397191
 10
1.2973385518590996
 20
1.6494435821910294
 10
1.2526027397260273
 20
1.6511851248244254
 10
1.207866927592955
 20
1.6582781179232533
 10
1.1814365685102814
 20
1.6335686274509802
 10
1.1662126097124839
 20
1.5937254901960785
 10
1.1631311154598825
 20
1.5842671673092963
 10
1.1183953033268101
 20
1.5652843112913155
 10
1.0736594911937376
 20
1.5775243851207907
 10
1.06338829282412
 20
1.5937254901960785
 10
1.07105238551653
 20
1.6335686274509802
 10
1.0736594911937376
 20
1.6422553087019924
 10
1.0860915848723758
 20
1.6734117647058822
 10
1.1085174934953705
 20
1.713254901960784
 10
1.1140255552688871
 20
1.7530980392156867
 10
1.1183953033268101
 20
1.7647859542129871
 10
1.1307660986094636
 20
1.7929411764705887
 10
1.1183953033268101
 20
1.8053802897526448
 10
1.0829150990172234
 20
1.8327843137254904
 10
1.0736594911937376
 20
1.838967210509701
 10
1.0623361712508201
 20
1.8327843137254904
 10
1.0289236790606653
 20
1.8167396591168001
 10
1.0107062853741127
 20
1.8327843137254904
 10
0.9974988032682846
 20
1.8726274509803924
 10
0.9841878669275929
 20
1.8916489852158915
 10
0.9647052085388783
 20
1.9124705882352941
 10
0.9394520547945204
 20
1.920811192733857
 10
0.8947162426614481
 20
1.9134462311196339
 10
0.8913375721827699
 20
1.9124705882352941
 10
0.8499804305283757
 20
1.8971782739225258
 10
0.8052446183953033
 20
1.8965295052978681
 10
0.7605088062622308
 20
1.9027430465227444
 10
0.7382991477038401
 20
1.9124705882352941
 10
0.7157729941291584
 20
1.9195176517163581
 10
0.6710371819960861
 20
1.9344859921344721
 10
0.6611681893787276
 20
1.9523137254901959
 10
0.6525799015631901
 20
1.9921568627450978
 10
0.6593395696588521
 20
2.0319999999999996
 10
0.6263013698630137
 20
2.065460050269958
 10
0.6213357779652213
 20
2.0718431372549024
 10
0.5815655577299412
 20
2.0903060412022505
 10
0.5368297455968688
 20
2.0847502679294827
 10
0.5184701359358879
 20
2.0718431372549024
 10
0.5119264951442913
 20
2.0319999999999996
 10
0.5174074381695287
 20
1.9921568627450978
 10
0.5302946780789154
 20
1.9523137254901959
 10
0.5368297455968688
 20
1.9480913708993062
 10
0.5762383224441123
 20
1.9124705882352941
 10
0.5777439696486444
 20
1.8726274509803924
 10
0.5815655577299412
 20
1.8684401044630348
 10
0.6059199609782757
 20
1.8726274509803924
 10
0.6263013698630137
 20
1.8771547664115162
 10
0.6339419452904014
 20
1.8726274509803924
 10
0.65224077703558
 20
1.8327843137254904
 10
0.645380269691052
 20
1.7929411764705887
 10
0.6263013698630137
 20
1.7547067600837396
 10
0.6241394590664631
 20
1.7530980392156867
 10
0.6121768903949061
 20
1.713254901960784
 10
0.6263013698630137
 20
1.68433388758734
 10
0.6339546523363131
 20
1.6734117647058822
 10
0.6632057260508721
 20
1.6335686274509802
 10
0.6710371819960861
 20
1.6251977404445224
 10
0.7157729941291584
 20
1.6144596685180865
 10
0.758542318780245
 20
1.5937254901960785
 10
0.7605088062622308
 20
1.5931302574707695
 10
0.8052446183953033
 20
1.589830283109278
 10
0.8257599397400157
 20
1.5937254901960785
 10
0.8499804305283757
 20
1.5972272975634625
 10
0.8574744533119657
 20
1.5937254901960785
 10
0.8947162426614481
 20
1.574310342853267
 10
0.9182980363808158
 20
1.5538823529411767
 10
0.9215200065566522
 20
1.5140392156862748
 10
0.9017312075034302
 20
1.474196078431373
 10
0.8989939410963753
 20
1.434352941176471
 10
0.9098768702691421
 20
1.3945098039215682
 10
0.9302520127143434
 20
1.3546666666666665
 10
0.9394520547945204
 20
1.3490680930577295
 10
0.9841878669275929
 20
1.328720430128049
 10
1.028685351613969
 20
1.3546666666666665
 10
1.0289236790606653
 20
1.35483095615506
 10
1.0620246070578818
 20
1.3945098039215682
 10
1.0503067499910665
 20
1.434352941176471
 10
1.040631994782374
 20
1.474196078431373
 10
1.0736594911937376
 20
1.4938873617671826
 10
1.1135692127403918
 20
1.474196078431373
 10
1.1127689381773787
 20
1.434352941176471
 10
1.1183953033268101
 20
1.430524563547996
 10
1.1631311154598825
 20
1.4097747129988627
 10
1.207866927592955
 20
1.4032665062368905
 10
1.2199902152606987
 20
1.3945098039215682
 10
1.2488955622595355
 20
1.3546666666666665
 10
1.2526027397260273
 20
1.3523923025102824
 10
1.2764063483453751
 20
1.3148235294117645
 10
1.2850155081501002
 20
1.2749803921568628
 10
1.2896327087955797
 20
1.235137254901961
 10
1.295471379794513
 20
1.195294117647059
 10
1.2973385518590996
 20
1.1860308778056368
 10
1.3331645451225642
 20
1.1554509803921573
 10
1.3420743639921722
 20
1.1540800313089028
 10
1.3868101761252445
 20
1.1490672677061802
 10
1.4315459882583168
 20
1.1446964482764903
 10
1.4762818003913893
 20
1.1368556186831413
 10
1.5182434997770142
 20
1.1156078431372554
 10
1.5210176125244617
 20
1.1119868208601575
 10
1.5657534246575342
 20
1.0863684106691869
 10
1.5755536624858377
 20
1.0757647058823525
 10
1.58306887503728
 20
1.0359215686274508
 10
1.6064193226306143
 20
0.9960784313725489
 10
1.6104892367906065
 20
0.991256507703827
 10
1.6552250489236788
 20
0.9919782867103363
 10
1.6772065932808236
 20
0.9562352941176471
 10
1.6552250489236788
 20
0.9275242680041255
 10
1.6104892367906065
 20
0.9357886822170651
 10
1.5657534246575342
 20
0.9459948536868856
 10
1.5210176125244617
 20
0.916527368062822
 10
1.520858439272461
 20
0.9163921568627452
 10
1.4914769430609247
 20
0.8765490196078434
 10
1.5145155657193157
 20
0.8367058823529416
 10
1.5210176125244617
 20
0.8282640954088579
 10
1.5657534246575342
 20
0.8102286245173888
 10
1.6104892367906065
 20
0.8001722797983808
 10
1.6552250489236788
 20
0.8018145212906503
 10
1.6999608610567514
 20
0.820086716801956
 10
1.7446966731898237
 20
0.8174337256748209
 10
1.7672937641147468
 20
0.7968627450980398
 10
1.7894324853228962
 20
0.763563442331773
 10
1.793296475912842
 20
0.7570196078431368
 10
1.7894324853228962
 20
0.736209124649696
 10
1.78477289895374
 20
0.717176470588235
 10
1.7883783930936503
 20
0.6773333333333332
 10
1.7894324853228962
 20
0.674555415580362
 10
1.8120046285970888
 20
0.6374901960784314
 10
1.824147390376015
 20
0.5976470588235295
 10
1.8341682974559685
 20
0.5902305657747368
 10
1.8789041095890409
 20
0.5643755233549358
 10
1.8907664456208266
 20
0.5578039215686277
 10
1.9236399217221134
 20
0.5449686184304057
 10
1.9683757338551857
 20
0.5556232151739875
 10
1.9704063145087232
 20
0.5578039215686277
 10
2.013111545988258
 20
0.5747440827534698
 10
2.0578473581213306
 20
0.5809005523649192
 10
2.102583170254403
 20
0.5647295255978171
 10
2.1077539965767245
 20
0.5578039215686277
 10
2.102583170254403
 20
0.5396984238764433
 10
2.097780368494903
 20
0.5179607843137259
 10
2.102583170254403
 20
0.5145006947005596
 10
2.147318982387475
 20
0.5132913675336812
 10
2.187502496988691
 20
0.4781176470588241
 10
2.1920547945205477
 20
0.47256819791105786
 10
2.2367906066536203
 20
0.4611978106418489
 10
2.2815264187866924
 20
0.4564646643024881
 10
2.326262230919765
 20
0.46196148987120855
 10
2.340731762158116
 20
0.4781176470588241
  0
LWPOLYLINE
  5
11B
330
17
100
AcDbEntity
  8
CONDUCTIVE_METASURFACE
100
AcDbPolyline
 90
217
 70
1
 10
3.4941342331769962
 20
0.4781176470588241
 10
3.53412915851272
 20
0.5132161449327438
 10
3.5788649706457925
 20
0.5145570893893399
 10
3.583566609236726
 20
0.5179607843137259
 10
3.5788649706457925
 20
0.5396519288116113
 10
3.5737817795123683
 20
0.5578039215686277
 10
3.5788649706457925
 20
0.5646087642885999
 10
3.6236007827788645
 20
0.5809063324222027
 10
3.668336594911937
 20
0.574796142858853
 10
3.711266036811616
 20
0.5578039215686277
 10
3.7130724070450096
 20
0.5558783496539836
 10
3.7578082191780817
 20
0.5452241670981078
 10
3.790280809469545
 20
0.5578039215686277
 10
3.8025440313111543
 20
0.5646201159160118
 10
3.847279843444227
 20
0.5906720442832999
 10
3.8566787584375204
 20
0.5976470588235295
 10
3.8687353523916608
 20
0.6374901960784314
 10
3.892015655577299
 20
0.6755819166323696
 10
3.892683981794199
 20
0.6773333333333332
 10
3.8963891718646146
 20
0.717176470588235
 10
3.892015655577299
 20
0.7354480708481983
 10
3.8880838491083396
 20
0.7570196078431368
 10
3.892015655577299
 20
0.7636940046417882
 10
3.913814922557409
 20
0.7968627450980398
 10
3.9367514677103714
 20
0.8178654662161621
 10
3.981487279843444
 20
0.8207350698376854
 10
4.026223091976516
 20
0.8031105588208395
 10
4.070958904109589
 20
0.8006726631051423
 10
4.115694716242661
 20
0.8103652935263524
 10
4.160430528375733
 20
0.8285120927497026
 10
4.166716552486622
 20
0.8367058823529416
 10
4.189562904067653
 20
0.8765490196078434
 10
4.160430528375733
 20
0.9161798740167426
 10
4.160246046342404
 20
0.9163921568627452
 10
4.115694716242661
 20
0.945872869517375
 10
4.070958904109589
 20
0.935436554282335
 10
4.026223091976516
 20
0.9268199252802671
 10
4.004113672112742
 20
0.9562352941176471
 10
4.026223091976516
 20
0.9917801491408176
 10
4.070958904109589
 20
0.9910674256037828
 10
4.075257402923241
 20
0.9960784313725489
 10
4.098555278263708
 20
1.0359215686274508
 10
4.105862711321205
 20
1.0757647058823525
 10
4.115694716242661
 20
1.0865621012791942
 10
4.160430528375733
 20
1.1123060999292156
 10
4.162984184968983
 20
1.1156078431372554
 10
4.205166340508806
 20
1.136808134180288
 10
4.249902152641878
 20
1.1444757306943592
 10
4.29463796477495
 20
1.1485879598155282
 10
4.339373776908023
 20
1.153788016251836
 10
4.349774553964943
 20
1.1554509803921573
 10
4.3841095890410955
 20
1.1873585494330445
 10
4.385648932907821
 20
1.195294117647059
 10
4.391277308375656
 20
1.235137254901961
 10
4.396184899217742
 20
1.2749803921568628
 10
4.4049885106106155
 20
1.3148235294117645
 10
4.428845401174168
 20
1.3521958558412288
 10
4.432911230750168
 20
1.3546666666666665
 10
4.461675383082163
 20
1.3945098039215682
 10
4.473581213307241
 20
1.4032382383814652
 10
4.518317025440313
 20
1.409931508538435
 10
4.563052837573385
 20
1.4307281840807282
 10
4.5684668269139594
 20
1.434352941176471
 10
4.567656439000724
 20
1.474196078431373
 10
4.607788649706458
 20
1.493773571621313
 10
4.640025398273535
 20
1.474196078431373
 10
4.630746125799815
 20
1.434352941176471
 10
4.619286632664992
 20
1.3945098039215682
 10
4.652372657410167
 20
1.3546666666666665
 10
4.65252446183953
 20
1.3545249116226443
 10
4.697260273972602
 20
1.328356801176652
 10
4.741996086105675
 20
1.3488756950821381
 10
4.751474573561199
 20
1.3546666666666665
 10
4.771724728492692
 20
1.3945098039215682
 10
4.78301599697188
 20
1.434352941176471
 10
4.781172125199222
 20
1.474196078431373
 10
4.76065607831009
 20
1.5140392156862748
 10
4.763634849216625
 20
1.5538823529411767
 10
4.786731898238747
 20
1.5740080373191232
 10
4.824120232640747
 20
1.5937254901960785
 10
4.83146771037182
 20
1.597166922595381
 10
4.8548338403188085
 20
1.5937254901960785
 10
4.876203522504892
 20
1.5895755219005399
 10
4.920939334637964
 20
1.5927866742458414
 10
4.924058400142161
 20
1.5937254901960785
 10
4.965675146771037
 20
1.6138289851671828
 10
5.010410958904109
 20
1.624643634105884
 10
5.018738231329054
 20
1.6335686274509802
 10
5.047768261575418
 20
1.6734117647058822
 10
5.055146771037181
 20
1.6839766591300143
 10
5.069558255316309
 20
1.713254901960784
 10
5.057595263691005
 20
1.7530980392156867
 10
5.055146771037181
 20
1.754906538681953
 10
5.036126410076435
 20
1.7929411764705887
 10
5.0292139482668246
 20
1.8327843137254904
 10
5.047370776283119
 20
1.8726274509803924
 10
5.055146771037181
 20
1.877232721284724
 10
5.0754753514285165
 20
1.8726274509803924
 10
5.099882583170254
 20
1.8683498648796837
 10
5.103767614104105
 20
1.8726274509803924
 10
5.105125375925457
 20
1.9124705882352941
 10
5.144618395303326
 20
1.9482593452346741
 10
5.150849240528219
 20
1.9523137254901959
 10
5.163615894280698
 20
1.9921568627450978
 10
5.16893029822194
 20
2.0319999999999996
 10
5.162758462395658
 20
2.0718431372549024
 10
5.144618395303326
 20
2.0847301457895426
 10
5.099882583170254
 20
2.090330526750276
 10
5.060556639202903
 20
2.0718431372549024
 10
5.055146771037181
 20
2.064803716744963
 10
5.023217291287386
 20
2.0319999999999996
 10
5.029490186760423
 20
1.9921568627450978
 10
5.020743264625039
 20
1.9523137254901959
 10
5.010410958904109
 20
1.9337524300025855
 10
4.965675146771037
 20
1.9191378894910807
 10
4.944574775933278
 20
1.9124705882352941
 10
4.920939334637964
 20
1.902055792740731
 10
4.876203522504892
 20
1.8960378089827066
 10
4.83146771037182
 20
1.8966795149388351
 10
4.788600631902003
 20
1.9124705882352941
 10
4.786731898238747
 20
1.9130126599524984
 10
4.741996086105675
 20
1.9206172039945364
 10
4.717201658475097
 20
1.9124705882352941
 10
4.697260273972602
 20
1.8913340704743435
 10
4.68413100380793
 20
1.8726274509803924
 10
4.670947617592838
 20
1.8327843137254904
 10
4.65252446183953
 20
1.8165666748919898
 10
4.618858820574395
 20
1.8327843137254904
 10
4.607788649706458
 20
1.8388386954097289
 10
4.598662645908758
 20
1.8327843137254904
 10
4.563052837573385
 20
1.8053661028787178
 10
4.550706935282056
 20
1.7929411764705887
 10
4.563052837573385
 20
1.7648204494205462
 10
4.567433524462196
 20
1.7530980392156867
 10
4.573046765984302
 20
1.713254901960784
 10
4.595466403639591
 20
1.6734117647058822
 10
4.607788649706458
 20
1.6425954702760055
 10
4.610502830775877
 20
1.6335686274509802
 10
4.6181171449165435
 20
1.5937254901960785
 10
4.607788649706458
 20
1.57736712618616
 10
4.563052837573385
 20
1.5649997564095801
 10
4.518317025440313
 20
1.582742071968595
 10
4.514762469044547
 20
1.5937254901960785
 10
4.4997247877029825
 20
1.6335686274509802
 10
4.473581213307241
 20
1.6577630870374003
 10
4.428845401174168
 20
1.6509288505321602
 10
4.3841095890410955
 20
1.6494410127346542
 10
4.339373776908023
 20
1.6482359705530403
 10
4.319295007162877
 20
1.6335686274509802
 10
4.301682534379595
 20
1.5937254901960785
 10
4.29463796477495
 20
1.5800968595253266
 10
4.260988600575126
 20
1.5538823529411767
 10
4.249902152641878
 20
1.5154977854636646
 10
4.249571835469711
 20
1.5140392156862748
 10
4.236483738261963
 20
1.474196078431373
 10
4.205166340508806
 20
1.4356803807700713
 10
4.199510360508657
 20
1.434352941176471
 10
4.160430528375733
 20
1.4212703762512127
 10
4.145040721415524
 20
1.3945098039215682
 10
4.115694716242661
 20
1.3682097247564915
 10
4.086190606332848
 20
1.3546666666666665
 10
4.070958904109589
 20
1.3165955470772355
 10
4.070465066904052
 20
1.3148235294117645
 10
4.026223091976516
 20
1.2864760254867187
 10
3.9818121218526454
 20
1.2749803921568628
 10
3.981487279843444
 20
1.274659159571157
 10
3.9367514677103714
 20
1.264684851010338
 10
3.9075472340761386
 20
1.235137254901961
 10
3.892015655577299
 20
1.2287899522668702
 10
3.847279843444227
 20
1.2132370877339174
 10
3.8307644625402566
 20
1.195294117647059
 10
3.8294555443025895
 20
1.1554509803921573
 10
3.827500167979846
 20
1.1156078431372554
 10
3.8195361582896328
 20
1.0757647058823525
 10
3.847279843444227
 20
1.0522250479594513
 10
3.892015655577299
 20
1.0386661188387478
 10
3.9026356904405253
 20
1.0359215686274508
 10
3.9239493626087434
 20
0.9960784313725489
 10
3.910206293262729
 20
0.9562352941176471
 10
3.892015655577299
 20
0.9470874046876313
 10
3.847279843444227
 20
0.9539132685790803
 10
3.83752619697252
 20
0.9562352941176471
 10
3.8025440313111543
 20
0.9673076236819859
 10
3.7578082191780817
 20
0.9872808493247797
 10
3.7130724070450096
 20
0.9921865529938758
 10
3.6999491033966923
 20
0.9960784313725489
 10
3.668336594911937
 20
1.0070962111698074
 10
3.6543700385439815
 20
0.9960784313725489
 10
3.6236007827788645
 20
0.9644785446176978
 10
3.616658706273457
 20
0.9562352941176471
 10
3.6236007827788645
 20
0.9461504891394825
 10
3.64161573716415
 20
0.9163921568627452
 10
3.6236007827788645
 20
0.9001671225579876
 10
3.5788649706457925
 20
0.88840415108866
 10
3.557507628888356
 20
0.8765490196078434
 10
3.53412915851272
 20
0.8591971374471964
 10
3.5247643483912565
 20
0.8367058823529416
 10
3.5330337187451173
 20
0.7968627450980398
 10
3.53412915851272
 20
0.7938536228303676
 10
3.5512993527897403
 20
0.7570196078431368
 10
3.55202780152244
 20
0.717176470588235
 10
3.545051266093374
 20
0.6773333333333332
 10
3.53412915851272
 20
0.6575526577688275
 10
3.5262167363676644
 20
0.6374901960784314
 10
3.509410254546026
 20
0.5976470588235295
 10
3.4893933463796474
 20
0.5888574425052844
 10
3.4446575342465753
 20
0.5812083782696238
 10
3.3999217221135027
 20
0.587228718038587
 10
3.3623529329141384
 20
0.5578039215686277
 10
3.35518590998043
 20
0.5533813491979018
 10
3.3344558012614987
 20
0.5179607843137259
 10
3.3406938245694593
 20
0.4781176470588241
 10
3.35518590998043
 20
0.4617660073601793
 10
3.3999217221135027
 20
0.4559380161708386
 10
3.4446575342465753
 20
0.4608195106622875
 10
3.4893933463796474
 20
0.4722972594747013
 10
3.4941342331769962
 20
0.4781176470588241
  0
LWPOLYLINE
  5
11C
330
17
100
AcDbEntity
  8
CONDUCTIVE_METASURFACE
100
AcDbPolyline
 90
217
 70
1
 10
8.066915715191385
 20
0.4781176470588241
 10
8.073203795151963
 20
0.5179607843137259
 10
8.052446183953032
 20
0.5529857590335419
 10
8.044542405504604
 20
0.5578039215686277
 10
8.007710371819961
 20
0.5862413797864503
 10
7.962974559686888
 20
0.580654529799731
 10
7.918238747553816
 20
0.5884448674265768
 10
7.897398345455953
 20
0.5976470588235295
 10
7.880989085829629
 20
0.6374901960784314
 10
7.873502935420743
 20
0.6562831229571497
 10
7.861809339347317
 20
0.6773333333333332
 10
7.855052296706232
 20
0.717176470588235
 10
7.855772793787758
 20
0.7570196078431368
 10
7.873502935420743
 20
0.7951982830313024
 10
7.874111611995891
 20
0.7968627450980398
 10
7.882649968294809
 20
0.8367058823529416
 10
7.873502935420743
 20
0.858788660182548
 10
7.849770969061112
 20
0.8765490196078434
 10
7.828767123287671
 20
0.8882424019189117
 10
7.784031311154598
 20
0.8999839351338599
 10
7.765822210478281
 20
0.9163921568627452
 10
7.784031311154598
 20
0.946375805424442
 10
7.790829187957804
 20
0.9562352941176471
 10
7.784031311154598
 20
0.9643632441450968
 10
7.753246249538689
 20
0.9960784313725489
 10
7.739295499021526
 20
1.00707413520628
 10
7.707721445557183
 20
0.9960784313725489
 10
7.694559686888454
 20
0.9921768933714714
 10
7.649823874755381
 20
0.9871774982884328
 10
7.6050880626223085
 20
0.9672098845000929
 10
7.5704875896226875
 20
0.9562352941176471
 10
7.560352250489236
 20
0.9538179520265676
 10
7.515616438356163
 20
0.9470364012830008
 10
7.497249296329823
 20
0.9562352941176471
 10
7.483363232927977
 20
0.9960784313725489
 10
7.5032843178497375
 20
1.0359215686274508
 10
7.515616438356163
 20
1.0390873643898688
 10
7.560352250489236
 20
1.0524804261908531
 10
7.587517712467353
 20
1.0757647058823525
 10
7.579844246865388
 20
1.1156078431372554
 10
7.578173716073129
 20
1.1554509803921573
 10
7.576820696994153
 20
1.195294117647059
 10
7.560352250489236
 20
1.2131768926542672
 10
7.515616438356163
 20
1.228863138235055
 10
7.500314265657684
 20
1.235137254901961
 10
7.470880626223091
 20
1.2651064774682523
 10
7.427782417524712
 20
1.2749803921568628
 10
7.426144814090019
 20
1.2752745684205966
 10
7.381409001956946
 20
1.2869312335483487
 10
7.338163566845888
 20
1.3148235294117645
 10
7.336673189823874
 20
1.3198606664909798
 10
7.321983973774088
 20
1.3546666666666665
 10
7.291937377690802
 20
1.3683732894321587
 10
7.262407597058557
 20
1.3945098039215682
 10
7.247201565557729
 20
1.4207869223734608
 10
7.2044548256245555
 20
1.434352941176471
 10
7.202465753424657
 20
1.4347926477395943
 10
7.170637146357527
 20
1.474196078431373
 10
7.157729941291585
 20
1.5137499843767144
 10
7.157369372184196
 20
1.5140392156862748
 10
7.146170168088583
 20
1.5538823529411767
 10
7.112994129158512
 20
1.5798926605805326
 10
7.105867428896849
 20
1.5937254901960785
 10
7.088404709836431
 20
1.6335686274509802
 10
7.06825831702544
 20
1.648277800397191
 10
7.023522504892368
 20
1.6494435821910294
 10
6.978786692759295
 20
1.6511851248244254
 10
6.934050880626223
 20
1.6582781179232533
 10
6.907620521543548
 20
1.6335686274509802
 10
6.892396562745751
 20
1.5937254901960785
 10
6.889315068493151
 20
1.5842671673092963
 10
6.844579256360078
 20
1.5652843112913155
 10
6.7998434442270055
 20
1.5775243851207907
 10
6.7895722458573875
 20
1.5937254901960785
 10
6.797236338549799
 20
1.6335686274509802
 10
6.7998434442270055
 20
1.6422553087019924
 10
6.812275537905643
 20
1.6734117647058822
 10
6.83470144652864
 20
1.713254901960784
 10
6.840209508302155
 20
1.7530980392156867
 10
6.844579256360078
 20
1.7647859542129871
 10
6.856950051642731
 20
1.7929411764705887
 10
6.844579256360078
 20
1.8053802897526448
 10
6.809099052050492
 20
1.8327843137254904
 10
6.7998434442270055
 20
1.838967210509701
 10
6.788520124284088
 20
1.8327843137254904
 10
6.7551076320939325
 20
1.8167396591168001
 10
6.73689023840738
 20
1.8327843137254904
 10
6.723682756301552
 20
1.8726274509803924
 10
6.71037181996086
 20
1.8916489852158915
 10
6.690889161572146
 20
1.9124705882352941
 10
6.665636007827788
 20
1.920811192733857
 10
6.620900195694715
 20
1.9134462311196339
 10
6.617521525216038
 20
1.9124705882352941
 10
6.576164383561643
 20
1.8971782739225258
 10
6.531428571428571
 20
1.8965295052978681
 10
6.486692759295498
 20
1.9027430465227444
 10
6.464483100737108
 20
1.9124705882352941
 10
6.441956947162426
 20
1.9195176517163581
 10
6.397221135029354
 20
1.9344859921344721
 10
6.387352142411994
 20
1.9523137254901959
 10
6.378763854596458
 20
1.9921568627450978
 10
6.385523522692121
 20
2.0319999999999996
 10
6.352485322896281
 20
2.065460050269958
 10
6.3475197309984885
 20
2.0718431372549024
 10
6.307749510763209
 20
2.0903060412022505
 10
6.263013698630137
 20
2.0847502679294827
 10
6.244654088969155
 20
2.0718431372549024
 10
6.238110448177559
 20
2.0319999999999996
 10
6.243591391202798
 20
1.9921568627450978
 10
6.256478631112183
 20
1.9523137254901959
 10
6.263013698630137
 20
1.9480913708993062
 10
6.302422275477381
 20
1.9124705882352941
 10
6.303927922681913
 20
1.8726274509803924
 10
6.307749510763209
 20
1.8684401044630348
 10
6.332103914011544
 20
1.8726274509803924
 10
6.352485322896281
 20
1.8771547664115162
 10
6.36012589832367
 20
1.8726274509803924
 10
6.378424730068849
 20
1.8327843137254904
 10
6.37156422272432
 20
1.7929411764705887
 10
6.352485322896281
 20
1.7547067600837396
 10
6.350323412099732
 20
1.7530980392156867
 10
6.338360843428174
 20
1.713254901960784
 10
6.352485322896281
 20
1.68433388758734
 10
6.360138605369581
 20
1.6734117647058822
 10
6.3893896790841405
 20
1.6335686274509802
 10
6.397221135029354
 20
1.6251977404445224
 10
6.441956947162426
 20
1.6144596685180865
 10
6.484726271813513
 20
1.5937254901960785
 10
6.486692759295498
 20
1.5931302574707695
 10
6.531428571428571
 20
1.589830283109278
 10
6.551943892773284
 20
1.5937254901960785
 10
6.576164383561643
 20
1.5972272975634625
 10
6.583658406345235
 20
1.5937254901960785
 10
6.620900195694715
 20
1.574310342853267
 10
6.644481989414084
 20
1.5538823529411767
 10
6.647703959589919
 20
1.5140392156862748
 10
6.627915160536698
 20
1.474196078431373
 10
6.625177894129644
 20
1.434352941176471
 10
6.636060823302409
 20
1.3945098039215682
 10
6.656435965747611
 20
1.3546666666666665
 10
6.665636007827788
 20
1.3490680930577295
 10
6.71037181996086
 20
1.328720430128049
 10
6.7548693046472374
 20
1.3546666666666665
 10
6.7551076320939325
 20
1.35483095615506
 10
6.7882085600911495
 20
1.3945098039215682
 10
6.7764907030243355
 20
1.434352941176471
 10
6.766815947815642
 20
1.474196078431373
 10
6.7998434442270055
 20
1.4938873617671826
 10
6.83975316577366
 20
1.474196078431373
 10
6.838952891210646
 20
1.434352941176471
 10
6.844579256360078
 20
1.430524563547996
 10
6.889315068493151
 20
1.4097747129988627
 10
6.934050880626223
 20
1.4032665062368905
 10
6.946174168293967
 20
1.3945098039215682
 10
6.975079515292803
 20
1.3546666666666665
 10
6.978786692759295
 20
1.3523923025102824
 10
7.002590301378643
 20
1.3148235294117645
 10
7.011199461183368
 20
1.2749803921568628
 10
7.015816661828847
 20
1.235137254901961
 10
7.02165533282778
 20
1.195294117647059
 10
7.023522504892368
 20
1.1860308778056368
 10
7.059348498155832
 20
1.1554509803921573
 10
7.06825831702544
 20
1.1540800313089028
 10
7.112994129158512
 20
1.1490672677061802
 10
7.157729941291585
 20
1.1446964482764903
 10
7.202465753424657
 20
1.1368556186831413
 10
7.2444274528102826
 20
1.1156078431372554
 10
7.247201565557729
 20
1.1119868208601575
 10
7.291937377690802
 20
1.0863684106691869
 10
7.301737615519105
 20
1.0757647058823525
 10
7.309252828070547
 20
1.0359215686274508
 10
7.332603275663882
 20
0.9960784313725489
 10
7.336673189823874
 20
0.991256507703827
 10
7.381409001956946
 20
0.9919782867103363
 10
7.403390546314092
 20
0.9562352941176471
 10
7.381409001956946
 20
0.9275242680041255
 10
7.336673189823874
 20
0.9357886822170651
 10
7.291937377690802
 20
0.9459948536868856
 10
7.247201565557729
 20
0.916527368062822
 10
7.24704239230573
 20
0.9163921568627452
 10
7.217660896094193
 20
0.8765490196078434
 10
7.240699518752583
 20
0.8367058823529416
 10
7.247201565557729
 20
0.8282640954088579
 10
7.291937377690802
 20
0.8102286245173888
 10
7.336673189823874
 20
0.8001722797983808
 10
7.381409001956946
 20
0.8018145212906503
 10
7.426144814090019
 20
0.820086716801956
 10
7.470880626223091
 20
0.8174337256748209
 10
7.493477717148015
 20
0.7968627450980398
 10
7.515616438356163
 20
0.763563442331773
 10
7.51948042894611
 20
0.7570196078431368
 10
7.515616438356163
 20
0.736209124649696
 10
7.510956851987007
 20
0.717176470588235
 10
7.514562346126919
 20
0.6773333333333332
 10
7.515616438356163
 20
0.674555415580362
 10
7.538188581630356
 20
0.6374901960784314
 10
7.550331343409282
 20
0.5976470588235295
 10
7.560352250489236
 20
0.5902305657747368
 10
7.6050880626223085
 20
0.5643755233549358
 10
7.616950398654095
 20
0.5578039215686277
 10
7.649823874755381
 20
0.5449686184304057
 10
7.694559686888454
 20
0.5556232151739875
 10
7.696590267541993
 20
0.5578039215686277
 10
7.739295499021526
 20
0.5747440827534698
 10
7.784031311154598
 20
0.5809005523649192
 10
7.828767123287671
 20
0.5647295255978171
 10
7.833937949609993
 20
0.5578039215686277
 10
7.828767123287671
 20
0.5396984238764433
 10
7.823964321528171
 20
0.5179607843137259
 10
7.828767123287671
 20
0.5145006947005596
 10
7.873502935420743
 20
0.5132913675336812
 10
7.913686450021959
 20
0.4781176470588241
 10
7.918238747553816
 20
0.47256819791105786
 10
7.962974559686888
 20
0.4611978106418489
 10
8.007710371819961
 20
0.4564646643024881
 10
8.052446183953032
 20
0.46196148987120855
 10
8.066915715191385
 20
0.4781176470588241
  0
LWPOLYLINE
  5
11D
330
17
100
AcDbEntity
  8
CONDUCTIVE_METASURFACE
100
AcDbPolyline
 90
217
 70
1
 10
9.220318186210264
 20
0.4781176470588241
 10
9.260313111545987
 20
0.5132161449327438
 10
9.30504892367906
 20
0.5145570893893399
 10
9.309750562269993
 20
0.5179607843137259
 10
9.30504892367906
 20
0.5396519288116113
 10
9.299965732545635
 20
0.5578039215686277
 10
9.30504892367906
 20
0.5646087642885999
 10
9.349784735812133
 20
0.5809063324222027
 10
9.394520547945204
 20
0.574796142858853
 10
9.437449989844884
 20
0.5578039215686277
 10
9.439256360078277
 20
0.5558783496539836
 10
9.48399217221135
 20
0.5452241670981078
 10
9.516464762502812
 20
0.5578039215686277
 10
9.528727984344423
 20
0.5646201159160118
 10
9.573463796477494
 20
0.5906720442832999
 10
9.582862711470788
 20
0.5976470588235295
 10
9.594919305424929
 20
0.6374901960784314
 10
9.618199608610567
 20
0.6755819166323696
 10
9.618867934827467
 20
0.6773333333333332
 10
9.622573124897881
 20
0.717176470588235
 10
9.618199608610567
 20
0.7354480708481983
 10
9.614267802141608
 20
0.7570196078431368
 10
9.618199608610567
 20
0.7636940046417882
 10
9.639998875590678
 20
0.7968627450980398
 10
9.66293542074364
 20
0.8178654662161621
 10
9.707671232876711
 20
0.8207350698376854
 10
9.752407045009784
 20
0.8031105588208395
 10
9.797142857142857
 20
0.8006726631051423
 10
9.841878669275928
 20
0.8103652935263524
 10
9.886614481409001
 20
0.8285120927497026
 10
9.89290050551989
 20
0.8367058823529416
 10
9.91574685710092
 20
0.8765490196078434
 10
9.886614481409001
 20
0.9161798740167426
 10
9.886429999375672
 20
0.9163921568627452
 10
9.841878669275928
 20
0.945872869517375
 10
9.797142857142857
 20
0.935436554282335
 10
9.752407045009784
 20
0.9268199252802671
 10
9.73029762514601
 20
0.9562352941176471
 10
9.752407045009784
 20
0.9917801491408176
 10
9.797142857142857
 20
0.9910674256037828
 10
9.801441355956511
 20
0.9960784313725489
 10
9.824739231296975
 20
1.0359215686274508
 10
9.832046664354474
 20
1.0757647058823525
 10
9.841878669275928
 20
1.0865621012791942
 10
9.886614481409001
 20
1.1123060999292156
 10
9.889168138002251
 20
1.1156078431372554
 10
9.931350293542074
 20
1.136808134180288
 10
9.976086105675146
 20
1.1444757306943592
 10
10.020821917808219
 20
1.1485879598155282
 10
10.065557729941291
 20
1.153788016251836
 10
10.07595850699821
 20
1.1554509803921573
 10
10.110293542074363
 20
1.1873585494330445
 10
10.111832885941087
 20
1.195294117647059
 10
10.117461261408923
 20
1.235137254901961
 10
10.12236885225101
 20
1.2749803921568628
 10
10.131172463643884
 20
1.3148235294117645
 10
10.155029354207436
 20
1.3521958558412288
 10
10.159095183783435
 20
1.3546666666666665
 10
10.187859336115432
 20
1.3945098039215682
 10
10.199765166340509
 20
1.4032382383814652
 10
10.24450097847358
 20
1.409931508538435
 10
10.289236790606653
 20
1.4307281840807282
 10
10.294650779947228
 20
1.434352941176471
 10
10.293840392033992
 20
1.474196078431373
 10
10.333972602739726
 20
1.493773571621313
 10
10.366209351306804
 20
1.474196078431373
 10
10.356930078833084
 20
1.434352941176471
 10
10.34547058569826
 20
1.3945098039215682
 10
10.378556610443434
 20
1.3546666666666665
 10
10.378708414872797
 20
1.3545249116226443
 10
10.42344422700587
 20
1.328356801176652
 10
10.468180039138943
 20
1.3488756950821381
 10
10.477658526594468
 20
1.3546666666666665
 10
10.49790868152596
 20
1.3945098039215682
 10
10.509199950005149
 20
1.434352941176471
 10
10.50735607823249
 20
1.474196078431373
 10
10.486840031343359
 20
1.5140392156862748
 10
10.489818802249893
 20
1.5538823529411767
 10
10.512915851272014
 20
1.5740080373191232
 10
10.550304185674015
 20
1.5937254901960785
 10
10.557651663405087
 20
1.597166922595381
 10
10.581017793352077
 20
1.5937254901960785
 10
10.60238747553816
 20
1.5895755219005399
 10
10.647123287671231
 20
1.5927866742458414
 10
10.650242353175429
 20
1.5937254901960785
 10
10.691859099804304
 20
1.6138289851671828
 10
10.736594911937377
 20
1.624643634105884
 10
10.744922184362322
 20
1.6335686274509802
 10
10.773952214608686
 20
1.6734117647058822
 10
10.781330724070449
 20
1.6839766591300143
 10
10.795742208349578
 20
1.713254901960784
 10
10.783779216724273
 20
1.7530980392156867
 10
10.781330724070449
 20
1.754906538681953
 10
10.762310363109703
 20
1.7929411764705887
 10
10.755397901300093
 20
1.8327843137254904
 10
10.773554729316388
 20
1.8726274509803924
 10
10.781330724070449
 20
1.877232721284724
 10
10.801659304461785
 20
1.8726274509803924
 10
10.826066536203522
 20
1.8683498648796837
 10
10.829951567137375
 20
1.8726274509803924
 10
10.831309328958726
 20
1.9124705882352941
 10
10.870802348336595
 20
1.9482593452346741
 10
10.877033193561488
 20
1.9523137254901959
 10
10.889799847313965
 20
1.9921568627450978
 10
10.895114251255208
 20
2.0319999999999996
 10
10.888942415428925
 20
2.0718431372549024
 10
10.870802348336595
 20
2.0847301457895426
 10
10.826066536203522
 20
2.090330526750276
 10
10.786740592236171
 20
2.0718431372549024
 10
10.781330724070449
 20
2.064803716744963
 10
10.749401244320653
 20
2.0319999999999996
 10
10.75567413979369
 20
1.9921568627450978
 10
10.746927217658307
 20
1.9523137254901959
 10
10.736594911937377
 20
1.9337524300025855
 10
10.691859099804304
 20
1.9191378894910807
 10
10.670758728966547
 20
1.9124705882352941
 10
10.647123287671231
 20
1.902055792740731
 10
10.60238747553816
 20
1.8960378089827066
 10
10.557651663405087
 20
1.8966795149388351
 10
10.514784584935272
 20
1.9124705882352941
 10
10.512915851272014
 20
1.9130126599524984
 10
10.468180039138943
 20
1.9206172039945364
 10
10.443385611508363
 20
1.9124705882352941
 10
10.42344422700587
 20
1.8913340704743435
 10
10.410314956841198
 20
1.8726274509803924
 10
10.397131570626106
 20
1.8327843137254904
 10
10.378708414872797
 20
1.8165666748919898
 10
10.345042773607664
 20
1.8327843137254904
 10
10.333972602739726
 20
1.8388386954097289
 10
10.324846598942026
 20
1.8327843137254904
 10
10.289236790606653
 20
1.8053661028787178
 10
10.276890888315323
 20
1.7929411764705887
 10
10.289236790606653
 20
1.7648204494205462
 10
10.293617477495465
 20
1.7530980392156867
 10
10.29923071901757
 20
1.713254901960784
 10
10.321650356672858
 20
1.6734117647058822
 10
10.333972602739726
 20
1.6425954702760055
 10
10.336686783809146
 20
1.6335686274509802
 10
10.344301097949812
 20
1.5937254901960785
 10
10.333972602739726
 20
1.57736712618616
 10
10.289236790606653
 20
1.5649997564095801
 10
10.24450097847358
 20
1.582742071968595
 10
10.240946422077815
 20
1.5937254901960785
 10
10.22590874073625
 20
1.6335686274509802
 10
10.199765166340509
 20
1.6577630870374003
 10
10.155029354207436
 20
1.6509288505321602
 10
10.110293542074363
 20
1.6494410127346542
 10
10.065557729941291
 20
1.6482359705530403
 10
10.045478960196146
 20
1.6335686274509802
 10
10.027866487412863
 20
1.5937254901960785
 10
10.020821917808219
 20
1.5800968595253266
 10
9.987172553608394
 20
1.5538823529411767
 10
9.976086105675146
 20
1.5154977854636646
 10
9.975755788502978
 20
1.5140392156862748
 10
9.962667691295232
 20
1.474196078431373
 10
9.931350293542074
 20
1.4356803807700713
 10
9.925694313541925
 20
1.434352941176471
 10
9.886614481409001
 20
1.4212703762512127
 10
9.87122467444879
 20
1.3945098039215682
 10
9.841878669275928
 20
1.3682097247564915
 10
9.812374559366114
 20
1.3546666666666665
 10
9.797142857142857
 20
1.3165955470772355
 10
9.79664901993732
 20
1.3148235294117645
 10
9.752407045009784
 20
1.2864760254867187
 10
9.707996074885914
 20
1.2749803921568628
 10
9.707671232876711
 20
1.274659159571157
 10
9.66293542074364
 20
1.264684851010338
 10
9.633731187109406
 20
1.235137254901961
 10
9.618199608610567
 20
1.2287899522668702
 10
9.573463796477494
 20
1.2132370877339174
 10
9.556948415573524
 20
1.195294117647059
 10
9.555639497335857
 20
1.1554509803921573
 10
9.553684121013113
 20
1.1156078431372554
 10
9.5457201113229
 20
1.0757647058823525
 10
9.573463796477494
 20
1.0522250479594513
 10
9.618199608610567
 20
1.0386661188387478
 10
9.628819643473792
 20
1.0359215686274508
 10
9.650133315642012
 20
0.9960784313725489
 10
9.636390246295997
 20
0.9562352941176471
 10
9.618199608610567
 20
0.9470874046876313
 10
9.573463796477494
 20
0.9539132685790803
 10
9.563710150005788
 20
0.9562352941176471
 10
9.528727984344423
 20
0.9673076236819859
 10
9.48399217221135
 20
0.9872808493247797
 10
9.439256360078277
 20
0.9921865529938758
 10
9.426133056429961
 20
0.9960784313725489
 10
9.394520547945204
 20
1.0070962111698074
 10
9.38055399157725
 20
0.9960784313725489
 10
9.349784735812133
 20
0.9644785446176978
 10
9.342842659306726
 20
0.9562352941176471
 10
9.349784735812133
 20
0.9461504891394825
 10
9.367799690197417
 20
0.9163921568627452
 10
9.349784735812133
 20
0.9001671225579876
 10
9.30504892367906
 20
0.88840415108866
 10
9.283691581921625
 20
0.8765490196078434
 10
9.260313111545987
 20
0.8591971374471964
 10
9.250948301424524
 20
0.8367058823529416
 10
9.259217671778385
 20
0.7968627450980398
 10
9.260313111545987
 20
0.7938536228303676
 10
9.277483305823008
 20
0.7570196078431368
 10
9.278211754555707
 20
0.717176470588235
 10
9.271235219126641
 20
0.6773333333333332
 10
9.260313111545987
 20
0.6575526577688275
 10
9.252400689400934
 20
0.6374901960784314
 10
9.235594207579293
 20
0.5976470588235295
 10
9.215577299412915
 20
0.5888574425052844
 10
9.170841487279842
 20
0.5812083782696238
 10
9.12610567514677
 20
0.587228718038587
 10
9.088536885947406
 20
0.5578039215686277
 10
9.081369863013698
 20
0.5533813491979018
 10
9.060639754294767
 20
0.5179607843137259
 10
9.066877777602727
 20
0.4781176470588241
 10
9.081369863013698
 20
0.4617660073601793
 10
9.12610567514677
 20
0.4559380161708386
 10
9.170841487279842
 20
0.4608195106622875
 10
9.215577299412915
 20
0.4722972594747013
 10
9.220318186210264
 20
0.4781176470588241
  0
LWPOLYLINE
  5
11E
330
17
100
AcDbEntity
  8
CONDUCTIVE_METASURFACE
100
AcDbPolyline
 90
217
 70
1
 10
13.793099668224652
 20
0.4781176470588241
 10
13.799387748185232
 20
0.5179607843137259
 10
13.778630136986301
 20
0.5529857590335419
 10
13.770726358537871
 20
0.5578039215686277
 10
13.73389432485323
 20
0.5862413797864503
 10
13.689158512720155
 20
0.580654529799731
 10
13.644422700587084
 20
0.5884448674265768
 10
13.62358229848922
 20
0.5976470588235295
 10
13.607173038862898
 20
0.6374901960784314
 10
13.599686888454011
 20
0.6562831229571497
 10
13.587993292380585
 20
0.6773333333333332
 10
13.581236249739499
 20
0.717176470588235
 10
13.581956746821026
 20
0.7570196078431368
 10
13.599686888454011
 20
0.7951982830313024
 10
13.600295565029162
 20
0.7968627450980398
 10
13.608833921328076
 20
0.8367058823529416
 10
13.599686888454011
 20
0.858788660182548
 10
13.57595492209438
 20
0.8765490196078434
 10
13.55495107632094
 20
0.8882424019189117
 10
13.510215264187865
 20
0.8999839351338599
 10
13.49200616351155
 20
0.9163921568627452
 10
13.510215264187865
 20
0.946375805424442
 10
13.51701314099107
 20
0.9562352941176471
 10
13.510215264187865
 20
0.9643632441450968
 10
13.479430202571956
 20
0.9960784313725489
 10
13.465479452054796
 20
1.00707413520628
 10
13.433905398590449
 20
0.9960784313725489
 10
13.42074363992172
 20
0.9921768933714714
 10
13.37600782778865
 20
0.9871774982884328
 10
13.331272015655577
 20
0.9672098845000929
 10
13.296671542655956
 20
0.9562352941176471
 10
13.286536203522505
 20
0.9538179520265676
 10
13.24180039138943
 20
0.9470364012830008
 10
13.22343324936309
 20
0.9562352941176471
 10
13.209547185961243
 20
0.9960784313725489
 10
13.229468270883004
 20
1.0359215686274508
 10
13.24180039138943
 20
1.0390873643898688
 10
13.286536203522505
 20
1.0524804261908531
 10
13.31370166550062
 20
1.0757647058823525
 10
13.306028199898657
 20
1.1156078431372554
 10
13.304357669106397
 20
1.1554509803921573
 10
13.30300465002742
 20
1.195294117647059
 10
13.286536203522505
 20
1.2131768926542672
 10
13.24180039138943
 20
1.228863138235055
 10
13.226498218690951
 20
1.235137254901961
 10
13.19706457925636
 20
1.2651064774682523
 10
13.15396637055798
 20
1.2749803921568628
 10
13.152328767123286
 20
1.2752745684205966
 10
13.107592954990215
 20
1.2869312335483487
 10
13.064347519879156
 20
1.3148235294117645
 10
13.062857142857142
 20
1.3198606664909798
 10
13.048167926807357
 20
1.3546666666666665
 10
13.018121330724071
 20
1.3683732894321587
 10
12.988591550091828
 20
1.3945098039215682
 10
12.973385518590996
 20
1.4207869223734608
 10
12.930638778657825
 20
1.434352941176471
 10
12.928649706457925
 20
1.4347926477395943
 10
12.896821099390797
 20
1.474196078431373
 10
12.883913894324852
 20
1.5137499843767144
 10
12.883553325217466
 20
1.5140392156862748
 10
12.87235412112185
 20
1.5538823529411767
 10
12.839178082191781
 20
1.5798926605805326
 10
12.832051381930118
 20
1.5937254901960785
 10
12.814588662869701
 20
1.6335686274509802
 10
12.794442270058708
 20
1.648277800397191
 10
12.749706457925637
 20
1.6494435821910294
 10
12.704970645792562
 20
1.6511851248244254
 10
12.66023483365949
 20
1.6582781179232533
 10
12.633804474576817
 20
1.6335686274509802
 10
12.61858051577902
 20
1.5937254901960785
 10
12.615499021526418
 20
1.5842671673092963
 10
12.570763209393347
 20
1.5652843112913155
 10
12.526027397260274
 20
1.5775243851207907
 10
12.515756198890656
 20
1.5937254901960785
 10
12.523420291583067
 20
1.6335686274509802
 10
12.526027397260274
 20
1.6422553087019924
 10
12.538459490938912
 20
1.6734117647058822
 10
12.560885399561904
 20
1.713254901960784
 10
12.566393461335425
 20
1.7530980392156867
 10
12.570763209393347
 20
1.7647859542129871
 10
12.583134004676001
 20
1.7929411764705887
 10
12.570763209393347
 20
1.8053802897526448
 10
12.535283005083759
 20
1.8327843137254904
 10
12.526027397260274
 20
1.838967210509701
 10
12.514704077317356
 20
1.8327843137254904
 10
12.481291585127202
 20
1.8167396591168001
 10
12.463074191440649
 20
1.8327843137254904
 10
12.449866709334822
 20
1.8726274509803924
 10
12.436555772994128
 20
1.8916489852158915
 10
12.417073114605413
 20
1.9124705882352941
 10
12.391819960861056
 20
1.920811192733857
 10
12.347084148727983
 20
1.9134462311196339
 10
12.343705478249305
 20
1.9124705882352941
 10
12.302348336594912
 20
1.8971782739225258
 10
12.25761252446184
 20
1.8965295052978681
 10
12.212876712328768
 20
1.9027430465227444
 10
12.190667053770378
 20
1.9124705882352941
 10
12.168140900195693
 20
1.9195176517163581
 10
12.123405088062622
 20
1.9344859921344721
 10
12.113536095445264
 20
1.9523137254901959
 10
12.104947807629726
 20
1.9921568627450978
 10
12.111707475725389
 20
2.0319999999999996
 10
12.078669275929549
 20
2.065460050269958
 10
12.073703684031756
 20
2.0718431372549024
 10
12.033933463796478
 20
2.0903060412022505
 10
11.989197651663405
 20
2.0847502679294827
 10
11.970838042002423
 20
2.0718431372549024
 10
11.964294401210827
 20
2.0319999999999996
 10
11.969775344236066
 20
1.9921568627450978
 10
11.982662584145453
 20
1.9523137254901959
 10
11.989197651663405
 20
1.9480913708993062
 10
12.028606228510647
 20
1.9124705882352941
 10
12.03011187571518
 20
1.8726274509803924
 10
12.033933463796478
 20
1.8684401044630348
 10
12.058287867044811
 20
1.8726274509803924
 10
12.078669275929549
 20
1.8771547664115162
 10
12.086309851356937
 20
1.8726274509803924
 10
12.104608683102114
 20
1.8327843137254904
 10
12.097748175757587
 20
1.7929411764705887
 10
12.078669275929549
 20
1.7547067600837396
 10
12.076507365132997
 20
1.7530980392156867
 10
12.064544796461442
 20
1.713254901960784
 10
12.078669275929549
 20
1.68433388758734
 10
12.086322558402848
 20
1.6734117647058822
 10
12.115573632117409
 20
1.6335686274509802
 10
12.123405088062622
 20
1.6251977404445224
 10
12.168140900195693
 20
1.6144596685180865
 10
12.210910224846781
 20
1.5937254901960785
 10
12.212876712328768
 20
1.5931302574707695
 10
12.25761252446184
 20
1.589830283109278
 10
12.27812784580655
 20
1.5937254901960785
 10
12.302348336594912
 20
1.5972272975634625
 10
12.3098423593785
 20
1.5937254901960785
 10
12.347084148727983
 20
1.574310342853267
 10
12.370665942447351
 20
1.5538823529411767
 10
12.373887912623188
 20
1.5140392156862748
 10
12.354099113569967
 20
1.474196078431373
 10
12.351361847162911
 20
1.434352941176471
 10
12.362244776335677
 20
1.3945098039215682
 10
12.382619918780879
 20
1.3546666666666665
 10
12.391819960861056
 20
1.3490680930577295
 10
12.436555772994128
 20
1.328720430128049
 10
12.481053257680506
 20
1.3546666666666665
 10
12.481291585127202
 20
1.35483095615506
 10
12.514392513124417
 20
1.3945098039215682
 10
12.502674656057604
 20
1.434352941176471
 10
12.49299990084891
 20
1.474196078431373
 10
12.526027397260274
 20
1.4938873617671826
 10
12.565937118806929
 20
1.474196078431373
 10
12.565136844243916
 20
1.434352941176471
 10
12.570763209393347
 20
1.430524563547996
 10
12.615499021526418
 20
1.4097747129988627
 10
12.66023483365949
 20
1.4032665062368905
 10
12.672358121327234
 20
1.3945098039215682
 10
12.701263468326072
 20
1.3546666666666665
 10
12.704970645792562
 20
1.3523923025102824
 10
12.728774254411912
 20
1.3148235294117645
 10
12.737383414216636
 20
1.2749803921568628
 10
12.742000614862116
 20
1.235137254901961
 10
12.74783928586105
 20
1.195294117647059
 10
12.749706457925637
 20
1.1860308778056368
 10
12.785532451189102
 20
1.1554509803921573
 10
12.794442270058708
 20
1.1540800313089028
 10
12.839178082191781
 20
1.1490672677061802
 10
12.883913894324852
 20
1.1446964482764903
 10
12.928649706457925
 20
1.1368556186831413
 10
12.97061140584355
 20
1.1156078431372554
 10
12.973385518590996
 20
1.1119868208601575
 10
13.018121330724071
 20
1.0863684106691869
 10
13.027921568552374
 20
1.0757647058823525
 10
13.035436781103817
 20
1.0359215686274508
 10
13.058787228697152
 20
0.9960784313725489
 10
13.062857142857142
 20
0.991256507703827
 10
13.107592954990215
 20
0.9919782867103363
 10
13.12957449934736
 20
0.9562352941176471
 10
13.107592954990215
 20
0.9275242680041255
 10
13.062857142857142
 20
0.9357886822170651
 10
13.018121330724071
 20
0.9459948536868856
 10
12.973385518590996
 20
0.916527368062822
 10
12.973226345338997
 20
0.9163921568627452
 10
12.94384484912746
 20
0.8765490196078434
 10
12.966883471785854
 20
0.8367058823529416
 10
12.973385518590996
 20
0.8282640954088579
 10
13.018121330724071
 20
0.8102286245173888
 10
13.062857142857142
 20
0.8001722797983808
 10
13.107592954990215
 20
0.8018145212906503
 10
13.152328767123286
 20
0.820086716801956
 10
13.19706457925636
 20
0.8174337256748209
 10
13.219661670181283
 20
0.7968627450980398
 10
13.24180039138943
 20
0.763563442331773
 10
13.24566438197938
 20
0.7570196078431368
 10
13.24180039138943
 20
0.736209124649696
 10
13.237140805020276
 20
0.717176470588235
 10
13.240746299160186
 20
0.6773333333333332
 10
13.24180039138943
 20
0.674555415580362
 10
13.264372534663625
 20
0.6374901960784314
 10
13.276515296442552
 20
0.5976470588235295
 10
13.286536203522505
 20
0.5902305657747368
 10
13.331272015655577
 20
0.5643755233549358
 10
13.343134351687363
 20
0.5578039215686277
 10
13.37600782778865
 20
0.5449686184304057
 10
13.42074363992172
 20
0.5556232151739875
 10
13.422774220575258
 20
0.5578039215686277
 10
13.465479452054796
 20
0.5747440827534698
 10
13.510215264187865
 20
0.5809005523649192
 10
13.55495107632094
 20
0.5647295255978171
 10
13.56012190264326
 20
0.5578039215686277
 10
13.55495107632094
 20
0.5396984238764433
 10
13.550148274561437
 20
0.5179607843137259
 10
13.55495107632094
 20
0.5145006947005596
 10
13.599686888454011
 20
0.5132913675336812
 10
13.639870403055227
 20
0.4781176470588241
 10
13.644422700587084
 20
0.47256819791105786
 10
13.689158512720155
 20
0.4611978106418489
 10
13.73389432485323
 20
0.4564646643024881
 10
13.778630136986301
 20
0.46196148987120855
 10
13.793099668224652
 20
0.4781176470588241
  0
LWPOLYLINE
  5
11F
330
17
100
AcDbEntity
  8
CONDUCTIVE_METASURFACE
100
AcDbPolyline
 90
217
 70
1
 10
14.946502139243531
 20
0.4781176470588241
 10
14.986497064579256
 20
0.5132161449327438
 10
15.031232876712327
 20
0.5145570893893399
 10
15.035934515303262
 20
0.5179607843137259
 10
15.031232876712327
 20
0.5396519288116113
 10
15.026149685578904
 20
0.5578039215686277
 10
15.031232876712327
 20
0.5646087642885999
 10
15.075968688845402
 20
0.5809063324222027
 10
15.120704500978473
 20
0.574796142858853
 10
15.163633942878151
 20
0.5578039215686277
 10
15.165440313111546
 20
0.5558783496539836
 10
15.210176125244617
 20
0.5452241670981078
 10
15.242648715536081
 20
0.5578039215686277
 10
15.25491193737769
 20
0.5646201159160118
 10
15.299647749510761
 20
0.5906720442832999
 10
15.309046664504056
 20
0.5976470588235295
 10
15.321103258458198
 20
0.6374901960784314
 10
15.344383561643836
 20
0.6755819166323696
 10
15.345051887860736
 20
0.6773333333333332
 10
15.34875707793115
 20
0.717176470588235
 10
15.344383561643836
 20
0.7354480708481983
 10
15.340451755174874
 20
0.7570196078431368
 10
15.344383561643836
 20
0.7636940046417882
 10
15.366182828623945
 20
0.7968627450980398
 10
15.389119373776907
 20
0.8178654662161621
 10
15.43385518590998
 20
0.8207350698376854
 10
15.478590998043051
 20
0.8031105588208395
 10
15.523326810176126
 20
0.8006726631051423
 10
15.568062622309196
 20
0.8103652935263524
 10
15.61279843444227
 20
0.8285120927497026
 10
15.619084458553159
 20
0.8367058823529416
 10
15.641930810134188
 20
0.8765490196078434
 10
15.61279843444227
 20
0.9161798740167426
 10
15.612613952408942
 20
0.9163921568627452
 10
15.568062622309196
 20
0.945872869517375
 10
15.523326810176126
 20
0.935436554282335
 10
15.478590998043051
 20
0.9268199252802671
 10
15.456481578179277
 20
0.9562352941176471
 10
15.478590998043051
 20
0.9917801491408176
 10
15.523326810176126
 20
0.9910674256037828
 10
15.527625308989776
 20
0.9960784313725489
 10
15.550923184330244
 20
1.0359215686274508
 10
15.558230617387743
 20
1.0757647058823525
 10
15.568062622309196
 20
1.0865621012791942
 10
15.61279843444227
 20
1.1123060999292156
 10
15.61535209103552
 20
1.1156078431372554
 10
15.657534246575342
 20
1.136808134180288
 10
15.702270058708415
 20
1.1444757306943592
 10
15.747005870841486
 20
1.1485879598155282
 10
15.79174168297456
 20
1.153788016251836
 10
15.80214246003148
 20
1.1554509803921573
 10
15.836477495107632
 20
1.1873585494330445
 10
15.838016838974355
 20
1.195294117647059
 10
15.843645214442192
 20
1.235137254901961
 10
15.848552805284278
 20
1.2749803921568628
 10
15.857356416677153
 20
1.3148235294117645
 10
15.881213307240705
 20
1.3521958558412288
 10
15.885279136816704
 20
1.3546666666666665
 10
15.914043289148701
 20
1.3945098039215682
 10
15.925949119373776
 20
1.4032382383814652
 10
15.970684931506849
 20
1.409931508538435
 10
16.015420743639922
 20
1.4307281840807282
 10
16.020834732980497
 20
1.434352941176471
 10
16.02002434506726
 20
1.474196078431373
 10
16.060156555772995
 20
1.493773571621313
 10
16.09239330434007
 20
1.474196078431373
 10
16.08311403186635
 20
1.434352941176471
 10
16.071654538731526
 20
1.3945098039215682
 10
16.104740563476703
 20
1.3546666666666665
 10
16.104892367906064
 20
1.3545249116226443
 10
16.149628180039137
 20
1.328356801176652
 10
16.19436399217221
 20
1.3488756950821381
 10
16.203842479627735
 20
1.3546666666666665
 10
16.224092634559227
 20
1.3945098039215682
 10
16.235383903038414
 20
1.434352941176471
 10
16.233540031265758
 20
1.474196078431373
 10
16.213023984376626
 20
1.5140392156862748
 10
16.21600275528316
 20
1.5538823529411767
 10
16.239099804305283
 20
1.5740080373191232
 10
16.276488138707283
 20
1.5937254901960785
 10
16.283835616438356
 20
1.597166922595381
 10
16.307201746385346
 20
1.5937254901960785
 10
16.32857142857143
 20
1.5895755219005399
 10
16.3733072407045
 20
1.5927866742458414
 10
16.376426306208696
 20
1.5937254901960785
 10
16.41804305283757
 20
1.6138289851671828
 10
16.462778864970645
 20
1.624643634105884
 10
16.47110613739559
 20
1.6335686274509802
 10
16.50013616764195
 20
1.6734117647058822
 10
16.507514677103718
 20
1.6839766591300143
 10
16.521926161382847
 20
1.713254901960784
 10
16.50996316975754
 20
1.7530980392156867
 10
16.507514677103718
 20
1.754906538681953
 10
16.488494316142972
 20
1.7929411764705887
 10
16.481581854333363
 20
1.8327843137254904
 10
16.499738682349655
 20
1.8726274509803924
 10
16.507514677103718
 20
1.877232721284724
 10
16.527843257495054
 20
1.8726274509803924
 10
16.55225048923679
 20
1.8683498648796837
 10
16.556135520170642
 20
1.8726274509803924
 10
16.557493281991995
 20
1.9124705882352941
 10
16.596986301369864
 20
1.9482593452346741
 10
16.603217146594755
 20
1.9523137254901959
 10
16.615983800347234
 20
1.9921568627450978
 10
16.621298204288475
 20
2.0319999999999996
 10
16.615126368462192
 20
2.0718431372549024
 10
16.596986301369864
 20
2.0847301457895426
 10
16.55225048923679
 20
2.090330526750276
 10
16.51292454526944
 20
2.0718431372549024
 10
16.507514677103718
 20
2.064803716744963
 10
16.475585197353922
 20
2.0319999999999996
 10
16.481858092826958
 20
1.9921568627450978
 10
16.473111170691574
 20
1.9523137254901959
 10
16.462778864970645
 20
1.9337524300025855
 10
16.41804305283757
 20
1.9191378894910807
 10
16.396942681999814
 20
1.9124705882352941
 10
16.3733072407045
 20
1.902055792740731
 10
16.32857142857143
 20
1.8960378089827066
 10
16.283835616438356
 20
1.8966795149388351
 10
16.24096853796854
 20
1.9124705882352941
 10
16.239099804305283
 20
1.9130126599524984
 10
16.19436399217221
 20
1.9206172039945364
 10
16.169569564541632
 20
1.9124705882352941
 10
16.149628180039137
 20
1.8913340704743435
 10
16.136498909874465
 20
1.8726274509803924
 10
16.12331552365937
 20
1.8327843137254904
 10
16.104892367906064
 20
1.8165666748919898
 10
16.07122672664093
 20
1.8327843137254904
 10
16.060156555772995
 20
1.8388386954097289
 10
16.051030551975295
 20
1.8327843137254904
 10
16.015420743639922
 20
1.8053661028787178
 10
16.003074841348592
 20
1.7929411764705887
 10
16.015420743639922
 20
1.7648204494205462
 10
16.01980143052873
 20
1.7530980392156867
 10
16.025414672050836
 20
1.713254901960784
 10
16.04783430970613
 20
1.6734117647058822
 10
16.060156555772995
 20
1.6425954702760055
 10
16.062870736842413
 20
1.6335686274509802
 10
16.07048505098308
 20
1.5937254901960785
 10
16.060156555772995
 20
1.57736712618616
 10
16.015420743639922
 20
1.5649997564095801
 10
15.970684931506849
 20
1.582742071968595
 10
15.967130375111083
 20
1.5937254901960785
 10
15.952092693769519
 20
1.6335686274509802
 10
15.925949119373776
 20
1.6577630870374003
 10
15.881213307240705
 20
1.6509288505321602
 10
15.836477495107632
 20
1.6494410127346542
 10
15.79174168297456
 20
1.6482359705530403
 10
15.771662913229415
 20
1.6335686274509802
 10
15.75405044044613
 20
1.5937254901960785
 10
15.747005870841486
 20
1.5800968595253266
 10
15.713356506641661
 20
1.5538823529411767
 10
15.702270058708415
 20
1.5154977854636646
 10
15.701939741536247
 20
1.5140392156862748
 10
15.6888516443285
 20
1.474196078431373
 10
15.657534246575342
 20
1.4356803807700713
 10
15.651878266575192
 20
1.434352941176471
 10
15.61279843444227
 20
1.4212703762512127
 10
15.59740862748206
 20
1.3945098039215682
 10
15.568062622309196
 20
1.3682097247564915
 10
15.538558512399383
 20
1.3546666666666665
 10
15.523326810176126
 20
1.3165955470772355
 10
15.522832972970589
 20
1.3148235294117645
 10
15.478590998043051
 20
1.2864760254867187
 10
15.434180027919181
 20
1.2749803921568628
 10
15.43385518590998
 20
1.274659159571157
 10
15.389119373776907
 20
1.264684851010338
 10
15.359915140142675
 20
1.235137254901961
 10
15.344383561643836
 20
1.2287899522668702
 10
15.299647749510761
 20
1.2132370877339174
 10
15.283132368606793
 20
1.195294117647059
 10
15.281823450369126
 20
1.1554509803921573
 10
15.27986807404638
 20
1.1156078431372554
 10
15.271904064356168
 20
1.0757647058823525
 10
15.299647749510761
 20
1.0522250479594513
 10
15.344383561643836
 20
1.0386661188387478
 10
15.355003596507062
 20
1.0359215686274508
 10
15.376317268675278
 20
0.9960784313725489
 10
15.362574199329265
 20
0.9562352941176471
 10
15.344383561643836
 20
0.9470874046876313
 10
15.299647749510761
 20
0.9539132685790803
 10
15.289894103039057
 20
0.9562352941176471
 10
15.25491193737769
 20
0.9673076236819859
 10
15.210176125244617
 20
0.9872808493247797
 10
15.165440313111546
 20
0.9921865529938758
 10
15.15231700946323
 20
0.9960784313725489
 10
15.120704500978473
 20
1.0070962111698074
 10
15.106737944610517
 20
0.9960784313725489
 10
15.075968688845402
 20
0.9644785446176978
 10
15.069026612339995
 20
0.9562352941176471
 10
15.075968688845402
 20
0.9461504891394825
 10
15.093983643230684
 20
0.9163921568627452
 10
15.075968688845402
 20
0.9001671225579876
 10
15.031232876712327
 20
0.88840415108866
 10
15.009875534954894
 20
0.8765490196078434
 10
14.986497064579256
 20
0.8591971374471964
 10
14.977132254457793
 20
0.8367058823529416
 10
14.985401624811654
 20
0.7968627450980398
 10
14.986497064579256
 20
0.7938536228303676
 10
15.003667258856277
 20
0.7570196078431368
 10
15.004395707588976
 20
0.717176470588235
 10
14.99741917215991
 20
0.6773333333333332
 10
14.986497064579256
 20
0.6575526577688275
 10
14.978584642434202
 20
0.6374901960784314
 10
14.961778160612564
 20
0.5976470588235295
 10
14.941761252446183
 20
0.5888574425052844
 10
14.897025440313111
 20
0.5812083782696238
 10
14.852289628180039
 20
0.587228718038587
 10
14.814720838980676
 20
0.5578039215686277
 10
14.807553816046967
 20
0.5533813491979018
 10
14.786823707328034
 20
0.5179607843137259
 10
14.793061730635994
 20
0.4781176470588241
 10
14.807553816046967
 20
0.4617660073601793
 10
14.852289628180039
 20
0.4559380161708386
 10
14.897025440313111
 20
0.4608195106622875
 10
14.941761252446183
 20
0.4722972594747013
 10
14.946502139243531
 20
0.4781176470588241
  0
LWPOLYLINE
  5
120
330
17
100
AcDbEntity
  8
CONDUCTIVE_METASURFACE
100
AcDbPolyline
 90
217
 70
1
 10
19.51928362125792
 20
0.4781176470588241
 10
19.5255717012185
 20
0.5179607843137259
 10
19.50481409001957
 20
0.5529857590335419
 10
19.49691031157114
 20
0.5578039215686277
 10
19.460078277886495
 20
0.5862413797864503
 10
19.415342465753422
 20
0.580654529799731
 10
19.370606653620353
 20
0.5884448674265768
 10
19.34976625152249
 20
0.5976470588235295
 10
19.333356991896167
 20
0.6374901960784314
 10
19.32587084148728
 20
0.6562831229571497
 10
19.314177245413852
 20
0.6773333333333332
 10
19.307420202772768
 20
0.717176470588235
 10
19.308140699854295
 20
0.7570196078431368
 10
19.32587084148728
 20
0.7951982830313024
 10
19.32647951806243
 20
0.7968627450980398
 10
19.335017874361345
 20
0.8367058823529416
 10
19.32587084148728
 20
0.858788660182548
 10
19.30213887512765
 20
0.8765490196078434
 10
19.281135029354207
 20
0.8882424019189117
 10
19.236399217221134
 20
0.8999839351338599
 10
19.218190116544815
 20
0.9163921568627452
 10
19.236399217221134
 20
0.946375805424442
 10
19.243197094024342
 20
0.9562352941176471
 10
19.236399217221134
 20
0.9643632441450968
 10
19.205614155605225
 20
0.9960784313725489
 10
19.19166340508806
 20
1.00707413520628
 10
19.160089351623718
 20
0.9960784313725489
 10
19.146927592954988
 20
0.9921768933714714
 10
19.10219178082192
 20
0.9871774982884328
 10
19.057455968688846
 20
0.9672098845000929
 10
19.022855495689225
 20
0.9562352941176471
 10
19.012720156555773
 20
0.9538179520265676
 10
18.9679843444227
 20
0.9470364012830008
 10
18.949617202396357
 20
0.9562352941176471
 10
18.935731138994512
 20
0.9960784313725489
 10
18.95565222391627
 20
1.0359215686274508
 10
18.9679843444227
 20
1.0390873643898688
 10
19.012720156555773
 20
1.0524804261908531
 10
19.039885618533887
 20
1.0757647058823525
 10
19.032212152931926
 20
1.1156078431372554
 10
19.030541622139665
 20
1.1554509803921573
 10
19.02918860306069
 20
1.195294117647059
 10
19.012720156555773
 20
1.2131768926542672
 10
18.9679843444227
 20
1.228863138235055
 10
18.952682171724216
 20
1.235137254901961
 10
18.923248532289627
 20
1.2651064774682523
 10
18.88015032359125
 20
1.2749803921568628
 10
18.878512720156554
 20
1.2752745684205966
 10
18.833776908023484
 20
1.2869312335483487
 10
18.790531472912424
 20
1.3148235294117645
 10
18.789041095890408
 20
1.3198606664909798
 10
18.774351879840626
 20
1.3546666666666665
 10
18.74430528375734
 20
1.3683732894321587
 10
18.714775503125093
 20
1.3945098039215682
 10
18.699569471624265
 20
1.4207869223734608
 10
18.656822731691094
 20
1.434352941176471
 10
18.654833659491192
 20
1.4347926477395943
 10
18.623005052424062
 20
1.474196078431373
 10
18.61009784735812
 20
1.5137499843767144
 10
18.609737278250734
 20
1.5140392156862748
 10
18.59853807415512
 20
1.5538823529411767
 10
18.56536203522505
 20
1.5798926605805326
 10
18.558235334963385
 20
1.5937254901960785
 10
18.540772615902966
 20
1.6335686274509802
 10
18.520626223091973
 20
1.648277800397191
 10
18.475890410958904
 20
1.6494435821910294
 10
18.43115459882583
 20
1.6511851248244254
 10
18.386418786692758
 20
1.6582781179232533
 10
18.359988427610084
 20
1.6335686274509802
 10
18.344764468812286
 20
1.5937254901960785
 10
18.341682974559685
 20
1.5842671673092963
 10
18.296947162426616
 20
1.5652843112913155
 10
18.25221135029354
 20
1.5775243851207907
 10
18.241940151923924
 20
1.5937254901960785
 10
18.249604244616336
 20
1.6335686274509802
 10
18.25221135029354
 20
1.6422553087019924
 10
18.26464344397218
 20
1.6734117647058822
 10
18.287069352595175
 20
1.713254901960784
 10
18.292577414368694
 20
1.7530980392156867
 10
18.296947162426616
 20
1.7647859542129871
 10
18.30931795770927
 20
1.7929411764705887
 10
18.296947162426616
 20
1.8053802897526448
 10
18.261466958117026
 20
1.8327843137254904
 10
18.25221135029354
 20
1.838967210509701
 10
18.24088803035062
 20
1.8327843137254904
 10
18.20747553816047
 20
1.8167396591168001
 10
18.189258144473918
 20
1.8327843137254904
 10
18.176050662368088
 20
1.8726274509803924
 10
18.162739726027397
 20
1.8916489852158915
 10
18.143257067638686
 20
1.9124705882352941
 10
18.118003913894324
 20
1.920811192733857
 10
18.07326810176125
 20
1.9134462311196339
 10
18.069889431282572
 20
1.9124705882352941
 10
18.02853228962818
 20
1.8971782739225258
 10
17.983796477495105
 20
1.8965295052978681
 10
17.939060665362035
 20
1.9027430465227444
 10
17.916851006803643
 20
1.9124705882352941
 10
17.894324853228962
 20
1.9195176517163581
 10
17.84958904109589
 20
1.9344859921344721
 10
17.83972004847853
 20
1.9523137254901959
 10
17.831131760662995
 20
1.9921568627450978
 10
17.837891428758656
 20
2.0319999999999996
 10
17.804853228962816
 20
2.065460050269958
 10
17.799887637065023
 20
2.0718431372549024
 10
17.760117416829747
 20
2.0903060412022505
 10
17.71538160469667
 20
2.0847502679294827
 10
17.69702199503569
 20
2.0718431372549024
 10
17.690478354244096
 20
2.0319999999999996
 10
17.695959297269333
 20
1.9921568627450978
 10
17.708846537178722
 20
1.9523137254901959
 10
17.71538160469667
 20
1.9480913708993062
 10
17.754790181543914
 20
1.9124705882352941
 10
17.75629582874845
 20
1.8726274509803924
 10
17.760117416829747
 20
1.8684401044630348
 10
17.784471820078082
 20
1.8726274509803924
 10
17.804853228962816
 20
1.8771547664115162
 10
17.812493804390204
 20
1.8726274509803924
 10
17.830792636135385
 20
1.8327843137254904
 10
17.823932128790855
 20
1.7929411764705887
 10
17.804853228962816
 20
1.7547067600837396
 10
17.802691318166268
 20
1.7530980392156867
 10
17.79072874949471
 20
1.713254901960784
 10
17.804853228962816
 20
1.68433388758734
 10
17.812506511436116
 20
1.6734117647058822
 10
17.841757585150678
 20
1.6335686274509802
 10
17.84958904109589
 20
1.6251977404445224
 10
17.894324853228962
 20
1.6144596685180865
 10
17.93709417788005
 20
1.5937254901960785
 10
17.939060665362035
 20
1.5931302574707695
 10
17.983796477495105
 20
1.589830283109278
 10
18.00431179883982
 20
1.5937254901960785
 10
18.02853228962818
 20
1.5972272975634625
 10
18.036026312411767
 20
1.5937254901960785
 10
18.07326810176125
 20
1.574310342853267
 10
18.09684989548062
 20
1.5538823529411767
 10
18.100071865656457
 20
1.5140392156862748
 10
18.080283066603236
 20
1.474196078431373
 10
18.07754580019618
 20
1.434352941176471
 10
18.088428729368946
 20
1.3945098039215682
 10
18.108803871814146
 20
1.3546666666666665
 10
18.118003913894324
 20
1.3490680930577295
 10
18.162739726027397
 20
1.328720430128049
 10
18.20723721071377
 20
1.3546666666666665
 10
18.20747553816047
 20
1.35483095615506
 10
18.240576466157684
 20
1.3945098039215682
 10
18.22885860909087
 20
1.434352941176471
 10
18.21918385388218
 20
1.474196078431373
 10
18.25221135029354
 20
1.4938873617671826
 10
18.292121071840196
 20
1.474196078431373
 10
18.291320797277184
 20
1.434352941176471
 10
18.296947162426616
 20
1.430524563547996
 10
18.341682974559685
 20
1.4097747129988627
 10
18.386418786692758
 20
1.4032665062368905
 10
18.398542074360503
 20
1.3945098039215682
 10
18.42744742135934
 20
1.3546666666666665
 10
18.43115459882583
 20
1.3523923025102824
 10
18.45495820744518
 20
1.3148235294117645
 10
18.463567367249905
 20
1.2749803921568628
 10
18.468184567895385
 20
1.235137254901961
 10
18.47402323889432
 20
1.195294117647059
 10
18.475890410958904
 20
1.1860308778056368
 10
18.51171640422237
 20
1.1554509803921573
 10
18.520626223091973
 20
1.1540800313089028
 10
18.56536203522505
 20
1.1490672677061802
 10
18.61009784735812
 20
1.1446964482764903
 10
18.654833659491192
 20
1.1368556186831413
 10
18.69679535887682
 20
1.1156078431372554
 10
18.699569471624265
 20
1.1119868208601575
 10
18.74430528375734
 20
1.0863684106691869
 10
18.754105521585643
 20
1.0757647058823525
 10
18.761620734137086
 20
1.0359215686274508
 10
18.78497118173042
 20
0.9960784313725489
 10
18.789041095890408
 20
0.991256507703827
 10
18.833776908023484
 20
0.9919782867103363
 10
18.855758452380627
 20
0.9562352941176471
 10
18.833776908023484
 20
0.9275242680041255
 10
18.789041095890408
 20
0.9357886822170651
 10
18.74430528375734
 20
0.9459948536868856
 10
18.699569471624265
 20
0.916527368062822
 10
18.699410298372264
 20
0.9163921568627452
 10
18.67002880216073
 20
0.8765490196078434
 10
18.693067424819123
 20
0.8367058823529416
 10
18.699569471624265
 20
0.8282640954088579
 10
18.74430528375734
 20
0.8102286245173888
 10
18.789041095890408
 20
0.8001722797983808
 10
18.833776908023484
 20
0.8018145212906503
 10
18.878512720156554
 20
0.820086716801956
 10
18.923248532289627
 20
0.8174337256748209
 10
18.94584562321455
 20
0.7968627450980398
 10
18.9679843444227
 20
0.763563442331773
 10
18.97184833501265
 20
0.7570196078431368
 10
18.9679843444227
 20
0.736209124649696
 10
18.963324758053542
 20
0.717176470588235
 10
18.966930252193453
 20
0.6773333333333332
 10
18.9679843444227
 20
0.674555415580362
 10
18.990556487696892
 20
0.6374901960784314
 10
19.00269924947582
 20
0.5976470588235295
 10
19.012720156555773
 20
0.5902305657747368
 10
19.057455968688846
 20
0.5643755233549358
 10
19.06931830472063
 20
0.5578039215686277
 10
19.10219178082192
 20
0.5449686184304057
 10
19.146927592954988
 20
0.5556232151739875
 10
19.148958173608527
 20
0.5578039215686277
 10
19.19166340508806
 20
0.5747440827534698
 10
19.236399217221134
 20
0.5809005523649192
 10
19.281135029354207
 20
0.5647295255978171
 10
19.286305855676527
 20
0.5578039215686277
 10
19.281135029354207
 20
0.5396984238764433
 10
19.276332227594704
 20
0.5179607843137259
 10
19.281135029354207
 20
0.5145006947005596
 10
19.32587084148728
 20
0.5132913675336812
 10
19.366054356088494
 20
0.4781176470588241
 10
19.370606653620353
 20
0.47256819791105786
 10
19.415342465753422
 20
0.4611978106418489
 10
19.460078277886495
 20
0.4564646643024881
 10
19.50481409001957
 20
0.46196148987120855
 10
19.51928362125792
 20
0.4781176470588241
  0
LWPOLYLINE
  5
121
330
17
100
AcDbEntity
  8
CONDUCTIVE_METASURFACE
100
AcDbPolyline
 90
217
 70
1
 10
20.6726860922768
 20
0.4781176470588241
 10
20.712681017612525
 20
0.5132161449327438
 10
20.757416829745594
 20
0.5145570893893399
 10
20.76211846833653
 20
0.5179607843137259
 10
20.757416829745594
 20
0.5396519288116113
 10
20.75233363861217
 20
0.5578039215686277
 10
20.757416829745594
 20
0.5646087642885999
 10
20.80215264187867
 20
0.5809063324222027
 10
20.84688845401174
 20
0.574796142858853
 10
20.88981789591142
 20
0.5578039215686277
 10
20.891624266144813
 20
0.5558783496539836
 10
20.936360078277886
 20
0.5452241670981078
 10
20.96883266856935
 20
0.5578039215686277
 10
20.98109589041096
 20
0.5646201159160118
 10
21.02583170254403
 20
0.5906720442832999
 10
21.035230617537323
 20
0.5976470588235295
 10
21.047287211491465
 20
0.6374901960784314
 10
21.070567514677105
 20
0.6755819166323696
 10
21.071235840894005
 20
0.6773333333333332
 10
21.074941030964418
 20
0.717176470588235
 10
21.070567514677105
 20
0.7354480708481983
 10
21.066635708208143
 20
0.7570196078431368
 10
21.070567514677105
 20
0.7636940046417882
 10
21.092366781657212
 20
0.7968627450980398
 10
21.115303326810174
 20
0.8178654662161621
 10
21.160039138943247
 20
0.8207350698376854
 10
21.20477495107632
 20
0.8031105588208395
 10
21.249510763209393
 20
0.8006726631051423
 10
21.294246575342463
 20
0.8103652935263524
 10
21.33898238747554
 20
0.8285120927497026
 10
21.345268411586424
 20
0.8367058823529416
 10
21.36811476316746
 20
0.8765490196078434
 10
21.33898238747554
 20
0.9161798740167426
 10
21.33879790544221
 20
0.9163921568627452
 10
21.294246575342463
 20
0.945872869517375
 10
21.249510763209393
 20
0.935436554282335
 10
21.20477495107632
 20
0.9268199252802671
 10
21.182665531212546
 20
0.9562352941176471
 10
21.20477495107632
 20
0.9917801491408176
 10
21.249510763209393
 20
0.9910674256037828
 10
21.253809262023044
 20
0.9960784313725489
 10
21.27710713736351
 20
1.0359215686274508
 10
21.28441457042101
 20
1.0757647058823525
 10
21.294246575342463
 20
1.0865621012791942
 10
21.33898238747554
 20
1.1123060999292156
 10
21.341536044068786
 20
1.1156078431372554
 10
21.38371819960861
 20
1.136808134180288
 10
21.42845401174168
 20
1.1444757306943592
 10
21.473189823874755
 20
1.1485879598155282
 10
21.517925636007828
 20
1.153788016251836
 10
21.528326413064747
 20
1.1554509803921573
 10
21.562661448140897
 20
1.1873585494330445
 10
21.56420079200762
 20
1.195294117647059
 10
21.569829167475458
 20
1.235137254901961
 10
21.574736758317545
 20
1.2749803921568628
 10
21.58354036971042
 20
1.3148235294117645
 10
21.607397260273974
 20
1.3521958558412288
 10
21.611463089849973
 20
1.3546666666666665
 10
21.640227242181968
 20
1.3945098039215682
 10
21.652133072407043
 20
1.4032382383814652
 10
21.696868884540116
 20
1.409931508538435
 10
21.74160469667319
 20
1.4307281840807282
 10
21.747018686013764
 20
1.434352941176471
 10
21.746208298100527
 20
1.474196078431373
 10
21.786340508806262
 20
1.493773571621313
 10
21.818577257373338
 20
1.474196078431373
 10
21.80929798489962
 20
1.434352941176471
 10
21.797838491764796
 20
1.3945098039215682
 10
21.830924516509974
 20
1.3546666666666665
 10
21.83107632093933
 20
1.3545249116226443
 10
21.875812133072408
 20
1.328356801176652
 10
21.920547945205477
 20
1.3488756950821381
 10
21.930026432661002
 20
1.3546666666666665
 10
21.950276587592494
 20
1.3945098039215682
 10
21.961567856071685
 20
1.434352941176471
 10
21.959723984299025
 20
1.474196078431373
 10
21.939207937409893
 20
1.5140392156862748
 10
21.942186708316427
 20
1.5538823529411767
 10
21.96528375733855
 20
1.5740080373191232
 10
22.00267209174055
 20
1.5937254901960785
 10
22.010019569471623
 20
1.597166922595381
 10
22.033385699418613
 20
1.5937254901960785
 10
22.054755381604696
 20
1.5895755219005399
 10
22.099491193737766
 20
1.5927866742458414
 10
22.102610259241963
 20
1.5937254901960785
 10
22.144227005870842
 20
1.6138289851671828
 10
22.188962818003912
 20
1.624643634105884
 10
22.197290090428858
 20
1.6335686274509802
 10
22.226320120675222
 20
1.6734117647058822
 10
22.233698630136985
 20
1.6839766591300143
 10
22.248110114416114
 20
1.713254901960784
 10
22.236147122790808
 20
1.7530980392156867
 10
22.233698630136985
 20
1.754906538681953
 10
22.21467826917624
 20
1.7929411764705887
 10
22.20776580736663
 20
1.8327843137254904
 10
22.225922635382922
 20
1.8726274509803924
 10
22.233698630136985
 20
1.877232721284724
 10
22.25402721052832
 20
1.8726274509803924
 10
22.278434442270058
 20
1.8683498648796837
 10
22.28231947320391
 20
1.8726274509803924
 10
22.283677235025262
 20
1.9124705882352941
 10
22.32317025440313
 20
1.9482593452346741
 10
22.329401099628022
 20
1.9523137254901959
 10
22.3421677533805
 20
1.9921568627450978
 10
22.347482157321743
 20
2.0319999999999996
 10
22.34131032149546
 20
2.0718431372549024
 10
22.32317025440313
 20
2.0847301457895426
 10
22.278434442270058
 20
2.090330526750276
 10
22.239108498302706
 20
2.0718431372549024
 10
22.233698630136985
 20
2.064803716744963
 10
22.20176915038719
 20
2.0319999999999996
 10
22.208042045860225
 20
1.9921568627450978
 10
22.19929512372484
 20
1.9523137254901959
 10
22.188962818003912
 20
1.9337524300025855
 10
22.144227005870842
 20
1.9191378894910807
 10
22.12312663503308
 20
1.9124705882352941
 10
22.099491193737766
 20
1.902055792740731
 10
22.054755381604696
 20
1.8960378089827066
 10
22.010019569471623
 20
1.8966795149388351
 10
21.96715249100181
 20
1.9124705882352941
 10
21.96528375733855
 20
1.9130126599524984
 10
21.920547945205477
 20
1.9206172039945364
 10
21.895753517574903
 20
1.9124705882352941
 10
21.875812133072408
 20
1.8913340704743435
 10
21.862682862907732
 20
1.8726274509803924
 10
21.849499476692642
 20
1.8327843137254904
 10
21.83107632093933
 20
1.8165666748919898
 10
21.797410679674197
 20
1.8327843137254904
 10
21.786340508806262
 20
1.8388386954097289
 10
21.777214505008562
 20
1.8327843137254904
 10
21.74160469667319
 20
1.8053661028787178
 10
21.72925879438186
 20
1.7929411764705887
 10
21.74160469667319
 20
1.7648204494205462
 10
21.745985383562
 20
1.7530980392156867
 10
21.751598625084107
 20
1.713254901960784
 10
21.774018262739396
 20
1.6734117647058822
 10
21.786340508806262
 20
1.6425954702760055
 10
21.78905468987568
 20
1.6335686274509802
 10
21.796669004016348
 20
1.5937254901960785
 10
21.786340508806262
 20
1.57736712618616
 10
21.74160469667319
 20
1.5649997564095801
 10
21.696868884540116
 20
1.582742071968595
 10
21.69331432814435
 20
1.5937254901960785
 10
21.678276646802786
 20
1.6335686274509802
 10
21.652133072407043
 20
1.6577630870374003
 10
21.607397260273974
 20
1.6509288505321602
 10
21.562661448140897
 20
1.6494410127346542
 10
21.517925636007828
 20
1.6482359705530403
 10
21.497846866262684
 20
1.6335686274509802
 10
21.4802343934794
 20
1.5937254901960785
 10
21.473189823874755
 20
1.5800968595253266
 10
21.43954045967493
 20
1.5538823529411767
 10
21.42845401174168
 20
1.5154977854636646
 10
21.428123694569514
 20
1.5140392156862748
 10
21.41503559736177
 20
1.474196078431373
 10
21.38371819960861
 20
1.4356803807700713
 10
21.37806221960846
 20
1.434352941176471
 10
21.33898238747554
 20
1.4212703762512127
 10
21.323592580515328
 20
1.3945098039215682
 10
21.294246575342463
 20
1.3682097247564915
 10
21.26474246543265
 20
1.3546666666666665
 10
21.249510763209393
 20
1.3165955470772355
 10
21.249016926003854
 20
1.3148235294117645
 10
21.20477495107632
 20
1.2864760254867187
 10
21.16036398095245
 20
1.2749803921568628
 10
21.160039138943247
 20
1.274659159571157
 10
21.115303326810174
 20
1.264684851010338
 10
21.086099093175942
 20
1.235137254901961
 10
21.070567514677105
 20
1.2287899522668702
 10
21.02583170254403
 20
1.2132370877339174
 10
21.00931632164006
 20
1.195294117647059
 10
21.00800740340239
 20
1.1554509803921573
 10
21.006052027079647
 20
1.1156078431372554
 10
20.99808801738944
 20
1.0757647058823525
 10
21.02583170254403
 20
1.0522250479594513
 10
21.070567514677105
 20
1.0386661188387478
 10
21.08118754954033
 20
1.0359215686274508
 10
21.102501221708547
 20
0.9960784313725489
 10
21.088758152362534
 20
0.9562352941176471
 10
21.070567514677105
 20
0.9470874046876313
 10
21.02583170254403
 20
0.9539132685790803
 10
21.016078056072324
 20
0.9562352941176471
 10
20.98109589041096
 20
0.9673076236819859
 10
20.936360078277886
 20
0.9872808493247797
 10
20.891624266144813
 20
0.9921865529938758
 10
20.878500962496496
 20
0.9960784313725489
 10
20.84688845401174
 20
1.0070962111698074
 10
20.832921897643786
 20
0.9960784313725489
 10
20.80215264187867
 20
0.9644785446176978
 10
20.795210565373264
 20
0.9562352941176471
 10
20.80215264187867
 20
0.9461504891394825
 10
20.820167596263953
 20
0.9163921568627452
 10
20.80215264187867
 20
0.9001671225579876
 10
20.757416829745594
 20
0.88840415108866
 10
20.73605948798816
 20
0.8765490196078434
 10
20.712681017612525
 20
0.8591971374471964
 10
20.70331620749106
 20
0.8367058823529416
 10
20.71158557784492
 20
0.7968627450980398
 10
20.712681017612525
 20
0.7938536228303676
 10
20.729851211889546
 20
0.7570196078431368
 10
20.730579660622244
 20
0.717176470588235
 10
20.72360312519318
 20
0.6773333333333332
 10
20.712681017612525
 20
0.6575526577688275
 10
20.70476859546747
 20
0.6374901960784314
 10
20.68796211364583
 20
0.5976470588235295
 10
20.66794520547945
 20
0.5888574425052844
 10
20.62320939334638
 20
0.5812083782696238
 10
20.578473581213306
 20
0.587228718038587
 10
20.540904792013944
 20
0.5578039215686277
 10
20.533737769080233
 20
0.5533813491979018
 10
20.513007660361303
 20
0.5179607843137259
 10
20.519245683669265
 20
0.4781176470588241
 10
20.533737769080233
 20
0.4617660073601793
 10
20.578473581213306
 20
0.4559380161708386
 10
20.62320939334638
 20
0.4608195106622875
 10
20.66794520547945
 20
0.4722972594747013
 10
20.6726860922768
 20
0.4781176470588241
  0
LWPOLYLINE
  5
122
330
17
100
AcDbEntity
  8
CONDUCTIVE_METASURFACE
100
AcDbPolyline
 90
23
 70
1
 10
2.3628414980270565
 20
1.7929411764705887
 10
2.34472425781897
 20
1.8327843137254904
 10
2.3709980430528375
 20
1.855837486439371
 10
2.41573385518591
 20
1.8617211397178894
 10
2.4200888805525618
 20
1.8726274509803924
 10
2.41573385518591
 20
1.8856754399195585
 10
2.402538542040541
 20
1.9124705882352941
 10
2.3709980430528375
 20
1.94000949220903
 10
2.3543681115678714
 20
1.9523137254901959
 10
2.326262230919765
 20
1.9701726230981993
 10
2.2815264187866924
 20
1.9608089314536292
 10
2.275709803130086
 20
1.9523137254901959
 10
2.2815264187866924
 20
1.939163993622518
 10
2.326262230919765
 20
1.9182331106669606
 10
2.331327349775572
 20
1.9124705882352941
 10
2.3562842676542357
 20
1.8726274509803924
 10
2.326262230919765
 20
1.845575687926053
 10
2.3064734308907155
 20
1.8327843137254904
 10
2.2815264187866924
 20
1.8069106668880008
 10
2.2756176748180144
 20
1.7929411764705887
 10
2.2815264187866924
 20
1.7845812073954934
 10
2.326262230919765
 20
1.7705571422917998
 10
2.3628414980270565
 20
1.7929411764705887
  0
LWPOLYLINE
  5
123
330
17
100
AcDbEntity
  8
CONDUCTIVE_METASURFACE
100
AcDbPolyline
 90
23
 70
1
 10
3.4063733150945077
 20
1.7929411764705887
 10
3.3999217221135027
 20
1.808158994610267
 10
3.376229862563609
 20
1.8327843137254904
 10
3.35518590998043
 20
1.8463419643530257
 10
3.325538521148529
 20
1.8726274509803924
 10
3.3505514969009464
 20
1.9124705882352941
 10
3.35518590998043
 20
1.917700804609824
 10
3.3999217221135027
 20
1.9383213506190182
 10
3.4060759150653053
 20
1.9523137254901959
 10
3.3999217221135027
 20
1.9613012753868082
 10
3.35518590998043
 20
1.9704766221364753
 10
3.3267948492487625
 20
1.9523137254901959
 10
3.3104500978473577
 20
1.9401336348609475
 10
3.2786478880861636
 20
1.9124705882352941
 10
3.2657142857142856
 20
1.8862527784013494
 10
3.261147327150891
 20
1.8726274509803924
 10
3.2657142857142856
 20
1.8611004768450994
 10
3.3104500978473577
 20
1.8551371110832777
 10
3.3354002491931025
 20
1.8327843137254904
 10
3.317223461910465
 20
1.7929411764705887
 10
3.35518590998043
 20
1.7700298587356207
 10
3.3999217221135027
 20
1.7838223555577386
 10
3.4063733150945077
 20
1.7929411764705887
  0
LWPOLYLINE
  5
124
330
17
100
AcDbEntity
  8
CONDUCTIVE_METASURFACE
100
AcDbPolyline
 90
23
 70
1
 10
8.089025451060325
 20
1.7929411764705887
 10
8.070908210852236
 20
1.8327843137254904
 10
8.097181996086105
 20
1.855837486439371
 10
8.141917808219178
 20
1.8617211397178894
 10
8.14627283358583
 20
1.8726274509803924
 10
8.141917808219178
 20
1.8856754399195585
 10
8.128722495073808
 20
1.9124705882352941
 10
8.097181996086105
 20
1.94000949220903
 10
8.08055206460114
 20
1.9523137254901959
 10
8.052446183953032
 20
1.9701726230981993
 10
8.007710371819961
 20
1.9608089314536292
 10
8.001893756163355
 20
1.9523137254901959
 10
8.007710371819961
 20
1.939163993622518
 10
8.052446183953032
 20
1.9182331106669606
 10
8.057511302808841
 20
1.9124705882352941
 10
8.082468220687504
 20
1.8726274509803924
 10
8.052446183953032
 20
1.845575687926053
 10
8.032657383923985
 20
1.8327843137254904
 10
8.007710371819961
 20
1.8069106668880008
 10
8.001801627851282
 20
1.7929411764705887
 10
8.007710371819961
 20
1.7845812073954934
 10
8.052446183953032
 20
1.7705571422917998
 10
8.089025451060325
 20
1.7929411764705887
  0
LWPOLYLINE
  5
125
330
17
100
AcDbEntity
  8
CONDUCTIVE_METASURFACE
100
AcDbPolyline
 90
23
 70
1
 10
9.132557268127776
 20
1.7929411764705887
 10
9.12610567514677
 20
1.808158994610267
 10
9.102413815596877
 20
1.8327843137254904
 10
9.081369863013698
 20
1.8463419643530257
 10
9.051722474181798
 20
1.8726274509803924
 10
9.076735449934214
 20
1.9124705882352941
 10
9.081369863013698
 20
1.917700804609824
 10
9.12610567514677
 20
1.9383213506190182
 10
9.132259868098572
 20
1.9523137254901959
 10
9.12610567514677
 20
1.9613012753868082
 10
9.081369863013698
 20
1.9704766221364753
 10
9.05297880228203
 20
1.9523137254901959
 10
9.036634050880625
 20
1.9401336348609475
 10
9.004831841119431
 20
1.9124705882352941
 10
8.991898238747552
 20
1.8862527784013494
 10
8.987331280184158
 20
1.8726274509803924
 10
8.991898238747552
 20
1.8611004768450994
 10
9.036634050880625
 20
1.8551371110832777
 10
9.06158420222637
 20
1.8327843137254904
 10
9.043407414943733
 20
1.7929411764705887
 10
9.081369863013698
 20
1.7700298587356207
 10
9.12610567514677
 20
1.7838223555577386
 10
9.132557268127776
 20
1.7929411764705887
  0
LWPOLYLINE
  5
126
330
17
100
AcDbEntity
  8
CONDUCTIVE_METASURFACE
100
AcDbPolyline
 90
23
 70
1
 10
13.815209404093594
 20
1.7929411764705887
 10
13.797092163885507
 20
1.8327843137254904
 10
13.823365949119374
 20
1.855837486439371
 10
13.868101761252445
 20
1.8617211397178894
 10
13.872456786619098
 20
1.8726274509803924
 10
13.868101761252445
 20
1.8856754399195585
 10
13.854906448107078
 20
1.9124705882352941
 10
13.823365949119374
 20
1.94000949220903
 10
13.806736017634405
 20
1.9523137254901959
 10
13.778630136986301
 20
1.9701726230981993
 10
13.73389432485323
 20
1.9608089314536292
 10
13.72807770919662
 20
1.9523137254901959
 10
13.73389432485323
 20
1.939163993622518
 10
13.778630136986301
 20
1.9182331106669606
 10
13.78369525584211
 20
1.9124705882352941
 10
13.808652173720773
 20
1.8726274509803924
 10
13.778630136986301
 20
1.845575687926053
 10
13.758841336957254
 20
1.8327843137254904
 10
13.73389432485323
 20
1.8069106668880008
 10
13.72798558088455
 20
1.7929411764705887
 10
13.73389432485323
 20
1.7845812073954934
 10
13.778630136986301
 20
1.7705571422917998
 10
13.815209404093594
 20
1.7929411764705887
  0
LWPOLYLINE
  5
127
330
17
100
AcDbEntity
  8
CONDUCTIVE_METASURFACE
100
AcDbPolyline
 90
23
 70
1
 10
14.858741221161043
 20
1.7929411764705887
 10
14.852289628180039
 20
1.808158994610267
 10
14.828597768630145
 20
1.8327843137254904
 10
14.807553816046967
 20
1.8463419643530257
 10
14.777906427215065
 20
1.8726274509803924
 10
14.80291940296748
 20
1.9124705882352941
 10
14.807553816046967
 20
1.917700804609824
 10
14.852289628180039
 20
1.9383213506190182
 10
14.858443821131841
 20
1.9523137254901959
 10
14.852289628180039
 20
1.9613012753868082
 10
14.807553816046967
 20
1.9704766221364753
 10
14.779162755315298
 20
1.9523137254901959
 10
14.762818003913893
 20
1.9401336348609475
 10
14.7310157941527
 20
1.9124705882352941
 10
14.718082191780821
 20
1.8862527784013494
 10
14.713515233217429
 20
1.8726274509803924
 10
14.718082191780821
 20
1.8611004768450994
 10
14.762818003913893
 20
1.8551371110832777
 10
14.78776815525964
 20
1.8327843137254904
 10
14.769591367977002
 20
1.7929411764705887
 10
14.807553816046967
 20
1.7700298587356207
 10
14.852289628180039
 20
1.7838223555577386
 10
14.858741221161043
 20
1.7929411764705887
  0
LWPOLYLINE
  5
128
330
17
100
AcDbEntity
  8
CONDUCTIVE_METASURFACE
100
AcDbPolyline
 90
23
 70
1
 10
19.54139335712686
 20
1.7929411764705887
 10
19.523276116918776
 20
1.8327843137254904
 10
19.54954990215264
 20
1.855837486439371
 10
19.594285714285714
 20
1.8617211397178894
 10
19.598640739652367
 20
1.8726274509803924
 10
19.594285714285714
 20
1.8856754399195585
 10
19.581090401140347
 20
1.9124705882352941
 10
19.54954990215264
 20
1.94000949220903
 10
19.532919970667674
 20
1.9523137254901959
 10
19.50481409001957
 20
1.9701726230981993
 10
19.460078277886495
 20
1.9608089314536292
 10
19.45426166222989
 20
1.9523137254901959
 10
19.460078277886495
 20
1.939163993622518
 10
19.50481409001957
 20
1.9182331106669606
 10
19.509879208875375
 20
1.9124705882352941
 10
19.53483612675404
 20
1.8726274509803924
 10
19.50481409001957
 20
1.845575687926053
 10
19.48502528999052
 20
1.8327843137254904
 10
19.460078277886495
 20
1.8069106668880008
 10
19.45416953391782
 20
1.7929411764705887
 10
19.460078277886495
 20
1.7845812073954934
 10
19.50481409001957
 20
1.7705571422917998
 10
19.54139335712686
 20
1.7929411764705887
  0
LWPOLYLINE
  5
129
330
17
100
AcDbEntity
  8
CONDUCTIVE_METASURFACE
100
AcDbPolyline
 90
23
 70
1
 10
20.58492517419431
 20
1.7929411764705887
 10
20.578473581213306
 20
1.808158994610267
 10
20.554781721663414
 20
1.8327843137254904
 10
20.533737769080233
 20
1.8463419643530257
 10
20.504090380248332
 20
1.8726274509803924
 10
20.52910335600075
 20
1.9124705882352941
 10
20.533737769080233
 20
1.917700804609824
 10
20.578473581213306
 20
1.9383213506190182
 10
20.58462777416511
 20
1.9523137254901959
 10
20.578473581213306
 20
1.9613012753868082
 10
20.533737769080233
 20
1.9704766221364753
 10
20.505346708348565
 20
1.9523137254901959
 10
20.48900195694716
 20
1.9401336348609475
 10
20.457199747185967
 20
1.9124705882352941
 10
20.44426614481409
 20
1.8862527784013494
 10
20.439699186250696
 20
1.8726274509803924
 10
20.44426614481409
 20
1.8611004768450994
 10
20.48900195694716
 20
1.8551371110832777
 10
20.513952108292905
 20
1.8327843137254904
 10
20.49577532101027
 20
1.7929411764705887
 10
20.533737769080233
 20
1.7700298587356207
 10
20.578473581213306
 20
1.7838223555577386
 10
20.58492517419431
 20
1.7929411764705887
  0
LWPOLYLINE
  5
12A
330
17
100
AcDbEntity
  8
CONDUCTIVE_METASURFACE
100
AcDbPolyline
 90
7
 70
1
 10
1.3868101761252445
 20
1.3510604519259732
 10
1.38112666459903
 20
1.3546666666666665
 10
1.3572448205557017
 20
1.3945098039215682
 10
1.3868101761252445
 20
1.4293753395909283
 10
1.401498945274403
 20
1.3945098039215682
 10
1.3914104162292993
 20
1.3546666666666665
 10
1.3868101761252445
 20
1.3510604519259732
  0
LWPOLYLINE
  5
12B
330
17
100
AcDbEntity
  8
CONDUCTIVE_METASURFACE
100
AcDbPolyline
 90
7
 70
1
 10
4.29463796477495
 20
1.351159965104023
 10
4.290227204026968
 20
1.3546666666666665
 10
4.280600560372671
 20
1.3945098039215682
 10
4.29463796477495
 20
1.4280422343988217
 10
4.323220893064295
 20
1.3945098039215682
 10
4.300117011804925
 20
1.3546666666666665
 10
4.29463796477495
 20
1.351159965104023
  0
LWPOLYLINE
  5
12C
330
17
100
AcDbEntity
  8
CONDUCTIVE_METASURFACE
100
AcDbPolyline
 90
7
 70
1
 10
7.112994129158512
 20
1.3510604519259732
 10
7.107310617632297
 20
1.3546666666666665
 10
7.08342877358897
 20
1.3945098039215682
 10
7.112994129158512
 20
1.4293753395909283
 10
7.127682898307671
 20
1.3945098039215682
 10
7.117594369262568
 20
1.3546666666666665
 10
7.112994129158512
 20
1.3510604519259732
  0
LWPOLYLINE
  5
12D
330
17
100
AcDbEntity
  8
CONDUCTIVE_METASURFACE
100
AcDbPolyline
 90
7
 70
1
 10
10.020821917808219
 20
1.351159965104023
 10
10.016411157060237
 20
1.3546666666666665
 10
10.00678451340594
 20
1.3945098039215682
 10
10.020821917808219
 20
1.4280422343988217
 10
10.049404846097561
 20
1.3945098039215682
 10
10.026300964838194
 20
1.3546666666666665
 10
10.020821917808219
 20
1.351159965104023
  0
LWPOLYLINE
  5
12E
330
17
100
AcDbEntity
  8
CONDUCTIVE_METASURFACE
100
AcDbPolyline
 90
7
 70
1
 10
12.839178082191781
 20
1.3510604519259732
 10
12.833494570665566
 20
1.3546666666666665
 10
12.80961272662224
 20
1.3945098039215682
 10
12.839178082191781
 20
1.4293753395909283
 10
12.853866851340939
 20
1.3945098039215682
 10
12.843778322295835
 20
1.3546666666666665
 10
12.839178082191781
 20
1.3510604519259732
  0
LWPOLYLINE
  5
12F
330
17
100
AcDbEntity
  8
CONDUCTIVE_METASURFACE
100
AcDbPolyline
 90
7
 70
1
 10
15.747005870841486
 20
1.351159965104023
 10
15.742595110093504
 20
1.3546666666666665
 10
15.732968466439207
 20
1.3945098039215682
 10
15.747005870841486
 20
1.4280422343988217
 10
15.775588799130832
 20
1.3945098039215682
 10
15.752484917871461
 20
1.3546666666666665
 10
15.747005870841486
 20
1.351159965104023
  0
LWPOLYLINE
  5
130
330
17
100
AcDbEntity
  8
CONDUCTIVE_METASURFACE
100
AcDbPolyline
 90
7
 70
1
 10
18.56536203522505
 20
1.3510604519259732
 10
18.559678523698835
 20
1.3546666666666665
 10
18.535796679655505
 20
1.3945098039215682
 10
18.56536203522505
 20
1.4293753395909283
 10
18.580050804374206
 20
1.3945098039215682
 10
18.569962275329104
 20
1.3546666666666665
 10
18.56536203522505
 20
1.3510604519259732
  0
LWPOLYLINE
  5
131
330
17
100
AcDbEntity
  8
CONDUCTIVE_METASURFACE
100
AcDbPolyline
 90
7
 70
1
 10
21.473189823874755
 20
1.351159965104023
 10
21.46877906312677
 20
1.3546666666666665
 10
21.459152419472474
 20
1.3945098039215682
 10
21.473189823874755
 20
1.4280422343988217
 10
21.5017727521641
 20
1.3945098039215682
 10
21.47866887090473
 20
1.3546666666666665
 10
21.473189823874755
 20
1.351159965104023
  0
LWPOLYLINE
  5
132
330
17
100
AcDbEntity
  8
CONDUCTIVE_METASURFACE
100
AcDbPolyline
 90
7
 70
1
 10
1.5657534246575342
 20
1.2096802507489044
 10
1.5210176125244617
 20
1.2302573113645592
 10
1.5170801961824436
 20
1.235137254901961
 10
1.5210176125244617
 20
1.2390657193812338
 10
1.5657534246575342
 20
1.2476394496677266
 10
1.6034034970759763
 20
1.235137254901961
 10
1.5657534246575342
 20
1.2096802507489044
  0
LWPOLYLINE
  5
133
330
17
100
AcDbEntity
  8
CONDUCTIVE_METASURFACE
100
AcDbPolyline
 90
7
 70
1
 10
4.160430528375733
 20
1.2300753297176452
 10
4.115694716242661
 20
1.2088053242809367
 10
4.076547690693988
 20
1.235137254901961
 10
4.115694716242661
 20
1.248219502104462
 10
4.160430528375733
 20
1.239234344400065
 10
4.164479584033475
 20
1.235137254901961
 10
4.160430528375733
 20
1.2300753297176452
  0
LWPOLYLINE
  5
134
330
17
100
AcDbEntity
  8
CONDUCTIVE_METASURFACE
100
AcDbPolyline
 90
7
 70
1
 10
7.291937377690802
 20
1.2096802507489044
 10
7.247201565557729
 20
1.2302573113645592
 10
7.243264149215713
 20
1.235137254901961
 10
7.247201565557729
 20
1.2390657193812338
 10
7.291937377690802
 20
1.2476394496677266
 10
7.329587450109244
 20
1.235137254901961
 10
7.291937377690802
 20
1.2096802507489044
  0
LWPOLYLINE
  5
135
330
17
100
AcDbEntity
  8
CONDUCTIVE_METASURFACE
100
AcDbPolyline
 90
7
 70
1
 10
9.886614481409001
 20
1.2300753297176452
 10
9.841878669275928
 20
1.2088053242809367
 10
9.802731643727256
 20
1.235137254901961
 10
9.841878669275928
 20
1.248219502104462
 10
9.886614481409001
 20
1.239234344400065
 10
9.890663537066743
 20
1.235137254901961
 10
9.886614481409001
 20
1.2300753297176452
  0
LWPOLYLINE
  5
136
330
17
100
AcDbEntity
  8
CONDUCTIVE_METASURFACE
100
AcDbPolyline
 90
7
 70
1
 10
13.018121330724071
 20
1.2096802507489044
 10
12.973385518590996
 20
1.2302573113645592
 10
12.969448102248979
 20
1.235137254901961
 10
12.973385518590996
 20
1.2390657193812338
 10
13.018121330724071
 20
1.2476394496677266
 10
13.055771403142511
 20
1.235137254901961
 10
13.018121330724071
 20
1.2096802507489044
  0
LWPOLYLINE
  5
137
330
17
100
AcDbEntity
  8
CONDUCTIVE_METASURFACE
100
AcDbPolyline
 90
7
 70
1
 10
15.61279843444227
 20
1.2300753297176452
 10
15.568062622309196
 20
1.2088053242809367
 10
15.528915596760523
 20
1.235137254901961
 10
15.568062622309196
 20
1.248219502104462
 10
15.61279843444227
 20
1.239234344400065
 10
15.616847490100012
 20
1.235137254901961
 10
15.61279843444227
 20
1.2300753297176452
  0
LWPOLYLINE
  5
138
330
17
100
AcDbEntity
  8
CONDUCTIVE_METASURFACE
100
AcDbPolyline
 90
7
 70
1
 10
18.74430528375734
 20
1.2096802507489044
 10
18.699569471624265
 20
1.2302573113645592
 10
18.695632055282246
 20
1.235137254901961
 10
18.699569471624265
 20
1.2390657193812338
 10
18.74430528375734
 20
1.2476394496677266
 10
18.781955356175782
 20
1.235137254901961
 10
18.74430528375734
 20
1.2096802507489044
  0
LWPOLYLINE
  5
139
330
17
100
AcDbEntity
  8
CONDUCTIVE_METASURFACE
100
AcDbPolyline
 90
7
 70
1
 10
21.33898238747554
 20
1.2300753297176452
 10
21.294246575342463
 20
1.2088053242809367
 10
21.255099549793794
 20
1.235137254901961
 10
21.294246575342463
 20
1.248219502104462
 10
21.33898238747554
 20
1.239234344400065
 10
21.34303144313328
 20
1.235137254901961
 10
21.33898238747554
 20
1.2300753297176452
  0
LWPOLYLINE
  5
13A
330
17
100
AcDbEntity
  8
CONDUCTIVE_METASURFACE
100
AcDbPolyline
 90
5
 70
1
 10
1.3420743639921722
 20
1.1575611047328793
 10
1.3001914096327685
 20
1.195294117647059
 10
1.3420743639921722
 20
1.2187579521731706
 10
1.3686504562188435
 20
1.195294117647059
 10
1.3420743639921722
 20
1.1575611047328793
  0
LWPOLYLINE
  5
13B
330
17
100
AcDbEntity
  8
CONDUCTIVE_METASURFACE
100
AcDbPolyline
 90
5
 70
1
 10
4.339373776908023
 20
1.1579918347290639
 10
4.313028649700768
 20
1.195294117647059
 10
4.339373776908023
 20
1.2189635597527497
 10
4.3817402733672655
 20
1.195294117647059
 10
4.339373776908023
 20
1.1579918347290639
  0
LWPOLYLINE
  5
13C
330
17
100
AcDbEntity
  8
CONDUCTIVE_METASURFACE
100
AcDbPolyline
 90
5
 70
1
 10
7.06825831702544
 20
1.1575611047328793
 10
7.026375362666036
 20
1.195294117647059
 10
7.06825831702544
 20
1.2187579521731706
 10
7.094834409252112
 20
1.195294117647059
 10
7.06825831702544
 20
1.1575611047328793
  0
LWPOLYLINE
  5
13D
330
17
100
AcDbEntity
  8
CONDUCTIVE_METASURFACE
100
AcDbPolyline
 90
5
 70
1
 10
10.065557729941291
 20
1.1579918347290639
 10
10.039212602734036
 20
1.195294117647059
 10
10.065557729941291
 20
1.2189635597527497
 10
10.107924226400533
 20
1.195294117647059
 10
10.065557729941291
 20
1.1579918347290639
  0
LWPOLYLINE
  5
13E
330
17
100
AcDbEntity
  8
CONDUCTIVE_METASURFACE
100
AcDbPolyline
 90
5
 70
1
 10
12.794442270058708
 20
1.1575611047328793
 10
12.752559315699306
 20
1.195294117647059
 10
12.794442270058708
 20
1.2187579521731706
 10
12.821018362285377
 20
1.195294117647059
 10
12.794442270058708
 20
1.1575611047328793
  0
LWPOLYLINE
  5
13F
330
17
100
AcDbEntity
  8
CONDUCTIVE_METASURFACE
100
AcDbPolyline
 90
5
 70
1
 10
15.79174168297456
 20
1.1579918347290639
 10
15.765396555767305
 20
1.195294117647059
 10
15.79174168297456
 20
1.2189635597527497
 10
15.8341081794338
 20
1.195294117647059
 10
15.79174168297456
 20
1.1579918347290639
  0
LWPOLYLINE
  5
140
330
17
100
AcDbEntity
  8
CONDUCTIVE_METASURFACE
100
AcDbPolyline
 90
5
 70
1
 10
18.520626223091973
 20
1.1575611047328793
 10
18.478743268732575
 20
1.195294117647059
 10
18.520626223091973
 20
1.2187579521731706
 10
18.547202315318646
 20
1.195294117647059
 10
18.520626223091973
 20
1.1575611047328793
  0
LWPOLYLINE
  5
141
330
17
100
AcDbEntity
  8
CONDUCTIVE_METASURFACE
100
AcDbPolyline
 90
5
 70
1
 10
21.517925636007828
 20
1.1579918347290639
 10
21.49158050880057
 20
1.195294117647059
 10
21.517925636007828
 20
1.2189635597527497
 10
21.56029213246707
 20
1.195294117647059
 10
21.517925636007828
 20
1.1579918347290639
  0
LWPOLYLINE
  5
142
330
17
100
AcDbEntity
  8
CONDUCTIVE_METASURFACE
100
AcDbPolyline
 90
5
 70
1
 10
0.0532374852850732
 20
1.1156078431372554
 10
0.0447358121330724
 20
1.1209554809308353
 10
0.033555306801870806
 20
1.1156078431372554
 10
0.0447358121330724
 20
1.0855603961165203
 10
0.0532374852850732
 20
1.1156078431372554
  0
LWPOLYLINE
  5
143
330
17
100
AcDbEntity
  8
CONDUCTIVE_METASURFACE
100
AcDbPolyline
 90
5
 70
1
 10
5.647658683841949
 20
1.1156078431372554
 10
5.636712328767123
 20
1.1208321274329502
 10
5.628434515969102
 20
1.1156078431372554
 10
5.636712328767123
 20
1.0859417189639942
 10
5.647658683841949
 20
1.1156078431372554
  0
LWPOLYLINE
  5
144
330
17
100
AcDbEntity
  8
CONDUCTIVE_METASURFACE
100
AcDbPolyline
 90
5
 70
1
 10
5.779421438318342
 20
1.1156078431372554
 10
5.77091976516634
 20
1.1209554809308353
 10
5.759739259835139
 20
1.1156078431372554
 10
5.77091976516634
 20
1.0855603961165203
 10
5.779421438318342
 20
1.1156078431372554
  0
LWPOLYLINE
  5
145
330
17
100
AcDbEntity
  8
CONDUCTIVE_METASURFACE
100
AcDbPolyline
 90
5
 70
1
 10
11.373842636875217
 20
1.1156078431372554
 10
11.36289628180039
 20
1.1208321274329502
 10
11.35461846900237
 20
1.1156078431372554
 10
11.36289628180039
 20
1.0859417189639942
 10
11.373842636875217
 20
1.1156078431372554
  0
LWPOLYLINE
  5
146
330
17
100
AcDbEntity
  8
CONDUCTIVE_METASURFACE
100
AcDbPolyline
 90
5
 70
1
 10
11.50560539135161
 20
1.1156078431372554
 10
11.49710371819961
 20
1.1209554809308353
 10
11.485923212868407
 20
1.1156078431372554
 10
11.49710371819961
 20
1.0855603961165203
 10
11.50560539135161
 20
1.1156078431372554
  0
LWPOLYLINE
  5
147
330
17
100
AcDbEntity
  8
CONDUCTIVE_METASURFACE
100
AcDbPolyline
 90
5
 70
1
 10
17.100026589908484
 20
1.1156078431372554
 10
17.08908023483366
 20
1.1208321274329502
 10
17.080802422035635
 20
1.1156078431372554
 10
17.08908023483366
 20
1.0859417189639942
 10
17.100026589908484
 20
1.1156078431372554
  0
LWPOLYLINE
  5
148
330
17
100
AcDbEntity
  8
CONDUCTIVE_METASURFACE
100
AcDbPolyline
 90
5
 70
1
 10
17.23178934438488
 20
1.1156078431372554
 10
17.223287671232878
 20
1.1209554809308353
 10
17.212107165901674
 20
1.1156078431372554
 10
17.223287671232878
 20
1.0855603961165203
 10
17.23178934438488
 20
1.1156078431372554
  0
LWPOLYLINE
  5
149
330
17
100
AcDbEntity
  8
CONDUCTIVE_METASURFACE
100
AcDbPolyline
 90
5
 70
1
 10
22.82621054294175
 20
1.1156078431372554
 10
22.815264187866926
 20
1.1208321274329502
 10
22.806986375068906
 20
1.1156078431372554
 10
22.815264187866926
 20
1.0859417189639942
 10
22.82621054294175
 20
1.1156078431372554
  0
LWPOLYLINE
  5
14A
330
17
100
AcDbEntity
  8
CONDUCTIVE_METASURFACE
100
AcDbPolyline
 90
13
 70
1
 10
0.5896138300834514
 20
0.4781176470588241
 10
0.6263013698630137
 20
0.49639238839618766
 10
0.63408754963718
 20
0.5179607843137259
 10
0.6263013698630137
 20
0.5371939787491652
 10
0.6031999646527527
 20
0.5578039215686277
 10
0.5815655577299412
 20
0.5647845235622655
 10
0.5570663736074989
 20
0.5578039215686277
 10
0.5368297455968688
 20
0.52532444571957
 10
0.5348312413904722
 20
0.5179607843137259
 10
0.5368297455968688
 20
0.5070561787179361
 10
0.5694196345124146
 20
0.4781176470588241
 10
0.5815655577299412
 20
0.47635812397317623
 10
0.5896138300834514
 20
0.4781176470588241
  0
LWPOLYLINE
  5
14B
330
17
100
AcDbEntity
  8
CONDUCTIVE_METASURFACE
100
AcDbPolyline
 90
13
 70
1
 10
5.1121263667760894
 20
0.4781176470588241
 10
5.144618395303326
 20
0.5071432368673533
 10
5.14659398448816
 20
0.5179607843137259
 10
5.144618395303326
 20
0.5251288243972044
 10
5.124099527950659
 20
0.5578039215686277
 10
5.099882583170254
 20
0.5647385341545187
 10
5.078287641753965
 20
0.5578039215686277
 10
5.055146771037181
 20
0.5372290198804844
 10
5.047308969966727
 20
0.5179607843137259
 10
5.055146771037181
 20
0.4961410436350698
 10
5.091614599050224
 20
0.4781176470588241
 10
5.099882583170254
 20
0.47633769286894284
 10
5.1121263667760894
 20
0.4781176470588241
  0
LWPOLYLINE
  5
14C
330
17
100
AcDbEntity
  8
CONDUCTIVE_METASURFACE
100
AcDbPolyline
 90
13
 70
1
 10
6.31579778311672
 20
0.4781176470588241
 10
6.352485322896281
 20
0.49639238839618766
 10
6.3602715026704475
 20
0.5179607843137259
 10
6.352485322896281
 20
0.5371939787491652
 10
6.3293839176860205
 20
0.5578039215686277
 10
6.307749510763209
 20
0.5647845235622655
 10
6.283250326640767
 20
0.5578039215686277
 10
6.263013698630137
 20
0.52532444571957
 10
6.261015194423741
 20
0.5179607843137259
 10
6.263013698630137
 20
0.5070561787179361
 10
6.295603587545684
 20
0.4781176470588241
 10
6.307749510763209
 20
0.47635812397317623
 10
6.31579778311672
 20
0.4781176470588241
  0
LWPOLYLINE
  5
14D
330
17
100
AcDbEntity
  8
CONDUCTIVE_METASURFACE
100
AcDbPolyline
 90
13
 70
1
 10
10.838310319809358
 20
0.4781176470588241
 10
10.870802348336595
 20
0.5071432368673533
 10
10.872777937521429
 20
0.5179607843137259
 10
10.870802348336595
 20
0.5251288243972044
 10
10.850283480983927
 20
0.5578039215686277
 10
10.826066536203522
 20
0.5647385341545187
 10
10.804471594787232
 20
0.5578039215686277
 10
10.781330724070449
 20
0.5372290198804844
 10
10.773492922999994
 20
0.5179607843137259
 10
10.781330724070449
 20
0.4961410436350698
 10
10.817798552083492
 20
0.4781176470588241
 10
10.826066536203522
 20
0.47633769286894284
 10
10.838310319809358
 20
0.4781176470588241
  0
LWPOLYLINE
  5
14E
330
17
100
AcDbEntity
  8
CONDUCTIVE_METASURFACE
100
AcDbPolyline
 90
13
 70
1
 10
12.041981736149989
 20
0.4781176470588241
 10
12.078669275929549
 20
0.49639238839618766
 10
12.086455455703716
 20
0.5179607843137259
 10
12.078669275929549
 20
0.5371939787491652
 10
12.05556787071929
 20
0.5578039215686277
 10
12.033933463796478
 20
0.5647845235622655
 10
12.009434279674034
 20
0.5578039215686277
 10
11.989197651663405
 20
0.52532444571957
 10
11.987199147457009
 20
0.5179607843137259
 10
11.989197651663405
 20
0.5070561787179361
 10
12.02178754057895
 20
0.4781176470588241
 10
12.033933463796478
 20
0.47635812397317623
 10
12.041981736149989
 20
0.4781176470588241
  0
LWPOLYLINE
  5
14F
330
17
100
AcDbEntity
  8
CONDUCTIVE_METASURFACE
100
AcDbPolyline
 90
13
 70
1
 10
16.564494272842623
 20
0.4781176470588241
 10
16.596986301369864
 20
0.5071432368673533
 10
16.598961890554698
 20
0.5179607843137259
 10
16.596986301369864
 20
0.5251288243972044
 10
16.576467434017193
 20
0.5578039215686277
 10
16.55225048923679
 20
0.5647385341545187
 10
16.530655547820498
 20
0.5578039215686277
 10
16.507514677103718
 20
0.5372290198804844
 10
16.499676876033263
 20
0.5179607843137259
 10
16.507514677103718
 20
0.4961410436350698
 10
16.543982505116762
 20
0.4781176470588241
 10
16.55225048923679
 20
0.47633769286894284
 10
16.564494272842623
 20
0.4781176470588241
  0
LWPOLYLINE
  5
150
330
17
100
AcDbEntity
  8
CONDUCTIVE_METASURFACE
100
AcDbPolyline
 90
13
 70
1
 10
17.768165689183256
 20
0.4781176470588241
 10
17.804853228962816
 20
0.49639238839618766
 10
17.812639408736985
 20
0.5179607843137259
 10
17.804853228962816
 20
0.5371939787491652
 10
17.781751823752558
 20
0.5578039215686277
 10
17.760117416829747
 20
0.5647845235622655
 10
17.735618232707303
 20
0.5578039215686277
 10
17.71538160469667
 20
0.52532444571957
 10
17.713383100490276
 20
0.5179607843137259
 10
17.71538160469667
 20
0.5070561787179361
 10
17.74797149361222
 20
0.4781176470588241
 10
17.760117416829747
 20
0.47635812397317623
 10
17.768165689183256
 20
0.4781176470588241
  0
LWPOLYLINE
  5
151
330
17
100
AcDbEntity
  8
CONDUCTIVE_METASURFACE
100
AcDbPolyline
 90
13
 70
1
 10
22.290678225875894
 20
0.4781176470588241
 10
22.32317025440313
 20
0.5071432368673533
 10
22.325145843587965
 20
0.5179607843137259
 10
22.32317025440313
 20
0.5251288243972044
 10
22.302651387050464
 20
0.5578039215686277
 10
22.278434442270058
 20
0.5647385341545187
 10
22.25683950085377
 20
0.5578039215686277
 10
22.233698630136985
 20
0.5372290198804844
 10
22.22586082906653
 20
0.5179607843137259
 10
22.233698630136985
 20
0.4961410436350698
 10
22.27016645815003
 20
0.4781176470588241
 10
22.278434442270058
 20
0.47633769286894284
 10
22.290678225875894
 20
0.4781176470588241
  0
LWPOLYLINE
  5
152
330
17
100
AcDbEntity
  8
CONDUCTIVE_METASURFACE
100
AcDbPolyline
 90
5
 70
1
 10
1.2584685269408813
 20
0.03984313725490182
 10
1.2526027397260273
 20
0.04721558784839377
 10
1.2192937548787417
 20
0.03984313725490182
 10
1.2526027397260273
 20
0.03009401532708341
 10
1.2584685269408813
 20
0.03984313725490182
  0
LWPOLYLINE
  5
153
330
17
100
AcDbEntity
  8
CONDUCTIVE_METASURFACE
100
AcDbPolyline
 90
5
 70
1
 10
4.462582664087465
 20
0.03984313725490182
 10
4.428845401174168
 20
0.04741501218290888
 10
4.422841078392843
 20
0.03984313725490182
 10
4.428845401174168
 20
0.02988541819500658
 10
4.462582664087465
 20
0.03984313725490182
  0
LWPOLYLINE
  5
154
330
17
100
AcDbEntity
  8
CONDUCTIVE_METASURFACE
100
AcDbPolyline
 90
5
 70
1
 10
6.98465247997415
 20
0.03984313725490182
 10
6.978786692759295
 20
0.04721558784839377
 10
6.945477707912009
 20
0.03984313725490182
 10
6.978786692759295
 20
0.03009401532708341
 10
6.98465247997415
 20
0.03984313725490182
  0
LWPOLYLINE
  5
155
330
17
100
AcDbEntity
  8
CONDUCTIVE_METASURFACE
100
AcDbPolyline
 90
5
 70
1
 10
10.188766617120733
 20
0.03984313725490182
 10
10.155029354207436
 20
0.04741501218290888
 10
10.14902503142611
 20
0.03984313725490182
 10
10.155029354207436
 20
0.02988541819500658
 10
10.188766617120733
 20
0.03984313725490182
  0
LWPOLYLINE
  5
156
330
17
100
AcDbEntity
  8
CONDUCTIVE_METASURFACE
100
AcDbPolyline
 90
5
 70
1
 10
12.710836433007417
 20
0.03984313725490182
 10
12.704970645792562
 20
0.04721558784839377
 10
12.67166166094528
 20
0.03984313725490182
 10
12.704970645792562
 20
0.03009401532708341
 10
12.710836433007417
 20
0.03984313725490182
  0
LWPOLYLINE
  5
157
330
17
100
AcDbEntity
  8
CONDUCTIVE_METASURFACE
100
AcDbPolyline
 90
5
 70
1
 10
15.914950570154001
 20
0.03984313725490182
 10
15.881213307240705
 20
0.04741501218290888
 10
15.87520898445938
 20
0.03984313725490182
 10
15.881213307240705
 20
0.02988541819500658
 10
15.914950570154001
 20
0.03984313725490182
  0
LWPOLYLINE
  5
158
330
17
100
AcDbEntity
  8
CONDUCTIVE_METASURFACE
100
AcDbPolyline
 90
5
 70
1
 10
18.437020386040686
 20
0.03984313725490182
 10
18.43115459882583
 20
0.04721558784839377
 10
18.397845613978546
 20
0.03984313725490182
 10
18.43115459882583
 20
0.03009401532708341
 10
18.437020386040686
 20
0.03984313725490182
  0
LWPOLYLINE
  5
159
330
17
100
AcDbEntity
  8
CONDUCTIVE_METASURFACE
100
AcDbPolyline
 90
5
 70
1
 10
21.641134523187272
 20
0.03984313725490182
 10
21.607397260273974
 20
0.04741501218290888
 10
21.601392937492648
 20
0.03984313725490182
 10
21.607397260273974
 20
0.02988541819500658
 10
21.641134523187272
 20
0.03984313725490182
  0
ENDSEC
  0
SECTION
  2
OBJECTS
  0
DICTIONARY
  5
A
330
0
100
AcDbDictionary
281
1
  3
ACAD_COLOR
350
B
  3
ACAD_GROUP
350
C
  3
ACAD_LAYOUT
350
D
  3
ACAD_MATERIAL
350
E
  3
ACAD_MLEADERSTYLE
350
F
  3
ACAD_MLINESTYLE
350
10
  3
ACAD_PLOTSETTINGS
350
11
  3
ACAD_PLOTSTYLENAME
350
12
  3
ACAD_SCALELIST
350
14
  3
ACAD_TABLESTYLE
350
15
  3
ACAD_VISUALSTYLE
350
16
  3
EZDXF_META
350
2D
  0
DICTIONARY
  5
B
330
A
100
AcDbDictionary
281
1
  0
DICTIONARY
  5
C
330
A
100
AcDbDictionary
281
1
  0
DICTIONARY
  5
D
330
A
100
AcDbDictionary
281
1
  3
Model
350
1A
  3
Layout1
350
1E
  0
DICTIONARY
  5
E
330
A
100
AcDbDictionary
281
1
  3
ByBlock
350
1F
  3
ByLayer
350
20
  3
Global
350
21
  0
DICTIONARY
  5
F
330
A
100
AcDbDictionary
281
1
  3
Standard
350
2C
  0
DICTIONARY
  5
10
330
A
100
AcDbDictionary
281
1
  3
Standard
350
22
  0
DICTIONARY
  5
11
330
A
100
AcDbDictionary
281
1
  0
ACDBDICTIONARYWDFLT
  5
12
330
A
100
AcDbDictionary
281
1
  3
Normal
350
13
100
AcDbDictionaryWithDefault
340
13
  0
ACDBPLACEHOLDER
  5
13
330
12
  0
DICTIONARY
  5
14
330
A
100
AcDbDictionary
281
1
  0
DICTIONARY
  5
15
330
A
100
AcDbDictionary
281
1
  0
DICTIONARY
  5
16
330
A
100
AcDbDictionary
281
1
  0
LAYOUT
  5
1A
330
D
100
AcDbPlotSettings
  1

  4
A3
  6

 40
7.5
 41
20.0
 42
7.5
 43
20.0
 44
420.0
 45
297.0
 46
0.0
 47
0.0
 48
0.0
 49
0.0
140
0.0
141
0.0
142
1.0
143
1.0
 70
1024
 72
1
 73
0
 74
5
  7

 75
16
 76
0
 77
2
 78
300
147
1.0
148
0.0
149
0.0
100
AcDbLayout
  1
Model
 70
1
 71
0
 10
0.0
 20
0.0
 11
420.0
 21
297.0
 12
0.0
 22
0.0
 32
0.0
 14
1e+20
 24
1e+20
 34
1e+20
 15
-1e+20
 25
-1e+20
 35
-1e+20
146
0.0
 13
0.0
 23
0.0
 33
0.0
 16
1.0
 26
0.0
 36
0.0
 17
0.0
 27
1.0
 37
0.0
 76
1
330
17
  0
LAYOUT
  5
1E
330
D
100
AcDbPlotSettings
  1

  4
A3
  6

 40
7.5
 41
20.0
 42
7.5
 43
20.0
 44
420.0
 45
297.0
 46
0.0
 47
0.0
 48
0.0
 49
0.0
140
0.0
141
0.0
142
1.0
143
1.0
 70
0
 72
1
 73
0
 74
5
  7

 75
16
 76
0
 77
2
 78
300
147
1.0
148
0.0
149
0.0
100
AcDbLayout
  1
Layout1
 70
1
 71
1
 10
0.0
 20
0.0
 11
420.0
 21
297.0
 12
0.0
 22
0.0
 32
0.0
 14
1e+20
 24
1e+20
 34
1e+20
 15
-1e+20
 25
-1e+20
 35
-1e+20
146
0.0
 13
0.0
 23
0.0
 33
0.0
 16
1.0
 26
0.0
 36
0.0
 17
0.0
 27
1.0
 37
0.0
 76
1
330
1B
  0
MATERIAL
  5
1F
102
{ACAD_REACTORS
330
E
102
}
330
E
100
AcDbMaterial
  1
ByBlock
  2

 70
0
 40
1.0
 71
1
 41
1.0
 91
-1023410177
 42
1.0
 72
1
  3

 73
1
 74
1
 75
1
 44
0.5
 73
0
 45
1.0
 46
1.0
 77
1
  4

 78
1
 79
1
170
1
 48
1.0
171
1
  6

172
1
173
1
174
1
140
1.0
141
1.0
175
1
  7

176
1
177
1
178
1
143
1.0
179
1
  8

270
1
271
1
272
1
145
1.0
146
1.0
273
1
  9

274
1
275
1
276
1
 42
1.0
 72
1
  3

 73
1
 74
1
 75
1
 94
63
  0
MATERIAL
  5
20
102
{ACAD_REACTORS
330
E
102
}
330
E
100
AcDbMaterial
  1
ByLayer
  2

 70
0
 40
1.0
 71
1
 41
1.0
 91
-1023410177
 42
1.0
 72
1
  3

 73
1
 74
1
 75
1
 44
0.5
 73
0
 45
1.0
 46
1.0
 77
1
  4

 78
1
 79
1
170
1
 48
1.0
171
1
  6

172
1
173
1
174
1
140
1.0
141
1.0
175
1
  7

176
1
177
1
178
1
143
1.0
179
1
  8

270
1
271
1
272
1
145
1.0
146
1.0
273
1
  9

274
1
275
1
276
1
 42
1.0
 72
1
  3

 73
1
 74
1
 75
1
 94
63
  0
MATERIAL
  5
21
102
{ACAD_REACTORS
330
E
102
}
330
E
100
AcDbMaterial
  1
Global
  2

 70
0
 40
1.0
 71
1
 41
1.0
 91
-1023410177
 42
1.0
 72
1
  3

 73
1
 74
1
 75
1
 44
0.5
 73
0
 45
1.0
 46
1.0
 77
1
  4

 78
1
 79
1
170
1
 48
1.0
171
1
  6

172
1
173
1
174
1
140
1.0
141
1.0
175
1
  7

176
1
177
1
178
1
143
1.0
179
1
  8

270
1
271
1
272
1
145
1.0
146
1.0
273
1
  9

274
1
275
1
276
1
 42
1.0
 72
1
  3

 73
1
 74
1
 75
1
 94
63
  0
MLINESTYLE
  5
22
102
{ACAD_REACTORS
330
10
102
}
330
10
100
AcDbMlineStyle
  2
Standard
 70
0
  3

 62
256
 51
90.0
 52
90.0
 71
2
 49
0.5
 62
256
  6
BYLAYER
 49
-0.5
 62
256
  6
BYLAYER
  0
MLEADERSTYLE
  5
2C
102
{ACAD_REACTORS
330
F
102
}
330
F
100
AcDbMLeaderStyle
179
2
170
2
171
1
172
0
 90
2
 40
0.0
 41
0.0
173
1
 91
-1056964608
 92
-2
290
1
 42
2.0
291
1
 43
8.0
  3
Standard
 44
4.0
300

342
29
174
1
175
1
176
0
178
1
 93
-1056964608
 45
4.0
292
0
297
0
 46
4.0
 94
-1056964608
 47
1.0
 49
1.0
140
1.0
294
1
141
0.0
177
0
142
1.0
295
0
296
0
143
3.75
271
0
272
9
273
9
  0
DICTIONARY
  5
2D
330
A
100
AcDbDictionary
280
1
281
1
  3
CREATED_BY_EZDXF
350
2E
  3
WRITTEN_BY_EZDXF
350
15C
  0
DICTIONARYVAR
  5
2E
330
2D
100
DictionaryVariables
280
0
  1
1.4.4 @ 2026-08-30T19:26:20.956821+00:00
  0
DICTIONARYVAR
  5
15C
330
2D
100
DictionaryVariables
280
0
  1
1.4.4 @ 2026-08-30T19:26:20.994164+00:00
  0
ENDSEC
  0
EOF
